.63f4fab46f006 4 0 0 0
4 0 32 0
5 0 4 0 93 0
4 0 91 8
.63f4facaa03f3 4 0 64 127
4 1 64 127
4 2 64 127
.63f4facae39fa 4 0 64 0
4 1 64 0
4 2 64 0
.63f4facaf539c 4 0 64 127
4 1 64 127
4 2 64 127
.63f4facc8f30c 4 0 88 96
2 0 48 19
.63f4facc90253 4 0 88 68
2 0 64 18
.63f4faccccf60 4 0 64 0
4 1 64 0
4 2 64 0
.63f4faccf30ab 4 0 64 127
4 1 64 127
4 2 64 127
.63f4facd4eee4 1 0 64 64
.63f4facd6d538 1 0 48 64
.63f4facee8a0c 4 0 88 54
2 0 64 42
.63f4faceea71b 4 0 88 126
2 0 48 41
.63f4faceff8e2 4 0 64 0
4 1 64 0
4 2 64 0
.63f4facf1cda3 4 0 64 127
4 1 64 127
4 2 64 127
.63f4facfa70c7 4 0 88 86
2 0 65 39
.63f4facfa9b94 4 0 88 19
2 0 50 35
.63f4facfb4f0b 1 0 64 64
.63f4facfb81dc 4 0 64 0
4 1 64 0
4 2 64 0
.63f4facfbaf7e 1 0 48 64
.63f4fad0073ba 4 0 64 127
4 1 64 127
4 2 64 127
.63f4fad03ff4c 1 0 50 64
.63f4fad14a3b3 1 0 65 64
.63f4fad1ec7d6 4 0 88 37
2 0 65 39
.63f4fad1f2ecf 4 0 88 54
2 0 50 42
.63f4fad213bd4 4 0 64 0
4 1 64 0
4 2 64 0
.63f4fad22263b 4 0 64 127
4 1 64 127
4 2 64 127
.63f4fad2b82da 4 0 88 20
2 0 67 26
.63f4fad2c036c 1 0 50 64
.63f4fad2c2d6f 1 0 65 64
.63f4fad2c73be 4 0 88 54
2 0 52 19
.63f4fad2cc4eb 4 0 64 0
4 1 64 0
4 2 64 0
.63f4fad309d95 4 0 64 127
4 1 64 127
4 2 64 127
.63f4fad359978 1 0 52 64
.63f4fad44e765 4 0 88 106
2 0 71 37
.63f4fad495946 1 0 67 64
.63f4fad516ae2 4 0 88 65
2 0 67 46
.63f4fad51de64 4 0 88 0
2 0 52 43
.63f4fad522620 1 0 71 64
.63f4fad5e03ad 4 0 88 126
2 0 69 41
.63f4fad5eb2b5 4 0 88 64
2 0 53 28
.63f4fad5eb896 1 0 52 64
.63f4fad5ef1bd 4 0 64 0
4 1 64 0
4 2 64 0
.63f4fad757b02 4 0 88 110
2 0 65 42
.63f4fad766c70 1 0 67 64
.63f4fad81bdd5 4 0 64 127
4 1 64 127
4 2 64 127
.63f4fad82db16 4 0 88 59
2 0 64 40
.63f4fad83e40f 1 0 65 64
.63f4fad8a0f5f 1 0 64 64
.63f4fad8d05cb 1 0 53 64
.63f4fad8d8d91 4 0 88 117
2 0 62 38
.63f4fad8e0269 1 0 69 64
.63f4fad8e3cac 4 0 88 105
2 0 55 30
.63f4fad8ebecc 4 0 64 0
4 1 64 0
4 2 64 0
.63f4fad9b9812 4 0 88 111
2 0 60 40
.63f4fad9cf7a6 1 0 62 64
.63f4fada63123 4 0 88 55
2 0 59 30
.63f4fada70c71 1 0 60 64
.63f4fadad8299 4 0 64 127
4 1 64 127
4 2 64 127
.63f4fadb1d55f 4 0 88 91
2 0 67 41
.63f4fadb2d3ab 1 0 59 64
.63f4fadbef730 4 0 88 84
2 0 64 30
.63f4fadbf942f 4 0 88 105
2 0 57 30
.63f4fadc028fd 1 0 67 64
.63f4fadc05ea6 4 0 64 0
4 1 64 0
4 2 64 0
.63f4fadc35440 1 0 55 64
.63f4fadd8edb6 4 0 88 82
2 0 48 27
.63f4faddcf099 4 0 64 127
4 1 64 127
4 2 64 127
.63f4faddfc3fe 1 0 64 64
.63f4fade6e371 4 0 88 59
2 0 64 67
.63f4fadeff6f4 1 0 48 64
.63f4fadf1dec0 4 0 88 74
2 0 65 61
.63f4fadf20bda 4 0 88 93
2 0 50 32
.63f4fadf28dff 1 0 64 64
.63f4fadf3195e 4 0 64 0
4 1 64 0
4 2 64 0
.63f4fae000986 4 0 88 74
2 0 60 59
.63f4fae0a8cc6 4 0 88 24
2 0 59 66
.63f4fae0af255 1 0 57 64
.63f4fae0b8b35 1 0 60 64
.63f4fae0eef7c 4 0 64 127
4 1 64 127
4 2 64 127
.63f4fae14a990 4 0 88 72
2 0 57 73
.63f4fae14f1d2 1 0 59 64
.63f4fae2029b6 4 0 88 22
2 0 43 36
.63f4fae203883 4 0 88 49
2 0 59 44
.63f4fae207296 1 0 57 64
.63f4fae2082f1 4 0 64 0
4 1 64 0
4 2 64 0
.63f4fae26e67a 1 0 65 64
.63f4fae26ebd8 4 0 64 127
4 1 64 127
4 2 64 127
.63f4fae2ae9c4 1 0 59 64
.63f4fae2cc31e 4 0 88 96
2 0 69 68
.63f4fae3773a3 4 0 88 10
2 0 67 64
.63f4fae3990e4 1 0 69 64
.63f4fae422ef9 4 0 88 24
2 0 65 80
.63f4fae429057 4 0 88 24
2 0 62 66
.63f4fae42f13a 4 0 64 0
4 1 64 0
4 2 64 0
.63f4fae42fbf7 1 0 67 64
.63f4fae44a2be 1 0 43 64
.63f4fae45b0b5 4 0 64 127
4 1 64 127
4 2 64 127
.63f4fae4e1ce9 4 0 64 0
4 1 64 0
4 2 64 0
.63f4fae4e4007 1 0 65 64
.63f4fae4e507d 4 0 88 11
2 0 64 34
.63f4fae4e7acb 4 0 88 8
2 0 48 26
.63f4fae4f5586 1 0 50 64
.63f4fae577445 4 0 64 127
4 1 64 127
4 2 64 127
.63f4fae585e3c 4 0 64 0
4 1 64 0
4 2 64 0
.63f4fae59fa52 4 0 88 4
2 0 55 29
.63f4fae5cf2b8 4 0 64 127
4 1 64 127
4 2 64 127
.63f4fae5cffab 1 0 62 64
.63f4fae668fc6 4 0 88 90
2 0 60 44
.63f4fae66a67f 4 0 64 0
4 1 64 0
4 2 64 0
.63f4fae6dfa3a 4 0 64 127
4 1 64 127
4 2 64 127
.63f4fae704c2e 1 0 55 64
.63f4fae72a0a9 4 0 88 79
2 0 58 59
.63f4fae72bd7b 4 0 88 119
2 0 55 39
.63f4fae72e9ce 1 0 60 64
.63f4fae7378f7 4 0 64 0
4 1 64 0
4 2 64 0
.63f4fae780d0e 4 0 64 127
4 1 64 127
4 2 64 127
.63f4fae793988 1 0 48 64
.63f4fae7dba28 4 0 64 0
4 1 64 0
4 2 64 0
.63f4fae7dbee8 4 0 88 43
2 0 57 46
.63f4fae7e7d6d 1 0 64 64
.63f4fae7f9d70 1 0 58 64
.63f4fae8a7145 4 0 88 65
2 0 41 45
.63f4fae8c4881 1 0 55 64
.63f4fae8d7a4b 4 0 64 127
4 1 64 127
4 2 64 127
.63f4fae971ffb 4 0 88 116
2 0 48 54
.63f4fae98475e 4 0 64 0
4 1 64 0
4 2 64 0
.63f4faea4295d 4 0 88 15
2 0 50 73
.63f4faea513e9 1 0 48 64
.63f4faea6bf92 4 0 64 127
4 1 64 127
4 2 64 127
.63f4faea874cb 1 0 41 64
.63f4faeae67ed 1 0 50 64
.63f4faeafaec2 4 0 88 41
2 0 43 51
.63f4faeafb903 4 0 88 95
2 0 52 75
.63f4faeb0a330 4 0 64 0
4 1 64 0
4 2 64 0
.63f4faebc0916 4 0 88 22
2 0 53 58
.63f4faebcc414 1 0 52 64
.63f4faec1da2b 4 0 64 127
4 1 64 127
4 2 64 127
.63f4faec8bd47 4 0 88 0
2 0 50 41
.63f4faec90c20 4 0 88 36
2 0 59 20
.63f4faec99ed4 1 0 57 64
.63f4faec9b8f9 4 0 64 0
4 1 64 0
4 2 64 0
.63f4faeca78fd 1 0 53 64
.63f4faed5e956 4 0 88 28
2 0 60 59
.63f4faed63b7b 4 0 88 43
2 0 52 21
.63f4faed6f12d 1 0 59 64
.63f4faed7b11d 1 0 50 64
.63f4faee0e5dd 4 0 88 72
2 0 48 41
.63f4faee0fedd 4 0 88 73
2 0 57 56
.63f4faee1d07a 1 0 52 64
.63f4faee22e89 1 0 60 64
.63f4faee5320a 4 0 64 127
4 1 64 127
4 2 64 127
.63f4faeebcc79 4 0 88 47
2 0 60 71
.63f4faeec202c 4 0 88 77
2 0 52 43
.63f4faeeca505 1 0 57 64
.63f4faeecaa08 1 0 48 64
.63f4faeed1192 4 0 64 0
4 1 64 0
4 2 64 0
.63f4faeee88f2 4 0 64 127
4 1 64 127
4 2 64 127
.63f4faef1c62a 1 0 52 64
.63f4faef1e257 1 0 43 64
.63f4faef7c449 4 0 88 107
2 0 50 57
.63f4faef7d874 4 0 88 50
2 0 59 54
.63f4faef80ec5 4 0 88 121
2 0 43 59
.63f4faef8caa9 4 0 64 0
4 1 64 0
4 2 64 0
.63f4faef8d45e 1 0 60 64
.63f4faf051ea3 4 0 88 85
2 0 48 53
.63f4faf056e49 4 0 88 111
2 0 57 74
.63f4faf05eb03 1 0 50 64
.63f4faf06e571 1 0 59 64
.63f4faf08b8f3 4 0 64 127
4 1 64 127
4 2 64 127
.63f4faf0c285b 1 0 48 64
.63f4faf15f41b 4 0 88 89
2 0 47 36
.63f4faf1600f8 4 0 88 33
2 0 31 48
.63f4faf161670 4 0 64 0
4 1 64 0
4 2 64 0
.63f4faf25e95d 4 0 88 6
2 0 50 35
.63f4faf2bc98f 1 0 57 64
.63f4faf31d975 1 0 43 64
.63f4faf331844 4 0 88 56
2 0 55 48
.63f4faf3f1bd1 4 0 88 87
2 0 57 72
.63f4faf4041bd 1 0 55 64
.63f4faf40c291 4 0 64 127
4 1 64 127
4 2 64 127
.63f4faf49cd8f 1 0 47 64
.63f4faf4aec31 4 0 88 41
2 0 33 51
.63f4faf4b123e 4 0 88 33
2 0 53 48
.63f4faf4b254d 1 0 31 64
.63f4faf4b906e 4 0 64 0
4 1 64 0
4 2 64 0
.63f4faf4bbfa1 1 0 50 64
.63f4faf5827b0 4 0 88 96
2 0 52 68
.63f4faf58905f 4 0 64 127
4 1 64 127
4 2 64 127
.63f4faf594ba6 1 0 57 64
.63f4faf597a35 1 0 53 64
.63f4faf5f2630 1 0 52 64
.63f4faf641e08 4 0 88 41
2 0 53 51
.63f4faf6430d0 4 0 88 121
2 0 62 59
.63f4faf6533b6 4 0 64 0
4 1 64 0
4 2 64 0
.63f4faf71a4a3 4 0 88 116
2 0 55 53
.63f4faf72522d 1 0 53 64
.63f4faf74382d 4 0 64 127
4 1 64 127
4 2 64 127
.63f4faf7f31cb 4 0 88 86
2 0 35 38
.63f4faf7f645f 4 0 88 38
2 0 53 38
.63f4faf7f7775 1 0 55 64
.63f4faf801f7e 4 0 64 0
4 1 64 0
4 2 64 0
.63f4faf8056c6 1 0 33 64
.63f4faf8efc71 4 0 88 83
2 0 55 54
.63f4faf90bc9c 1 0 53 64
.63f4faf9c597c 4 0 88 61
2 0 59 37
.63f4faf9dc14b 1 0 62 64
.63f4faf9df7fb 4 0 64 127
4 1 64 127
4 2 64 127
.63f4fafa20fba 1 0 55 64
.63f4fafa574d8 1 0 59 64
.63f4fafac0305 4 0 88 24
2 0 65 34
.63f4fafacab06 4 0 88 24
2 0 62 57
.63f4fafaea31a 4 0 64 0
4 1 64 0
4 2 64 0
.63f4fafaf2f1f 4 0 64 127
4 1 64 127
4 2 64 127
.63f4fafbe7e97 1 0 62 64
.63f4fafc38c70 1 0 65 64
.63f4fafc3c55e 4 0 88 18
2 0 64 54
.63f4fafc3c905 4 0 88 21
2 0 36 39
.63f4fafc403d7 4 0 88 104
2 0 55 33
.63f4fafc520bc 1 0 35 64
.63f4fafc58695 4 0 64 0
4 1 64 0
4 2 64 0
.63f4fafdd7915 4 0 88 105
2 0 58 34
.63f4fafde1cb5 1 0 55 64
.63f4faff07e4f 4 0 88 54
2 0 57 41
.63f4faff0c7c5 4 0 88 17
2 0 48 31
.63f4faff1f236 1 0 58 64
.63f4faff6ca20 4 0 64 127
4 1 64 127
4 2 64 127
.63f4faff9cb22 1 0 57 64
.63f4fafff8954 4 0 88 116
2 0 52 54
.63f4fb003ba9b 1 0 64 64
.63f4fb00a4785 1 0 52 64
.63f4fb00bf959 4 0 88 1
2 0 62 20
.63f4fb00c961c 4 0 88 2
2 0 53 47
.63f4fb00e0c34 4 0 64 0
4 1 64 0
4 2 64 0
.63f4fb01aeb26 4 0 88 25
2 0 57 47
.63f4fb0228ea5 4 0 64 127
4 1 64 127
4 2 64 127
.63f4fb0264f9d 1 0 36 64
.63f4fb02bb1ea 4 0 88 4
2 0 50 67
.63f4fb02bb490 4 0 88 121
2 0 36 37
.63f4fb02c13db 4 0 64 0
4 1 64 0
4 2 64 0
.63f4fb033b693 1 0 57 64
.63f4fb0342313 4 0 64 127
4 1 64 127
4 2 64 127
.63f4fb03c0e26 4 0 88 43
2 0 56 52
.63f4fb03ce2a4 1 0 50 64
.63f4fb03eb2b4 1 0 53 64
.63f4fb04336db 1 0 62 64
.63f4fb04e8e5b 4 0 88 71
2 0 53 35
.63f4fb04ea971 4 0 88 0
2 0 59 43
.63f4fb04eb05b 4 0 64 0
4 1 64 0
4 2 64 0
.63f4fb060748c 4 0 64 127
4 1 64 127
4 2 64 127
.63f4fb0645589 1 0 56 64
.63f4fb064a0b2 4 0 88 72
2 0 55 42
.63f4fb065c44a 4 0 64 0
4 1 64 0
4 2 64 0
.63f4fb073dde5 4 0 64 127
4 1 64 127
4 2 64 127
.63f4fb078276a 1 0 53 64
.63f4fb0783e2b 1 0 59 64
.63f4fb0878a3b 1 0 48 64
.63f4fb0883022 1 0 36 64
.63f4fb08fd7d7 1 0 55 64
.63f4fb09022a5 4 0 88 29
2 0 36 44
.63f4fb09026ad 4 0 88 21
2 0 60 55
.63f4fb0904231 4 0 88 22
2 0 52 46
.63f4fb090fc26 4 0 64 0
4 1 64 0
4 2 64 0
.63f4fb0a1d526 4 0 64 127
4 1 64 127
4 2 64 127
.63f4fb0abcbe0 1 0 36 64
.63f4fb0bd7bfc 4 0 64 0
4 1 64 0
4 2 64 0
.63f4fb0bddc5c 4 0 88 115
2 0 40 47
.63f4fb0bf21fa 4 0 64 127
4 1 64 127
4 2 64 127
.63f4fb0cbeeb7 1 0 52 64
.63f4fb0ce8588 4 0 88 80
2 0 43 48
.63f4fb0ceadf3 4 0 88 126
2 0 52 55
.63f4fb0cf6e5f 4 0 64 0
4 1 64 0
4 2 64 0
.63f4fb0cf9bec 1 0 40 64
.63f4fb0dfaf2e 4 0 88 42
2 0 48 50
.63f4fb0e70e20 4 0 64 127
4 1 64 127
4 2 64 127
.63f4fb0e80f49 1 0 43 64
.63f4fb0f37f69 1 0 52 64
.63f4fb0f77467 1 0 60 64
.63f4fb0ff7f9e 1 0 48 64
.63f4fb1019625 4 0 88 2
2 0 64 45
.63f4fb1019ff4 4 0 88 86
2 0 55 46
.63f4fb101dd46 4 0 88 62
2 0 46 34
.63f4fb101f989 4 0 88 91
2 0 60 42
.63f4fb102b5b3 4 0 64 0
4 1 64 0
4 2 64 0
.63f4fb11591d9 4 0 64 127
4 1 64 127
4 2 64 127
.63f4fb1274a60 1 0 55 64
.63f4fb1280d70 1 0 60 64
.63f4fb12aa96e 1 0 64 64
.63f4fb1318a3b 4 0 88 8
2 0 60 40
.63f4fb13df842 4 0 88 108
2 0 64 46
.63f4fb15083ec 4 0 88 118
2 0 72 50
.63f4fb1604bda 1 0 60 64
.63f4fb161648f 1 0 64 64
.63f4fb169024f 1 0 72 64
.63f4fb16e159e 4 0 88 15
2 0 72 73
.63f4fb16e21b2 4 0 88 103
2 0 65 48
.63f4fb16e2964 4 0 88 0
2 0 45 34
.63f4fb16e334c 4 0 88 0
2 0 60 53
.63f4fb16e5f95 1 0 46 64
.63f4fb16e914e 4 0 64 0
4 1 64 0
4 2 64 0
.63f4fb17f0d85 4 0 64 127
4 1 64 127
4 2 64 127
.63f4fb1819c85 1 0 60 64
.63f4fb184824b 1 0 65 64
.63f4fb188e8f7 1 0 72 64
.63f4fb191f531 4 0 88 59
2 0 74 67
.63f4fb1921ef7 1 0 45 64
.63f4fb1922424 4 0 88 20
2 0 44 43
.63f4fb192495b 4 0 88 85
2 0 68 42
.63f4fb1924f30 4 0 88 103
2 0 65 48
.63f4fb192775b 4 0 88 3
2 0 60 37
.63f4fb1939002 4 0 64 0
4 1 64 0
4 2 64 0
.63f4fb1a920c1 1 0 74 64
.63f4fb1a9891c 4 0 64 127
4 1 64 127
4 2 64 127
.63f4fb1ad5d53 1 0 65 64
.63f4fb1ae10e8 1 0 68 64
.63f4fb1b45782 4 0 64 0
4 1 64 0
4 2 64 0
.63f4fb1b475cf 4 0 88 6
2 0 59 30
.63f4fb1b57070 4 0 64 127
4 1 64 127
4 2 64 127
.63f4fb1b657f5 1 0 60 64
.63f4fb1c2f5b3 4 0 88 56
2 0 60 33
.63f4fb1c488b8 1 0 59 64
.63f4fb1c4a36a 4 0 64 0
4 1 64 0
4 2 64 0
.63f4fb1c53070 4 0 64 127
4 1 64 127
4 2 64 127
.63f4fb1d46faa 4 0 88 77
2 0 65 43
.63f4fb1dfcd42 1 0 65 64
.63f4fb1ed1276 1 0 60 64
.63f4fb1f6449d 4 0 88 70
2 0 43 47
.63f4fb1f658dc 4 0 88 26
2 0 64 31
.63f4fb1f6cd1f 1 0 44 64
.63f4fb1f78cd5 4 0 64 0
4 1 64 0
4 2 64 0
.63f4fb20c6d40 4 0 64 127
4 1 64 127
4 2 64 127
.63f4fb20ddf22 1 0 43 64
.63f4fb21a04fd 1 0 64 64
.63f4fb21e8f21 4 0 88 67
2 0 72 50
4 0 88 65
2 0 64 57
.63f4fb22daf5f 4 0 88 28
2 0 76 84
.63f4fb22e60e7 4 0 88 92
2 0 67 50
.63f4fb22e8e9b 1 0 72 64
.63f4fb22f98ee 1 0 64 64
.63f4fb23d2ffb 4 0 88 78
2 0 72 66
.63f4fb23d3ab1 4 0 88 94
2 0 64 51
.63f4fb23e7237 1 0 67 64
.63f4fb23eef02 1 0 76 64
.63f4fb247ed0b 4 0 88 2
2 0 65 47
.63f4fb248a836 4 0 88 66
2 0 74 58
.63f4fb248cb99 1 0 64 64
.63f4fb2560b93 4 0 64 0
4 1 64 0
4 2 64 0
.63f4fb256274b 4 0 88 106
2 0 69 37
.63f4fb2566c6d 4 0 88 0
2 0 62 43
.63f4fb256eaed 1 0 72 64
.63f4fb2572908 1 0 65 64
.63f4fb25deb62 4 0 64 127
4 1 64 127
4 2 64 127
.63f4fb26336c5 4 0 88 17
2 0 71 50
.63f4fb263696e 4 0 64 0
4 1 64 0
4 2 64 0
.63f4fb2641a68 1 0 69 64
.63f4fb2643a65 1 0 74 64
.63f4fb266b61a 4 0 64 127
4 1 64 127
4 2 64 127
.63f4fb2700b8f 4 0 88 23
2 0 74 45
.63f4fb2703a9d 4 0 64 0
4 1 64 0
4 2 64 0
.63f4fb2704ad7 4 0 88 44
2 0 64 33
.63f4fb270f6a2 1 0 71 64
.63f4fb272120a 1 0 62 64
.63f4fb27413ec 4 0 64 127
4 1 64 127
4 2 64 127
.63f4fb27e03eb 4 0 88 8
2 0 67 44
.63f4fb27f10d3 4 0 64 0
4 1 64 0
4 2 64 0
.63f4fb28041f1 1 0 74 64
.63f4fb2825c5c 4 0 64 127
4 1 64 127
4 2 64 127
.63f4fb289ec36 4 0 88 19
2 0 65 52
.63f4fb28a7831 4 0 88 72
2 0 71 73
.63f4fb28af81f 4 0 64 0
4 1 64 0
4 2 64 0
.63f4fb28b06e9 1 0 67 64
.63f4fb28b3a83 1 0 64 64
.63f4fb296ae12 4 0 88 125
2 0 72 81
.63f4fb297b6a5 1 0 71 64
.63f4fb29a2b23 4 0 64 127
4 1 64 127
4 2 64 127
.63f4fb2a21ec6 4 0 88 95
2 0 69 75
.63f4fb2a226af 4 0 88 62
2 0 66 34
.63f4fb2a28c02 1 0 65 64
.63f4fb2a333d7 1 0 72 64
.63f4fb2a40f01 4 0 64 0
4 1 64 0
4 2 64 0
.63f4fb2af8e83 4 0 88 55
2 0 72 74
.63f4fb2b06a57 1 0 69 64
.63f4fb2b13e12 4 0 64 127
4 1 64 127
4 2 64 127
.63f4fb2ba7d5b 4 0 88 56
2 0 71 55
.63f4fb2bae6f3 4 0 88 52
2 0 68 38
.63f4fb2bb7974 1 0 72 64
.63f4fb2bbad96 4 0 64 0
4 1 64 0
4 2 64 0
.63f4fb2bc5560 1 0 66 64
.63f4fb2c91503 4 0 88 104
2 0 72 71
.63f4fb2ca21ff 1 0 71 64
.63f4fb2d55dbc 4 0 88 55
2 0 69 38
.63f4fb2d5da29 4 0 88 82
2 0 74 80
.63f4fb2d6a305 1 0 72 64
.63f4fb2d6fd1b 1 0 68 64
.63f4fb2e350b4 4 0 88 126
2 0 76 55
.63f4fb2e5e456 1 0 74 64
.63f4fb2eedebe 4 0 88 36
2 0 72 56
.63f4fb2f00fd6 1 0 76 64
.63f4fb2f67765 4 0 64 127
4 1 64 127
4 2 64 127
.63f4fb2f964e9 4 0 64 0
4 1 64 0
4 2 64 0
.63f4fb2fac960 4 0 88 72
2 0 77 73
.63f4fb2fbf888 1 0 72 64
.63f4fb2ff419b 4 0 64 127
4 1 64 127
4 2 64 127
.63f4fb3054448 4 0 88 121
2 0 71 59
.63f4fb30572a5 4 0 88 32
2 0 76 72
.63f4fb3066628 4 0 64 0
4 1 64 0
4 2 64 0
.63f4fb306a54d 1 0 69 64
.63f4fb307b53b 1 0 77 64
.63f4fb3101da5 4 0 88 47
2 0 74 71
.63f4fb311307e 1 0 76 64
.63f4fb31b20b8 4 0 88 74
2 0 76 59
.63f4fb31b8928 1 0 74 64
.63f4fb325e5e5 4 0 88 58
2 0 83 86
.63f4fb329ecf7 4 0 64 127
4 1 64 127
4 2 64 127
.63f4fb32e9249 1 0 83 64
.63f4fb331ad47 4 0 88 4
2 0 81 67
.63f4fb3320a95 4 0 88 38
2 0 72 43
.63f4fb332e651 4 0 64 0
4 1 64 0
4 2 64 0
.63f4fb33350f4 1 0 71 64
.63f4fb33e9b8d 4 0 88 91
2 0 80 89
.63f4fb33fba19 1 0 81 64
.63f4fb349d87c 4 0 88 85
2 0 81 84
.63f4fb34aa10a 1 0 80 64
.63f4fb34bee58 1 0 76 64
.63f4fb34d6d63 4 0 88 15
2 0 76 28
.63f4fb35667ee 4 0 88 68
2 0 77 81
.63f4fb3584865 1 0 76 64
.63f4fb35a1633 4 0 64 127
4 1 64 127
4 2 64 127
.63f4fb3623c4a 4 0 88 51
2 0 68 39
.63f4fb3626b4c 4 0 88 120
2 0 76 51
.63f4fb36335e3 1 0 77 64
.63f4fb3639c2e 4 0 64 0
4 1 64 0
4 2 64 0
.63f4fb364ae99 1 0 72 64
.63f4fb36daf69 4 0 88 85
2 0 74 84
.63f4fb36f33ba 1 0 76 64
.63f4fb370cbf4 4 0 64 127
4 1 64 127
4 2 64 127
.63f4fb3784f50 4 0 88 127
2 0 69 27
.63f4fb3788fe5 1 0 81 64
.63f4fb378c124 4 0 88 118
2 0 72 64
.63f4fb378ce62 4 0 88 11
2 0 79 81
.63f4fb37938b9 4 0 64 0
4 1 64 0
4 2 64 0
.63f4fb379778f 1 0 74 64
.63f4fb37a2407 1 0 68 64
.63f4fb3850cd0 4 0 88 48
2 0 77 96
.63f4fb3862938 1 0 79 64
.63f4fb38f80f5 4 0 88 93
2 0 67 47
.63f4fb38fbcd2 1 0 69 64
.63f4fb390049f 4 0 88 42
2 0 76 60
.63f4fb390ee7b 1 0 77 64
.63f4fb397cd62 4 0 64 127
4 1 64 127
4 2 64 127
.63f4fb39ae3ce 1 0 72 64
.63f4fb39b1f28 4 0 88 65
2 0 74 90
.63f4fb39c8bd1 1 0 76 64
.63f4fb3a648b2 4 0 88 92
2 0 73 44
.63f4fb3a6b9ff 4 0 88 115
2 0 65 32
.63f4fb3a75e22 4 0 64 0
4 1 64 0
4 2 64 0
.63f4fb3a773f8 1 0 74 64
.63f4fb3a7d22f 1 0 67 64
.63f4fb3b4a2dc 4 0 88 65
2 0 69 77
.63f4fb3b62740 1 0 73 64
.63f4fb3bf5ade 4 0 88 24
2 0 74 69
.63f4fb3c0f912 1 0 69 64
.63f4fb3cc1831 4 0 88 66
2 0 73 88
.63f4fb3cc6d25 4 0 88 65
2 0 64 57
.63f4fb3cd20e6 1 0 65 64
.63f4fb3cd79cd 1 0 74 64
.63f4fb3d17cb2 4 0 64 127
4 1 64 127
4 2 64 127
.63f4fb3d82964 4 0 88 58
2 0 62 43
.63f4fb3d83224 4 0 88 8
2 0 74 77
.63f4fb3d84298 4 0 64 0
4 1 64 0
4 2 64 0
.63f4fb3d879fa 1 0 64 64
.63f4fb3d9675a 1 0 73 64
.63f4fb3e46588 4 0 88 33
2 0 72 88
.63f4fb3e5c5bd 1 0 74 64
.63f4fb3eac28c 4 0 64 127
4 1 64 127
4 2 64 127
.63f4fb3ee0be4 4 0 88 107
2 0 70 76
.63f4fb3ee4a4c 4 0 88 126
2 0 65 55
.63f4fb3eef8b1 4 0 64 0
4 1 64 0
4 2 64 0
.63f4fb3ef396a 1 0 72 64
.63f4fb3f97bd0 4 0 88 112
2 0 69 82
.63f4fb3fab1d8 1 0 70 64
.63f4fb402cbd5 4 0 88 78
2 0 67 66
.63f4fb4036fde 4 0 88 120
2 0 58 34
.63f4fb403797e 1 0 69 64
.63f4fb40a423e 4 0 64 127
4 1 64 127
4 2 64 127
.63f4fb40cb9fc 1 0 65 64
.63f4fb40de82f 1 0 62 64
.63f4fb40fbb68 4 0 88 126
2 0 62 55
.63f4fb4107c35 4 0 64 0
4 1 64 0
4 2 64 0
.63f4fb411f338 4 0 64 127
4 1 64 127
4 2 64 127
.63f4fb41a5f83 4 0 64 0
4 1 64 0
4 2 64 0
.63f4fb41a9650 4 0 88 42
2 0 64 60
.63f4fb41ac9f7 4 0 88 15
2 0 57 73
.63f4fb41b40d0 1 0 58 64
.63f4fb41b521f 1 0 62 64
.63f4fb420f755 4 0 64 127
4 1 64 127
4 2 64 127
.63f4fb4227ce4 1 0 67 64
.63f4fb425c9d2 4 0 88 39
2 0 67 92
.63f4fb42675a6 4 0 64 0
4 1 64 0
4 2 64 0
.63f4fb428d749 4 0 64 127
4 1 64 127
4 2 64 127
.63f4fb42fc305 4 0 88 38
2 0 65 79
.63f4fb42fc63e 1 0 64 64
.63f4fb4300735 4 0 88 2
2 0 62 47
.63f4fb430e64f 4 0 64 0
4 1 64 0
4 2 64 0
.63f4fb43bf99b 4 0 88 112
2 0 60 56
.63f4fb43d38cd 1 0 62 64
.63f4fb43f4c77 1 0 67 64
.63f4fb43f8c28 4 0 64 127
4 1 64 127
4 2 64 127
.63f4fb44746a8 4 0 88 72
2 0 69 73
.63f4fb447c9af 4 0 64 0
4 1 64 0
4 2 64 0
.63f4fb44d772f 4 0 64 127
4 1 64 127
4 2 64 127
.63f4fb451ee20 4 0 88 96
2 0 62 68
.63f4fb4538296 4 0 64 0
4 1 64 0
4 2 64 0
.63f4fb454f99f 4 0 64 127
4 1 64 127
4 2 64 127
.63f4fb45631fe 1 0 60 64
.63f4fb458d3ec 1 0 57 64
.63f4fb45d4a6e 4 0 88 59
2 0 60 67
.63f4fb45d8175 4 0 88 74
2 0 57 13
.63f4fb45d943f 4 0 64 0
4 1 64 0
4 2 64 0
.63f4fb45e6389 4 0 88 63
2 0 55 13
.63f4fb45ebc40 1 0 62 64
.63f4fb45f751c 1 0 65 64
.63f4fb45fcc10 1 0 57 64
.63f4fb4645bfe 4 0 64 127
4 1 64 127
4 2 64 127
.63f4fb467442d 1 0 69 64
.63f4fb467e352 1 0 60 64
.63f4fb46a250b 4 0 88 68
2 0 57 81
.63f4fb473e72c 4 0 88 32
2 0 67 72
.63f4fb4743148 4 0 88 52
2 0 58 64
.63f4fb474d6f3 4 0 64 0
4 1 64 0
4 2 64 0
.63f4fb4752351 1 0 57 64
.63f4fb47ef6b1 4 0 88 39
2 0 60 75
.63f4fb47ffd6b 1 0 58 64
.63f4fb483ac58 4 0 64 127
4 1 64 127
4 2 64 127
.63f4fb4890a55 4 0 88 64
2 0 62 70
.63f4fb4897b5c 1 0 60 64
.63f4fb489a3eb 1 0 55 64
.63f4fb489d1f2 4 0 88 10
2 0 53 64
.63f4fb489e52e 4 0 64 0
4 1 64 0
4 2 64 0
.63f4fb49582ba 4 0 88 65
2 0 57 77
.63f4fb496617f 1 0 62 64
.63f4fb498bb8b 4 0 64 127
4 1 64 127
4 2 64 127
.63f4fb49d7ee6 1 0 67 64
.63f4fb4a0ae1e 4 0 88 116
2 0 67 86
.63f4fb4a156d3 4 0 64 0
4 1 64 0
4 2 64 0
.63f4fb4aa6b9b 4 0 88 68
2 0 62 81
.63f4fb4ae8675 4 0 64 127
4 1 64 127
4 2 64 127
.63f4fb4b0163b 1 0 57 64
.63f4fb4b3b353 4 0 88 68
2 0 52 51
.63f4fb4b3cf56 4 0 88 113
2 0 60 67
.63f4fb4b462a7 4 0 64 0
4 1 64 0
4 2 64 0
.63f4fb4b4ccdd 1 0 53 64
.63f4fb4b5113f 1 0 62 64
.63f4fb4be764a 4 0 88 65
2 0 57 77
.63f4fb4bfd398 1 0 60 64
.63f4fb4c01ace 4 0 64 127
4 1 64 127
4 2 64 127
.63f4fb4c11439 1 0 67 64
.63f4fb4c88bd3 4 0 88 10
2 0 58 60
.63f4fb4c8bb63 4 0 88 39
2 0 67 92
.63f4fb4c94317 4 0 64 0
4 1 64 0
4 2 64 0
.63f4fb4c950c6 1 0 57 64
.63f4fb4d3ff0d 4 0 88 78
2 0 60 89
.63f4fb4d4b3d8 1 0 58 64
.63f4fb4d8a51f 4 0 64 127
4 1 64 127
4 2 64 127
.63f4fb4ddb8de 4 0 88 83
2 0 57 98
.63f4fb4ddf5d8 1 0 60 64
.63f4fb4ddf9ac 4 0 88 29
2 0 53 44
.63f4fb4de51e5 4 0 64 0
4 1 64 0
4 2 64 0
.63f4fb4dea727 1 0 52 64
.63f4fb4e9229b 4 0 88 118
2 0 55 95
.63f4fb4e9fe1d 1 0 57 64
.63f4fb4ecf8ef 4 0 64 127
4 1 64 127
4 2 64 127
.63f4fb4eea0f7 1 0 55 64
.63f4fb4f305f7 4 0 88 33
2 0 57 88
.63f4fb4f34b11 4 0 88 24
2 0 52 66
.63f4fb4f3e74c 1 0 53 64
.63f4fb4f4a991 4 0 64 0
4 1 64 0
4 2 64 0
.63f4fb4fed9e2 4 0 88 39
2 0 60 92
.63f4fb503dd03 4 0 64 127
4 1 64 127
4 2 64 127
.63f4fb5055056 1 0 67 64
.63f4fb508323d 4 0 88 8
2 0 65 70
.63f4fb508c8fa 4 0 88 47
2 0 50 49
.63f4fb5092c84 4 0 64 0
4 1 64 0
4 2 64 0
.63f4fb5095a8f 1 0 52 64
.63f4fb512e126 4 0 64 127
4 1 64 127
4 2 64 127
.63f4fb513d694 1 0 57 64
.63f4fb5149e7a 4 0 88 87
2 0 58 75
.63f4fb5160184 1 0 60 64
.63f4fb51e6ab6 4 0 64 0
4 1 64 0
4 2 64 0
.63f4fb51e7900 4 0 88 104
2 0 57 71
.63f4fb51e9c11 4 0 88 82
2 0 48 80
.63f4fb51f15c1 1 0 58 64
.63f4fb51fabf2 1 0 50 64
.63f4fb52187cd 4 0 64 127
4 1 64 127
4 2 64 127
.63f4fb52660d6 1 0 57 64
.63f4fb52705a7 4 0 64 0
4 1 64 0
4 2 64 0
.63f4fb52733aa 4 0 64 127
4 1 64 127
4 2 64 127
.63f4fb5299c48 4 0 88 4
2 0 55 67
.63f4fb530a882 1 0 55 64
.63f4fb532ed6b 4 0 64 0
4 1 64 0
4 2 64 0
.63f4fb532f8b2 4 0 88 10
2 0 46 92
.63f4fb53305c2 4 0 88 39
2 0 53 29
.63f4fb5339e69 1 0 48 64
.63f4fb53e8bcd 4 0 88 125
2 0 57 81
.63f4fb53fbde5 1 0 65 64
.63f4fb540a959 4 0 64 127
4 1 64 127
4 2 64 127
.63f4fb54853da 4 0 88 24
2 0 65 66
.63f4fb548e74c 4 0 64 0
4 1 64 0
4 2 64 0
.63f4fb54a5dc5 4 0 64 127
4 1 64 127
4 2 64 127
.63f4fb552ec66 4 0 88 33
2 0 61 54
.63f4fb553e857 1 0 65 64
.63f4fb55d958d 4 0 88 20
2 0 62 61
.63f4fb55d9899 4 0 64 0
4 1 64 0
4 2 64 0
.63f4fb55dae40 4 0 88 73
2 0 45 52
.63f4fb55df081 1 0 46 64
.63f4fb55df892 1 0 61 64
.63f4fb56b2d08 4 0 88 66
2 0 63 74
.63f4fb56c3545 1 0 62 64
.63f4fb57101bb 4 0 64 127
4 1 64 127
4 2 64 127
.63f4fb5754ce4 4 0 88 22
2 0 60 58
.63f4fb575f3b1 4 0 64 0
4 1 64 0
4 2 64 0
.63f4fb576d18d 1 0 63 64
.63f4fb5770c2d 4 0 64 127
4 1 64 127
4 2 64 127
.63f4fb57a9995 1 0 57 64
.63f4fb57b5cf1 1 0 53 64
.63f4fb580ae55 4 0 88 80
2 0 54 82
.63f4fb58c3ef6 4 0 88 97
2 0 62 65
.63f4fb58c4ed9 4 0 88 119
2 0 43 70
.63f4fb58c6d44 1 0 60 64
.63f4fb58c7988 4 0 64 0
4 1 64 0
4 2 64 0
.63f4fb58cde22 1 0 45 64
.63f4fb598117a 4 0 88 55
2 0 60 82
.63f4fb59839ab 4 0 88 106
2 0 57 62
.63f4fb598f439 1 0 62 64
.63f4fb5991e6a 1 0 54 64
.63f4fb59bad3e 4 0 64 127
4 1 64 127
4 2 64 127
.63f4fb5a1748a 4 0 88 19
2 0 58 79
.63f4fb5a1e373 4 0 88 106
2 0 50 62
.63f4fb5a27959 1 0 57 64
.63f4fb5a2baaf 1 0 60 64
.63f4fb5a2ffad 4 0 64 0
4 1 64 0
4 2 64 0
.63f4fb5ae74bb 4 0 88 0
2 0 57 100
.63f4fb5af3d73 1 0 58 64
.63f4fb5af73c3 4 0 64 127
4 1 64 127
4 2 64 127
.63f4fb5b63ab5 1 0 43 64
.63f4fb5b8597d 4 0 88 36
2 0 55 56
.63f4fb5b86577 4 0 88 127
2 0 58 77
.63f4fb5b8fa23 4 0 64 0
4 1 64 0
4 2 64 0
.63f4fb5b97994 1 0 57 64
.63f4fb5bad683 1 0 50 64
.63f4fb5bbe810 4 0 64 127
4 1 64 127
4 2 64 127
.63f4fb5bf62c8 4 0 64 0
4 1 64 0
4 2 64 0
.63f4fb5c250ae 4 0 64 127
4 1 64 127
4 2 64 127
.63f4fb5c4f0b9 4 0 88 107
2 0 53 96
.63f4fb5c56d88 4 0 64 0
4 1 64 0
4 2 64 0
.63f4fb5cfa764 4 0 88 100
2 0 54 83
.63f4fb5d04a1a 1 0 53 64
.63f4fb5db3966 4 0 88 88
2 0 51 70
.63f4fb5dc558d 1 0 54 64
.63f4fb5deb389 4 0 64 127
4 1 64 127
4 2 64 127
.63f4fb5e27e5f 1 0 55 64
.63f4fb5e50c09 4 0 88 46
2 0 55 52
.63f4fb5e5bfa9 4 0 88 122
2 0 60 90
.63f4fb5e6c279 4 0 64 0
4 1 64 0
4 2 64 0
.63f4fb5e79999 1 0 51 64
.63f4fb5f0ec68 4 0 88 50
2 0 51 50
.63f4fb5f285eb 1 0 55 64
.63f4fb5f36548 4 0 64 127
4 1 64 127
4 2 64 127
.63f4fb5f4e429 1 0 60 64
.63f4fb5fc0cf1 4 0 88 109
2 0 57 78
.63f4fb5fc43c5 4 0 88 46
2 0 63 57
.63f4fb5fc64c9 1 0 58 64
.63f4fb5fc90f6 4 0 88 56
2 0 50 48
.63f4fb5fcd395 1 0 51 64
.63f4fb5fcea47 4 0 64 0
4 1 64 0
4 2 64 0
.63f4fb6074ab9 4 0 88 112
2 0 48 82
.63f4fb607899a 4 0 64 127
4 1 64 127
4 2 64 127
.63f4fb607c59b 1 0 50 64
.63f4fb60a0cdd 1 0 63 64
.63f4fb611991b 4 0 88 80
2 0 66 82
.63f4fb611db67 4 0 88 35
2 0 57 42
.63f4fb6122900 4 0 64 0
4 1 64 0
4 2 64 0
.63f4fb6171b4b 4 0 64 127
4 1 64 127
4 2 64 127
.63f4fb61897c8 1 0 48 64
.63f4fb61b7ca7 4 0 88 33
2 0 46 93
.63f4fb61c6a5a 4 0 64 0
4 1 64 0
4 2 64 0
.63f4fb61e6df7 4 0 64 127
4 1 64 127
4 2 64 127
.63f4fb6207cb9 1 0 66 64
.63f4fb624ddd8 1 0 57 64
1 0 57 64
.63f4fb625b596 4 0 88 15
2 0 69 73
.63f4fb625ba13 4 0 88 96
2 0 60 68
.63f4fb6262073 4 0 88 39
2 0 45 68
.63f4fb6263e66 1 0 46 64
.63f4fb6267c56 4 0 64 0
4 1 64 0
4 2 64 0
.63f4fb63029a0 4 0 88 8
2 0 48 105
.63f4fb6311dbf 1 0 45 64
.63f4fb631cf75 1 0 60 64
.63f4fb6349724 4 0 64 127
4 1 64 127
4 2 64 127
.63f4fb63b701b 4 0 88 88
2 0 63 70
.63f4fb63ba0dd 4 0 88 93
2 0 42 71
.63f4fb63c18a6 4 0 64 0
4 1 64 0
4 2 64 0
.63f4fb63cc8d6 1 0 48 64
.63f4fb63f8b2c 1 0 63 64
.63f4fb63f8fee 4 0 88 72
2 0 62 73
.63f4fb644e377 4 0 64 127
4 1 64 127
4 2 64 127
.63f4fb64cd465 1 0 69 64
.63f4fb65013d8 4 0 88 109
2 0 60 78
.63f4fb65016d9 4 0 88 78
2 0 67 89
.63f4fb650b763 1 0 62 64
.63f4fb650f8c6 4 0 64 0
4 1 64 0
4 2 64 0
.63f4fb65b8d38 4 0 88 7
2 0 62 90
.63f4fb65c57b1 1 0 60 64
.63f4fb65d9c14 4 0 64 127
4 1 64 127
4 2 64 127
.63f4fb66462c4 4 0 64 0
4 1 64 0
4 2 64 0
.63f4fb664aa40 4 0 88 65
2 0 43 45
.63f4fb664d797 4 0 88 33
2 0 63 76
.63f4fb664ee76 1 0 42 64
.63f4fb665f0cc 1 0 62 64
.63f4fb66f59ab 4 0 88 13
2 0 60 85
.63f4fb6703ac2 1 0 67 64
.63f4fb670a6f4 4 0 64 127
4 1 64 127
4 2 64 127
.63f4fb6717968 1 0 63 64
.63f4fb67a5359 1 0 60 64
.63f4fb67a566b 4 0 88 95
2 0 62 75
.63f4fb67a905d 4 0 88 41
2 0 67 83
.63f4fb67ae97a 4 0 64 0
4 1 64 0
4 2 64 0
.63f4fb6850d0e 4 0 88 20
2 0 63 86
.63f4fb6855554 4 0 88 113
2 0 41 67
.63f4fb685cf10 1 0 43 64
.63f4fb6864073 1 0 62 64
.63f4fb6890301 4 0 64 127
4 1 64 127
4 2 64 127
.63f4fb68ad4a9 1 0 63 64
.63f4fb68f952b 1 0 41 64
.63f4fb68f9e1c 4 0 88 55
2 0 39 53
4 0 88 13
2 0 65 85
.63f4fb6902c61 4 0 64 0
4 1 64 0
4 2 64 0
.63f4fb69bcd1a 4 0 88 82
2 0 62 80
.63f4fb69c9b44 4 0 64 127
4 1 64 127
4 2 64 127
.63f4fb69cf381 1 0 67 64
.63f4fb69d1395 1 0 65 64
.63f4fb6a6742b 4 0 88 103
2 0 63 57
.63f4fb6a68755 4 0 88 1
2 0 60 86
1 0 62 64
.63f4fb6a68aef 4 0 88 64
2 0 69 70
.63f4fb6a70b7c 4 0 64 0
4 1 64 0
4 2 64 0
.63f4fb6b0d3ab 1 0 60 64
.63f4fb6b440f9 4 0 88 53
2 0 58 77
.63f4fb6b46912 4 0 64 127
4 1 64 127
4 2 64 127
.63f4fb6b67b27 4 0 88 38
2 0 59 43
.63f4fb6b6afca 4 0 88 48
2 0 60 31
.63f4fb6b77795 1 0 58 64
.63f4fb6b7b6e6 1 0 59 64
.63f4fb6b811c7 1 0 60 64
.63f4fb6ba39a7 1 0 69 64
.63f4fb6bfcfae 4 0 88 77
2 0 38 43
.63f4fb6c00e47 4 0 88 51
2 0 57 78
.63f4fb6c021e4 4 0 64 0
4 1 64 0
4 2 64 0
.63f4fb6c025e7 4 0 88 98
2 0 60 83
.63f4fb6c02a46 1 0 39 64
.63f4fb6c6e8b6 4 0 64 127
4 1 64 127
4 2 64 127
.63f4fb6c780d4 1 0 60 64
.63f4fb6c90bc6 1 0 63 64
.63f4fb6cc6707 4 0 64 0
4 1 64 0
4 2 64 0
.63f4fb6cc7a5f 4 0 88 72
2 0 55 73
.63f4fb6ccdc1d 4 0 88 66
2 0 58 74
.63f4fb6cdfa27 1 0 57 64
.63f4fb6d0fb25 4 0 64 127
4 1 64 127
4 2 64 127
.63f4fb6d74cfb 4 0 88 116
2 0 57 86
.63f4fb6d78a4b 4 0 88 117
2 0 54 56
.63f4fb6d79241 4 0 64 0
4 1 64 0
4 2 64 0
.63f4fb6d7c813 1 0 55 64
.63f4fb6d8320f 1 0 58 64
.63f4fb6e1483f 4 0 88 81
2 0 63 69
.63f4fb6e3a93b 4 0 64 127
4 1 64 127
4 2 64 127
.63f4fb6e6b067 1 0 63 64
.63f4fb6e89530 1 0 54 64
.63f4fb6e9f9ac 1 0 57 64
.63f4fb6ec346d 4 0 88 78
2 0 60 89
.63f4fb6ec78a2 4 0 88 25
2 0 57 30
.63f4fb6ecc630 4 0 88 33
2 0 54 58
.63f4fb6ecd1cf 4 0 64 0
4 1 64 0
4 2 64 0
.63f4fb6f7bb8c 4 0 88 41
2 0 50 83
.63f4fb6f83632 1 0 54 64
.63f4fb6f9d217 4 0 64 127
4 1 64 127
4 2 64 127
.63f4fb6fd7d56 1 0 60 64
.63f4fb700f83c 1 0 38 64
.63f4fb701027e 1 0 50 64
.63f4fb702d57c 4 0 88 59
2 0 54 56
.63f4fb702d6d9 1 0 57 64
.63f4fb702ec8f 4 0 88 94
2 0 62 97
.63f4fb7038664 4 0 64 0
4 1 64 0
4 2 64 0
.63f4fb703b851 4 0 88 46
2 0 38 52
.63f4fb70e82e4 1 0 54 64
.63f4fb70e86a6 4 0 88 2
2 0 60 95
.63f4fb70f076a 4 0 88 115
2 0 55 47
.63f4fb70f344c 4 0 88 24
2 0 57 69
.63f4fb7106461 1 0 62 64
.63f4fb7137c35 1 0 57 64
.63f4fb71a8ac0 4 0 88 114
2 0 58 80
.63f4fb71b5aee 1 0 60 64
.63f4fb71f2d96 4 0 64 127
4 1 64 127
4 2 64 127
.63f4fb7221b94 4 0 64 0
4 1 64 0
4 2 64 0
.63f4fb72538e1 4 0 88 70
2 0 50 85
.63f4fb726444b 1 0 55 64
.63f4fb7270d07 4 0 64 127
4 1 64 127
4 2 64 127
.63f4fb73018e6 4 0 88 84
2 0 52 93
.63f4fb7303bb8 1 0 50 64
.63f4fb7311fb4 4 0 64 0
4 1 64 0
4 2 64 0
.63f4fb733dedd 4 0 64 127
4 1 64 127
4 2 64 127
.63f4fb73bedb9 4 0 64 0
4 1 64 0
4 2 64 0
.63f4fb73bfb6c 4 0 88 62
2 0 54 91
.63f4fb73e6e60 1 0 52 64
.63f4fb73edb3d 4 0 64 127
4 1 64 127
4 2 64 127
.63f4fb740a8ea 1 0 58 64
.63f4fb744c080 1 0 38 64
.63f4fb74713d2 4 0 88 28
2 0 52 59
.63f4fb7472512 4 0 88 112
2 0 55 82
.63f4fb7475055 1 0 54 64
.63f4fb7476c96 4 0 88 38
2 0 38 79
.63f4fb747a6a0 4 0 64 0
4 1 64 0
4 2 64 0
.63f4fb754496f 4 0 88 14
2 0 58 89
.63f4fb75b0f7a 4 0 64 127
4 1 64 127
4 2 64 127
.63f4fb760dbe7 4 0 88 91
2 0 49 89
.63f4fb7617899 4 0 64 0
4 1 64 0
4 2 64 0
.63f4fb761b529 1 0 52 64
.63f4fb76295e3 1 0 55 64
.63f4fb764379e 4 0 64 127
4 1 64 127
4 2 64 127
.63f4fb76a824f 1 0 58 64
.63f4fb76f33fb 4 0 88 58
2 0 58 61
.63f4fb76f737d 4 0 88 1
2 0 55 86
.63f4fb76f915b 4 0 64 0
4 1 64 0
4 2 64 0
.63f4fb771f41b 4 0 64 127
4 1 64 127
4 2 64 127
.63f4fb77472d1 1 0 49 64
.63f4fb774dc53 1 0 38 64
.63f4fb7771fbb 1 0 55 64
.63f4fb7780e1d 1 0 58 64
.63f4fb77b9fac 4 0 88 104
2 0 50 71
.63f4fb77bd6cb 4 0 88 98
2 0 57 83
.63f4fb77be10d 4 0 88 122
2 0 55 77
.63f4fb77c640c 4 0 64 0
4 1 64 0
4 2 64 0
.63f4fb78a23bd 4 0 88 99
2 0 51 72
.63f4fb78b319b 1 0 50 64
.63f4fb795fe00 4 0 88 24
2 0 50 66
.63f4fb796c8b0 1 0 51 64
.63f4fb7989bdf 1 0 55 64
.63f4fb7a19094 4 0 88 103
2 0 48 87
.63f4fb7a27306 1 0 50 64
.63f4fb7a73de2 4 0 64 127
4 1 64 127
4 2 64 127
.63f4fb7aca594 4 0 88 117
2 0 56 61
.63f4fb7ad19d7 4 0 64 0
4 1 64 0
4 2 64 0
.63f4fb7ad3325 4 0 88 122
2 0 47 77
.63f4fb7ad7011 1 0 57 64
.63f4fb7adc0f8 1 0 48 64
.63f4fb7b9769b 4 0 88 8
2 0 43 77
.63f4fb7ba3d93 1 0 47 64
.63f4fb7bff6a8 4 0 64 127
4 1 64 127
4 2 64 127
.63f4fb7c42cf8 4 0 88 55
2 0 47 82
.63f4fb7c44990 4 0 88 87
2 0 55 72
.63f4fb7c4d81e 1 0 43 64
.63f4fb7c4e7bf 4 0 64 0
4 1 64 0
4 2 64 0
.63f4fb7c58c29 1 0 56 64
.63f4fb7cfa6e3 4 0 88 2
2 0 50 95
.63f4fb7d0b53b 1 0 47 64
.63f4fb7db15c6 4 0 88 48
2 0 51 84
.63f4fb7dbbf8f 1 0 55 64
.63f4fb7e6c985 4 0 88 83
2 0 48 98
.63f4fb7e782b7 1 0 50 64
.63f4fb7f184c2 4 0 88 125
2 0 46 84
.63f4fb7f24346 1 0 48 64
.63f4fb7fc892e 4 0 88 71
2 0 43 99
.63f4fb7fd8d0e 1 0 46 64
.63f4fb800f987 4 0 64 127
4 1 64 127
4 2 64 127
.63f4fb807ab9b 4 0 88 72
2 0 44 85
.63f4fb807bf49 4 0 64 0
4 1 64 0
4 2 64 0
.63f4fb807c3b2 4 0 88 13
2 0 48 85
.63f4fb8083f6e 1 0 43 64
.63f4fb809694d 1 0 51 64
.63f4fb81392ad 4 0 88 13
2 0 41 99
.63f4fb8147408 1 0 44 64
.63f4fb8189946 4 0 64 127
4 1 64 127
4 2 64 127
.63f4fb81c02c2 1 0 48 64
.63f4fb81dc32f 4 0 88 108
2 0 44 93
.63f4fb81dd077 4 0 88 20
2 0 48 89
.63f4fb81e4d01 1 0 41 64
.63f4fb81f0242 4 0 64 0
4 1 64 0
4 2 64 0
.63f4fb8299b73 4 0 88 7
2 0 50 90
.63f4fb8353d74 4 0 88 127
2 0 51 77
.63f4fb8400850 4 0 88 33
2 0 43 88
.63f4fb840b8a2 1 0 44 64
.63f4fb8457927 1 0 48 64
.63f4fb8487777 1 0 50 64
.63f4fb84b3f8a 4 0 88 61
2 0 46 97
.63f4fb84b5749 4 0 88 122
2 0 41 77
.63f4fb84c8f3f 1 0 43 64
.63f4fb85605f1 4 0 88 33
2 0 39 93
.63f4fb8570d62 1 0 41 64
.63f4fb8583f3c 1 0 51 64
.63f4fb85a28ec 4 0 64 127
4 1 64 127
4 2 64 127
.63f4fb861cdb6 4 0 88 103
2 0 53 39
.63f4fb861febd 4 0 88 116
2 0 38 86
.63f4fb86207c0 4 0 64 0
4 1 64 0
4 2 64 0
.63f4fb8625ee7 1 0 39 64
.63f4fb863ced3 4 0 88 93
2 0 47 47
.63f4fb863d064 1 0 46 64
.63f4fb86d950f 4 0 88 24
2 0 41 98
.63f4fb870caaa 1 0 38 64
.63f4fb870dd45 1 0 47 64
4 0 64 127
4 1 64 127
4 2 64 127
.63f4fb877e29a 4 0 88 116
2 0 50 86
.63f4fb8784205 4 0 88 118
2 0 43 95
.63f4fb8791826 1 0 41 64
.63f4fb87a0609 4 0 64 0
4 1 64 0
4 2 64 0
.63f4fb882ed7e 4 0 88 83
2 0 47 98
.63f4fb8840126 1 0 43 64
.63f4fb88996e5 4 0 64 127
4 1 64 127
4 2 64 127
.63f4fb88c3789 1 0 53 64
.63f4fb88d5366 4 0 88 97
2 0 48 92
.63f4fb88d974d 4 0 88 59
2 0 44 56
.63f4fb88e2aa4 4 0 64 0
4 1 64 0
4 2 64 0
.63f4fb88e5d7d 1 0 47 64
.63f4fb88e92dc 1 0 50 64
.63f4fb89a24cb 4 0 88 97
2 0 43 92
.63f4fb89af614 1 0 44 64
.63f4fb89b59e2 4 0 64 127
4 1 64 127
4 2 64 127
.63f4fb89c9f74 1 0 48 64
.63f4fb8a45c16 4 0 88 73
2 0 56 78
.63f4fb8a4a56d 4 0 88 55
2 0 41 74
.63f4fb8a594c2 1 0 43 64
.63f4fb8a62871 4 0 64 0
4 1 64 0
4 2 64 0
.63f4fb8af707e 4 0 88 107
2 0 58 76
.63f4fb8afcfcf 4 0 88 45
2 0 43 87
.63f4fb8b0c6ba 1 0 41 64
.63f4fb8b91fdd 4 0 88 93
2 0 44 79
.63f4fb8b9473e 4 0 88 55
2 0 60 74
.63f4fb8b9670f 1 0 58 64
.63f4fb8b9d7c0 1 0 43 64
.63f4fb8bd9928 4 0 64 127
4 1 64 127
4 2 64 127
.63f4fb8c21019 1 0 56 64
.63f4fb8c45fa0 4 0 64 0
4 1 64 0
4 2 64 0
.63f4fb8c491ca 4 0 88 33
2 0 56 93
.63f4fb8c4ee60 4 0 88 53
2 0 41 91
.63f4fb8c579a1 1 0 44 64
.63f4fb8c5e4da 1 0 60 64
.63f4fb8c691ec 4 0 64 127
4 1 64 127
4 2 64 127
.63f4fb8cf834f 4 0 88 76
2 0 39 68
.63f4fb8cf91ef 4 0 88 109
2 0 60 78
.63f4fb8cfa887 1 0 56 64
.63f4fb8cfd4a4 4 0 88 78
2 0 55 76
.63f4fb8cfe848 4 0 64 0
4 1 64 0
4 2 64 0
.63f4fb8cfeb8a 1 0 41 64
.63f4fb8dbc8d5 4 0 88 48
2 0 56 84
.63f4fb8dc13ff 4 0 88 42
2 0 41 50
.63f4fb8dc94a1 1 0 55 64
.63f4fb8dd5249 1 0 39 64
.63f4fb8ddf369 1 0 60 64
.63f4fb8de8fde 4 0 64 127
4 1 64 127
4 2 64 127
.63f4fb8e6a257 4 0 88 11
2 0 62 81
.63f4fb8e6aa65 4 0 88 109
2 0 53 78
.63f4fb8e6d295 4 0 88 112
2 0 38 82
.63f4fb8e73693 1 0 56 64
.63f4fb8e767f7 1 0 41 64
.63f4fb8e787e3 4 0 64 0
4 1 64 0
4 2 64 0
.63f4fb8f18fe7 4 0 88 72
2 0 58 85
.63f4fb8f1bc45 4 0 88 116
2 0 41 86
.63f4fb8f2a7d0 1 0 53 64
.63f4fb8f2db98 1 0 38 64
.63f4fb8f7a684 4 0 64 127
4 1 64 127
4 2 64 127
.63f4fb8fbf2d5 4 0 88 37
2 0 60 97
.63f4fb8fc22f4 4 0 88 66
2 0 44 74
.63f4fb8fc716b 1 0 58 64
.63f4fb8fc987d 4 0 64 0
4 1 64 0
4 2 64 0
.63f4fb8fccc9e 1 0 41 64
.63f4fb8fe34ed 1 0 62 64
.63f4fb905af18 4 0 88 119
2 0 46 87
.63f4fb905c819 4 0 88 0
2 0 62 100
.63f4fb906d8b1 1 0 44 64
.63f4fb90794f0 4 0 64 127
4 1 64 127
4 2 64 127
.63f4fb907acc0 1 0 60 64
.63f4fb9095d24 1 0 62 64
.63f4fb90f2eba 4 0 88 119
2 0 63 87
.63f4fb90f7461 4 0 64 0
4 1 64 0
4 2 64 0
.63f4fb90f7a9a 4 0 88 65
2 0 48 90
.63f4fb9101582 1 0 46 64
.63f4fb91864a7 4 0 88 78
2 0 60 89
.63f4fb9188551 4 0 88 91
2 0 44 89
.63f4fb91a2ac3 1 0 48 64
.63f4fb91abdf1 1 0 63 64
.63f4fb91c17bc 4 0 64 127
4 1 64 127
4 2 64 127
.63f4fb92234f8 4 0 88 62
2 0 63 91
.63f4fb9225097 4 0 64 0
4 1 64 0
4 2 64 0
.63f4fb9226c9f 4 0 88 39
2 0 58 90
.63f4fb92272b3 4 0 88 78
2 0 43 89
.63f4fb9231d1e 1 0 44 64
.63f4fb9235e45 1 0 60 64
.63f4fb92c6fc1 4 0 88 78
2 0 60 89
.63f4fb92ca08f 4 0 88 66
2 0 44 88
.63f4fb92d71fa 1 0 58 64
.63f4fb92dc0b0 1 0 43 64
.63f4fb9303cb4 4 0 64 127
4 1 64 127
4 2 64 127
.63f4fb935d4e9 4 0 88 78
2 0 41 76
.63f4fb935d6a8 4 0 88 108
2 0 56 93
.63f4fb9362c2b 1 0 60 64
.63f4fb9368fcb 1 0 44 64
.63f4fb93702ea 4 0 64 0
4 1 64 0
4 2 64 0
.63f4fb9404012 4 0 88 98
2 0 60 83
4 0 88 53
2 0 48 91
.63f4fb9413f84 1 0 63 64
.63f4fb9457ac4 4 0 64 127
4 1 64 127
4 2 64 127
.63f4fb94b85f6 4 0 88 118
2 0 65 95
.63f4fb94b9da9 4 0 88 2
2 0 50 95
.63f4fb94ba0e4 1 0 60 64
.63f4fb94be34a 4 0 64 0
4 1 64 0
4 2 64 0
.63f4fb94c2e36 1 0 48 64
.63f4fb9535ee7 1 0 65 64
.63f4fb955cd5e 4 0 88 39
2 0 67 68
.63f4fb956340d 4 0 88 91
2 0 51 89
.63f4fb956dd92 1 0 50 64
.63f4fb95857ba 4 0 64 127
4 1 64 127
4 2 64 127
.63f4fb95a0b19 1 0 67 64
.63f4fb95a4d7e 1 0 56 64
.63f4fb95c528a 1 0 41 64
.63f4fb95f7c1a 4 0 88 7
2 0 68 53
.63f4fb95ff70e 4 0 88 78
2 0 53 89
.63f4fb960c45c 4 0 64 0
4 1 64 0
4 2 64 0
.63f4fb960f1ad 1 0 51 64
.63f4fb9632587 4 0 64 127
4 1 64 127
4 2 64 127
.63f4fb9698909 4 0 88 45
2 0 65 87
.63f4fb969d863 4 0 88 108
2 0 51 93
.63f4fb96b1020 1 0 53 64
.63f4fb96b4d4a 1 0 68 64
.63f4fb9748443 4 0 88 62
2 0 68 91
.63f4fb974b531 4 0 88 13
2 0 48 85
.63f4fb974cc13 4 0 88 119
2 0 63 87
.63f4fb9751868 4 0 64 0
4 1 64 0
4 2 64 0
.63f4fb9752916 1 0 51 64
.63f4fb975545d 1 0 65 64
.63f4fb97fdcfe 4 0 88 38
2 0 65 79
.63f4fb97fe8e7 4 0 88 98
2 0 50 83
.63f4fb9806f5d 1 0 48 64
.63f4fb980ff8d 1 0 63 64
.63f4fb983606d 4 0 64 127
4 1 64 127
4 2 64 127
.63f4fb98a72be 4 0 88 89
2 0 46 54
.63f4fb98ab0c0 4 0 88 116
2 0 62 86
.63f4fb98aee8f 1 0 50 64
.63f4fb98b40b6 1 0 65 64
4 0 64 0
4 1 64 0
4 2 64 0
.63f4fb98e5d82 4 0 64 127
4 1 64 127
4 2 64 127
.63f4fb98fee48 1 0 68 64
.63f4fb995099b 4 0 88 34
2 0 68 96
.63f4fb99e63b5 4 0 88 90
2 0 67 88
.63f4fb99e7a59 4 0 88 33
2 0 63 72
.63f4fb99e9403 1 0 62 64
.63f4fb99f0790 4 0 64 0
4 1 64 0
4 2 64 0
.63f4fb99f96a4 1 0 68 64
.63f4fb9a84e74 4 0 88 95
2 0 65 79
.63f4fb9a86c16 4 0 88 62
2 0 68 91
.63f4fb9a8ebda 1 0 63 64
.63f4fb9a9d113 1 0 67 64
.63f4fb9ab1daa 4 0 64 127
4 1 64 127
4 2 64 127
.63f4fb9b1a5f4 4 0 88 51
2 0 67 78
.63f4fb9b1b57d 4 0 88 72
2 0 70 85
4 0 64 0
4 1 64 0
4 2 64 0
.63f4fb9b1c09c 4 0 88 0
2 0 48 100
.63f4fb9b1f232 1 0 68 64
.63f4fb9b26a88 1 0 46 64
.63f4fb9b27ca3 1 0 65 64
.63f4fb9b6a757 4 0 64 127
4 1 64 127
4 2 64 127
.63f4fb9b90ef0 1 0 67 64
.63f4fb9bc36f6 4 0 88 110
2 0 67 91
.63f4fb9bc57fc 4 0 88 99
2 0 63 72
.63f4fb9bd3ace 1 0 70 64
.63f4fb9c1d1e8 1 0 63 64
.63f4fb9c3ffe9 1 0 67 64
.63f4fb9c69600 4 0 64 0
4 1 64 0
4 2 64 0
.63f4fb9c6d4e5 4 0 88 97
2 0 72 92
.63f4fb9c6dbc7 4 0 88 3
2 0 44 67
.63f4fb9c6ed07 4 0 88 60
2 0 63 81
.63f4fb9c763f0 1 0 48 64
.63f4fb9d23792 4 0 88 108
2 0 70 93
.63f4fb9d25192 4 0 88 59
2 0 62 100
.63f4fb9d35274 1 0 72 64
.63f4fb9d372de 1 0 63 64
.63f4fb9d42286 4 0 64 127
4 1 64 127
4 2 64 127
.63f4fb9d81f84 1 0 62 64
.63f4fb9dc60c2 4 0 64 0
4 1 64 0
4 2 64 0
.63f4fb9dc9c6b 4 0 88 125
2 0 60 81
.63f4fb9dca859 4 0 88 125
2 0 68 84
.63f4fb9ddd8eb 1 0 70 64
.63f4fb9e6c256 4 0 88 119
2 0 58 87
.63f4fb9e6ec04 4 0 88 99
2 0 55 52
.63f4fb9e7711e 1 0 60 64
.63f4fb9eb0755 4 0 64 127
4 1 64 127
4 2 64 127
.63f4fb9f0a1b9 4 0 88 7
2 0 56 95
.63f4fb9f0cabb 4 0 88 111
2 0 53 74
.63f4fb9f0e2b1 4 0 64 0
4 1 64 0
4 2 64 0
.63f4fb9f1022d 1 0 58 64
.63f4fb9f17de5 1 0 55 64
.63f4fb9f373fc 4 0 64 127
4 1 64 127
4 2 64 127
.63f4fb9f7f1cf 1 0 68 64
.63f4fb9fab249 4 0 88 80
2 0 51 82
4 0 88 65
2 0 65 77
.63f4fb9fb147f 1 0 53 64
.63f4fb9fb532a 4 0 64 0
4 1 64 0
4 2 64 0
.63f4fb9fe9f9f 4 0 64 127
4 1 64 127
4 2 64 127
.63f4fba05d159 4 0 88 60
2 0 68 81
.63f4fba0602a8 4 0 88 24
2 0 50 80
.63f4fba0620be 4 0 64 0
4 1 64 0
4 2 64 0
.63f4fba066b00 1 0 51 64
.63f4fba066db4 1 0 65 64
.63f4fba0c2ca2 4 0 64 127
4 1 64 127
4 2 64 127
.63f4fba0f3d61 1 0 68 64
.63f4fba1192c8 4 0 88 70
2 0 48 85
.63f4fba11a3fc 4 0 88 46
2 0 63 63
.63f4fba121efd 1 0 50 64
.63f4fba1538cd 1 0 56 64
.63f4fba1b0257 4 0 64 0
4 1 64 0
4 2 64 0
.63f4fba1b05e8 4 0 88 6
2 0 46 82
.63f4fba1b15de 4 0 88 41
2 0 67 83
.63f4fba1b292f 4 0 88 65
2 0 62 90
.63f4fba1c2144 1 0 48 64
.63f4fba1c2370 1 0 63 64
.63f4fba1c78e9 1 0 44 64
.63f4fba1dc1a2 4 0 64 127
4 1 64 127
4 2 64 127
.63f4fba23cc8d 4 0 64 0
4 1 64 0
4 2 64 0
.63f4fba252e65 4 0 88 94
2 0 60 97
.63f4fba25355a 4 0 88 99
2 0 44 72
.63f4fba261f42 1 0 62 64
.63f4fba26c771 1 0 46 64
.63f4fba288f35 4 0 64 127
4 1 64 127
4 2 64 127
.63f4fba2f26c7 4 0 88 82
2 0 59 80
.63f4fba2f92ad 4 0 88 82
2 0 43 80
.63f4fba2fb308 4 0 64 0
4 1 64 0
4 2 64 0
.63f4fba302217 1 0 44 64
.63f4fba309350 1 0 60 64
.63f4fba3a0d5f 4 0 88 95
2 0 65 79
.63f4fba3a13d8 4 0 88 20
2 0 56 86
.63f4fba3a7595 1 0 59 64
.63f4fba3aca37 1 0 67 64
.63f4fba3c5684 4 0 64 127
4 1 64 127
4 2 64 127
.63f4fba427cf5 1 0 56 64
.63f4fba43fbc7 4 0 88 105
2 0 55 101
.63f4fba442101 4 0 88 34
2 0 63 96
.63f4fba44946f 4 0 64 0
4 1 64 0
4 2 64 0
.63f4fba4536b2 1 0 65 64
.63f4fba46f531 4 0 64 127
4 1 64 127
4 2 64 127
.63f4fba4dbbab 4 0 64 0
4 1 64 0
4 2 64 0
.63f4fba4e192a 4 0 64 127
4 1 64 127
4 2 64 127
.63f4fba4e778a 4 0 88 107
2 0 62 96
.63f4fba4e88de 4 0 88 47
2 0 60 101
.63f4fba4f49d6 1 0 63 64
.63f4fba58736d 4 0 88 20
2 0 44 86
.63f4fba587655 1 0 43 64
.63f4fba588930 4 0 64 0
4 1 64 0
4 2 64 0
.63f4fba58b996 4 0 88 6
2 0 63 82
.63f4fba596e5e 1 0 62 64
.63f4fba5d4d41 4 0 64 127
4 1 64 127
4 2 64 127
.63f4fba626d5d 4 0 64 0
4 1 64 0
4 2 64 0
.63f4fba627330 4 0 88 14
2 0 59 94
.63f4fba638dce 1 0 60 64
.63f4fba64fe09 4 0 64 127
4 1 64 127
4 2 64 127
.63f4fba67b305 1 0 55 64
.63f4fba6cc85b 4 0 88 72
2 0 53 94
.63f4fba6cde9a 4 0 88 65
2 0 60 90
.63f4fba6d0c15 4 0 64 0
4 1 64 0
4 2 64 0
.63f4fba6d8ab7 1 0 59 64
.63f4fba781662 4 0 88 41
2 0 51 102
.63f4fba78c505 4 0 64 127
4 1 64 127
4 2 64 127
.63f4fba792d8d 1 0 53 64
.63f4fba7a09d6 1 0 44 64
.63f4fba8242b4 1 0 51 64
.63f4fba829be6 4 0 88 99
2 0 46 72
.63f4fba82a760 4 0 88 39
2 0 55 92
.63f4fba82d7ea 4 0 64 0
4 1 64 0
4 2 64 0
.63f4fba8e6e98 4 0 88 27
2 0 53 93
.63f4fba8f3f08 1 0 55 64
.63f4fba91dbb0 4 0 64 127
4 1 64 127
4 2 64 127
.63f4fba976bbe 1 0 63 64
.63f4fba982aa1 4 0 88 27
2 0 62 93
.63f4fba984b0b 4 0 88 27
2 0 52 93
.63f4fba9872bd 4 0 64 0
4 1 64 0
4 2 64 0
.63f4fba98c4f6 1 0 53 64
.63f4fba9928c0 1 0 60 64
.63f4fbaa3a1b0 1 0 62 64
.63f4fbaa3d2de 4 0 88 87
2 0 53 72
.63f4fbaa42264 4 0 88 79
2 0 61 59
.63f4fbaa54b5c 1 0 52 64
.63f4fbaaa3700 4 0 64 127
4 1 64 127
4 2 64 127
.63f4fbaae6c72 4 0 88 59
2 0 55 67
.63f4fbaaeca0c 4 0 64 0
4 1 64 0
4 2 64 0
.63f4fbaaf1a4d 1 0 53 64
.63f4fbaaf7d16 4 0 88 14
2 0 60 94
.63f4fbab0f498 1 0 61 64
.63f4fbab90511 4 0 88 14
2 0 58 89
.63f4fbab97105 4 0 88 14
2 0 51 89
.63f4fbaba46be 1 0 60 64
.63f4fbabb7855 4 0 88 28
2 0 52 59
.63f4fbac00ff8 1 0 51 64
.63f4fbac02069 1 0 52 64
.63f4fbac17590 1 0 55 64
.63f4fbac24fdc 4 0 88 65
2 0 52 77
.63f4fbac2b540 4 0 88 112
2 0 56 96
.63f4fbac42d58 1 0 58 64
.63f4fbacdaadb 4 0 88 37
2 0 55 97
.63f4fbaceb92f 1 0 56 64
.63f4fbad280b3 4 0 64 127
4 1 64 127
4 2 64 127
.63f4fbad2afde 1 0 46 64
.63f4fbad8799e 4 0 88 60
2 0 60 95
.63f4fbad88b17 4 0 64 0
4 1 64 0
4 2 64 0
.63f4fbad99639 4 0 88 24
2 0 48 98
.63f4fbad9f2a4 1 0 52 64
.63f4fbae12647 1 0 55 64
.63f4fbae30439 4 0 88 94
2 0 53 97
.63f4fbaec1572 4 0 88 55
2 0 52 82
.63f4fbaed04d5 1 0 53 64
.63f4fbaf5acd7 4 0 88 112
2 0 55 82
.63f4fbaf85e67 1 0 52 64
.63f4fbafa0f6d 4 0 64 127
4 1 64 127
4 2 64 127
.63f4fbaffeb65 4 0 64 0
4 1 64 0
4 2 64 0
.63f4fbafffefa 4 0 88 117
2 0 53 100
.63f4fbb00455c 4 0 88 117
2 0 49 61
.63f4fbb00ab9f 1 0 55 64
.63f4fbb0132bd 1 0 48 64
.63f4fbb03c3d6 4 0 64 127
4 1 64 127
4 2 64 127
.63f4fbb061f63 1 0 60 64
.63f4fbb06278f 1 0 53 64
.63f4fbb0baeaf 4 0 88 27
2 0 65 103
.63f4fbb159a1b 1 0 65 64
.63f4fbb15c1c9 4 0 88 6
2 0 75 82
.63f4fbb15cc98 4 0 88 80
2 0 68 82
.63f4fbb1615d2 4 0 88 39
2 0 48 92
.63f4fbb16cf9a 4 0 64 0
4 1 64 0
4 2 64 0
.63f4fbb172614 1 0 49 64
.63f4fbb20fdf1 4 0 88 66
2 0 73 88
.63f4fbb224593 1 0 75 64
.63f4fbb23fedc 4 0 64 127
4 1 64 127
4 2 64 127
.63f4fbb2a02a0 1 0 73 64
.63f4fbb2a2693 4 0 88 8
2 0 67 77
.63f4fbb2a449a 4 0 88 60
2 0 46 81
.63f4fbb2a60e4 4 0 88 58
2 0 72 86
.63f4fbb2ac5aa 4 0 64 0
4 1 64 0
4 2 64 0
.63f4fbb2b68de 1 0 68 64
.63f4fbb2b698a 1 0 48 64
.63f4fbb35037a 4 0 88 7
2 0 65 90
.63f4fbb360b37 1 0 67 64
.63f4fbb393cfe 4 0 64 127
4 1 64 127
4 2 64 127
.63f4fbb3f47ab 4 0 64 0
4 1 64 0
4 2 64 0
.63f4fbb3f8427 4 0 88 38
2 0 64 79
.63f4fbb3f909d 4 0 88 28
2 0 67 84
.63f4fbb3fb2c3 4 0 88 100
2 0 44 83
.63f4fbb405737 1 0 65 64
.63f4fbb409104 1 0 46 64
.63f4fbb463d7a 4 0 64 127
4 1 64 127
4 2 64 127
.63f4fbb4920cd 1 0 72 64
.63f4fbb495ce9 4 0 88 20
2 0 68 86
.63f4fbb497d36 4 0 88 24
2 0 65 98
.63f4fbb49b9ba 1 0 67 64
.63f4fbb4a512b 1 0 64 64
.63f4fbb51a92f 1 0 68 64
.63f4fbb5253d0 4 0 64 0
4 1 64 0
4 2 64 0
.63f4fbb530447 4 0 88 6
2 0 70 82
.63f4fbb531f3b 4 0 88 97
2 0 67 92
.63f4fbb5356dc 4 0 88 125
2 0 43 81
.63f4fbb53907a 1 0 65 64
.63f4fbb53ad6c 1 0 44 64
.63f4fbb587646 1 0 70 64
.63f4fbb588cae 4 0 64 127
4 1 64 127
4 2 64 127
.63f4fbb5d2dd9 4 0 88 88
2 0 73 98
.63f4fbb622b54 1 0 73 64
.63f4fbb627d9b 1 0 67 64
.63f4fbb678245 4 0 88 13
2 0 72 99
.63f4fbb6791f4 4 0 88 0
2 0 64 100
.63f4fbb684da5 4 0 64 0
4 1 64 0
4 2 64 0
.63f4fbb6b0c94 4 0 64 127
4 1 64 127
4 2 64 127
.63f4fbb728a31 4 0 88 72
2 0 70 85
.63f4fbb72a54e 4 0 88 96
2 0 67 102
.63f4fbb72d3c0 4 0 88 0
2 0 48 100
.63f4fbb732cd3 1 0 64 64
.63f4fbb73381f 1 0 72 64
.63f4fbb7349c0 4 0 64 0
4 1 64 0
4 2 64 0
.63f4fbb7419ed 1 0 43 64
.63f4fbb78c891 4 0 64 127
4 1 64 127
4 2 64 127
.63f4fbb7ba843 1 0 67 64
.63f4fbb7bdbd9 1 0 70 64
.63f4fbb7d27df 1 0 48 64
.63f4fbb7ddab8 4 0 88 1
2 0 48 86
.63f4fbb7e7535 4 0 88 108
2 0 70 93
.63f4fbb7e81bc 4 0 88 24
2 0 67 98
.63f4fbb7fbe4e 4 0 64 0
4 1 64 0
4 2 64 0
.63f4fbb89eb0e 4 0 88 27
2 0 53 93
.63f4fbb8b48e4 1 0 48 64
.63f4fbb8e06e2 4 0 64 127
4 1 64 127
4 2 64 127
.63f4fbb93fca9 1 0 67 64
.63f4fbb946908 4 0 88 20
2 0 68 86
.63f4fbb949675 4 0 88 112
2 0 55 82
.63f4fbb94be62 4 0 88 16
2 0 72 22
.63f4fbb95696e 1 0 53 64
.63f4fbb95884f 4 0 64 0
4 1 64 0
4 2 64 0
.63f4fbb95eb8a 1 0 72 64
.63f4fbb9f5b4c 4 0 88 100
2 0 56 83
.63f4fbba03e5c 1 0 55 64
.63f4fbba50f9f 1 0 68 64
.63f4fbba93b96 4 0 88 57
2 0 61 65
.63f4fbba95bda 4 0 88 59
2 0 58 56
.63f4fbba9ff98 1 0 56 64
.63f4fbbb46398 4 0 88 72
2 0 60 73
.63f4fbbb4ddc5 1 0 58 64
.63f4fbbb7f6d6 4 0 64 127
4 1 64 127
4 2 64 127
.63f4fbbba9ec8 1 0 61 64
.63f4fbbbdd962 4 0 88 87
2 0 65 72
.63f4fbbbe1fa0 4 0 88 90
2 0 61 48
.63f4fbbbeed1d 1 0 60 64
4 0 64 0
4 1 64 0
4 2 64 0
.63f4fbbc80fab 4 0 88 113
2 0 58 63
.63f4fbbc939b8 1 0 61 64
.63f4fbbc9e900 4 0 64 127
4 1 64 127
4 2 64 127
.63f4fbbcc71cc 1 0 70 64
.63f4fbbd22696 4 0 64 0
4 1 64 0
4 2 64 0
.63f4fbbd25797 4 0 88 72
2 0 67 73
.63f4fbbd2770f 1 0 65 64
.63f4fbbd282a5 4 0 88 88
2 0 61 70
.63f4fbbdd8819 4 0 88 111
2 0 55 74
.63f4fbbde2dc6 1 0 58 64
.63f4fbbe6fff6 4 0 88 55
2 0 60 82
.63f4fbbe723df 4 0 88 65
2 0 56 47
.63f4fbbe77e5d 1 0 61 64
.63f4fbbe8ab61 1 0 55 64
.63f4fbbf149aa 4 0 88 43
2 0 58 87
.63f4fbbf231cd 1 0 56 64
.63f4fbbf34bf2 4 0 64 127
4 1 64 127
4 2 64 127
.63f4fbbfad1d3 1 0 60 64
.63f4fbbfaef83 4 0 88 108
2 0 63 93
.63f4fbbfb8d41 4 0 88 21
2 0 56 59
.63f4fbbfc73c2 1 0 58 64
.63f4fbbfca2ff 4 0 64 0
4 1 64 0
4 2 64 0
.63f4fbc0568cc 4 0 88 61
2 0 58 97
.63f4fbc0672cc 1 0 56 64
.63f4fbc088a69 4 0 64 127
4 1 64 127
4 2 64 127
.63f4fbc0f329a 4 0 88 112
2 0 60 56
.63f4fbc0fd35f 1 0 67 64
.63f4fbc0ff46b 4 0 88 96
2 0 65 60
.63f4fbc1087d4 1 0 58 64
.63f4fbc1097fe 4 0 64 0
4 1 64 0
4 2 64 0
.63f4fbc1a2f75 4 0 88 53
2 0 56 77
.63f4fbc225421 1 0 60 64
.63f4fbc241022 4 0 88 58
2 0 61 61
.63f4fbc267217 1 0 63 64
.63f4fbc271f5d 4 0 64 127
4 1 64 127
4 2 64 127
.63f4fbc2bb345 4 0 64 0
4 1 64 0
4 2 64 0
.63f4fbc2de955 4 0 88 41
2 0 53 83
.63f4fbc2eff7d 4 0 64 127
4 1 64 127
4 2 64 127
.63f4fbc3468eb 1 0 56 64
.63f4fbc36daf4 4 0 88 120
2 0 63 73
.63f4fbc37c910 4 0 64 0
4 1 64 0
4 2 64 0
.63f4fbc37df95 4 0 88 55
2 0 55 82
.63f4fbc3805ff 1 0 65 64
.63f4fbc40480e 4 0 88 100
2 0 56 83
.63f4fbc414015 1 0 55 64
.63f4fbc41ad7c 1 0 53 64
.63f4fbc4268c7 4 0 64 127
4 1 64 127
4 2 64 127
.63f4fbc49f705 4 0 88 45
2 0 60 87
.63f4fbc4a3676 4 0 88 121
2 0 55 59
.63f4fbc4b03e3 4 0 64 0
4 1 64 0
4 2 64 0
.63f4fbc4b1c74 1 0 61 64
.63f4fbc4b7ff8 1 0 56 64
.63f4fbc5307f3 4 0 88 93
2 0 56 71
.63f4fbc54bf93 1 0 55 64
.63f4fbc57a704 4 0 64 127
4 1 64 127
4 2 64 127
.63f4fbc5c3aac 4 0 64 0
4 1 64 0
4 2 64 0
.63f4fbc5c704e 4 0 88 115
2 0 58 40
.63f4fbc5c77f2 4 0 88 113
2 0 61 63
.63f4fbc5d839a 1 0 56 64
.63f4fbc5d8607 1 0 63 64
.63f4fbc61e890 4 0 64 127
4 1 64 127
4 2 64 127
.63f4fbc664d31 4 0 64 0
4 1 64 0
4 2 64 0
.63f4fbc66a6c3 4 0 88 39
2 0 55 75
.63f4fbc67487a 1 0 58 64
.63f4fbc71c311 4 0 88 118
2 0 58 9
.63f4fbc71d158 4 0 88 92
2 0 57 23
.63f4fbc71dd6b 1 0 60 64
.63f4fbc7505f2 1 0 57 64
.63f4fbc7bb0b9 4 0 88 66
2 0 51 74
.63f4fbc80daf0 4 0 64 127
4 1 64 127
4 2 64 127
.63f4fbc84f459 4 0 88 32
2 0 60 63
.63f4fbc853314 1 0 61 64
.63f4fbc8547d7 4 0 88 116
2 0 53 53
.63f4fbc859766 1 0 51 64
.63f4fbc85fb5a 4 0 64 0
4 1 64 0
4 2 64 0
.63f4fbc86244c 1 0 55 64
.63f4fbc8918e7 4 0 64 127
4 1 64 127
4 2 64 127
.63f4fbc8b9bb1 1 0 58 64
.63f4fbc8d4eee 4 0 64 0
4 1 64 0
4 2 64 0
.63f4fbc8e2a2f 4 0 88 61
2 0 55 37
.63f4fbc8e5e09 4 0 88 33
2 0 58 93
.63f4fbc8fad0d 1 0 60 64
.63f4fbc8fd784 1 0 53 64
.63f4fbc90f867 4 0 64 127
4 1 64 127
4 2 64 127
.63f4fbc984db2 4 0 88 72
2 0 60 94
.63f4fbc98df35 4 0 88 126
2 0 56 51
.63f4fbc99650a 4 0 64 0
4 1 64 0
4 2 64 0
.63f4fbc99aaed 1 0 55 64
.63f4fbca06579 1 0 56 64
.63f4fbca25e8a 4 0 64 127
4 1 64 127
4 2 64 127
.63f4fbca2a443 4 0 88 78
2 0 53 89
.63f4fbca2da35 4 0 88 114
2 0 56 90
.63f4fbca4062e 1 0 58 64
.63f4fbcacf5cd 1 0 53 64
.63f4fbcad090f 4 0 88 68
2 0 52 51
.63f4fbcad0b94 4 0 88 95
2 0 55 75
.63f4fbcadb921 4 0 64 0
4 1 64 0
4 2 64 0
.63f4fbcadbc7e 1 0 56 64
.63f4fbcb27bb7 4 0 64 127
4 1 64 127
4 2 64 127
.63f4fbcb752e8 4 0 88 43
2 0 56 87
.63f4fbcb7c3a0 4 0 88 74
2 0 53 61
.63f4fbcb7c610 1 0 55 64
.63f4fbcb85835 4 0 64 0
4 1 64 0
4 2 64 0
.63f4fbcb89fe5 1 0 52 64
.63f4fbcbae838 4 0 64 127
4 1 64 127
4 2 64 127
.63f4fbcbc7cf4 1 0 53 64
.63f4fbcc18bd3 4 0 88 41
2 0 53 83
.63f4fbcc1c8be 4 0 88 3
2 0 37 67
.63f4fbcc23b5e 4 0 64 0
4 1 64 0
4 2 64 0
.63f4fbcc2dc3d 1 0 56 64
.63f4fbcccfd2e 4 0 88 39
2 0 58 90
.63f4fbcce1f5d 1 0 60 64
.63f4fbccff793 4 0 64 127
4 1 64 127
4 2 64 127
.63f4fbcd5f17c 1 0 58 64
.63f4fbcd631c3 4 0 88 12
2 0 61 75
.63f4fbcd654f7 4 0 88 66
2 0 56 74
.63f4fbcd71c31 4 0 64 0
4 1 64 0
4 2 64 0
.63f4fbcd743cf 1 0 53 64
.63f4fbcdfbb00 4 0 88 118
2 0 55 95
.63f4fbcdfe5bd 4 0 64 127
4 1 64 127
4 2 64 127
.63f4fbce0e96b 1 0 61 64
.63f4fbce0f67c 1 0 56 64
.63f4fbce2d0ec 1 0 55 64
.63f4fbce9936c 4 0 88 39
2 0 65 92
4 0 88 119
2 0 56 87
.63f4fbce9a069 4 0 88 40
2 0 39 80
.63f4fbce9f804 4 0 64 0
4 1 64 0
4 2 64 0
.63f4fbcea6af4 1 0 37 64
.63f4fbcf37ed0 4 0 88 103
2 0 60 87
.63f4fbcfccd60 4 0 88 114
2 0 58 80
.63f4fbcfdd24f 1 0 60 64
.63f4fbd066ee2 4 0 88 48
2 0 61 84
.63f4fbd06e6d6 1 0 58 64
.63f4fbd085f3b 4 0 64 127
4 1 64 127
4 2 64 127
.63f4fbd09383e 1 0 56 64
.63f4fbd105e62 4 0 88 62
2 0 58 91
.63f4fbd107377 1 0 61 64
.63f4fbd108a3d 4 0 88 53
2 0 41 91
.63f4fbd10cb33 4 0 64 0
4 1 64 0
4 2 64 0
.63f4fbd111e12 1 0 39 64
.63f4fbd1c4621 4 0 88 43
2 0 56 87
.63f4fbd1d1490 1 0 58 64
.63f4fbd1dfb1a 4 0 64 127
4 1 64 127
4 2 64 127
.63f4fbd206a26 1 0 65 64
.63f4fbd214c17 1 0 56 64
.63f4fbd253736 4 0 88 122
2 0 64 90
.63f4fbd254d92 4 0 64 0
4 1 64 0
4 2 64 0
.63f4fbd256cb3 4 0 88 122
2 0 55 90
.63f4fbd2e9032 4 0 88 112
2 0 56 96
.63f4fbd2f2eb7 1 0 55 64
.63f4fbd30d7d3 4 0 64 127
4 1 64 127
4 2 64 127
.63f4fbd322a8e 1 0 64 64
.63f4fbd330b95 1 0 56 64
.63f4fbd3792c4 4 0 88 114
2 0 58 90
.63f4fbd37dcc6 4 0 88 72
2 0 43 94
.63f4fbd38a6df 1 0 41 64
.63f4fbd38e5e3 4 0 64 0
4 1 64 0
4 2 64 0
.63f4fbd41f888 4 0 88 108
2 0 61 93
.63f4fbd42fae5 1 0 58 64
.63f4fbd435695 4 0 64 127
4 1 64 127
4 2 64 127
.63f4fbd4bdb93 4 0 88 41
2 0 60 83
.63f4fbd4bf32a 4 0 64 0
4 1 64 0
4 2 64 0
4 0 88 62
2 0 70 91
.63f4fbd4c9545 1 0 61 64
.63f4fbd537454 4 0 64 127
4 1 64 127
4 2 64 127
.63f4fbd548102 1 0 60 64
.63f4fbd56d392 4 0 88 41
2 0 58 102
.63f4fbd595d34 1 0 58 64
.63f4fbd5f51a1 4 0 88 97
2 0 60 92
.63f4fbd5f8980 4 0 88 33
2 0 44 76
.63f4fbd5fe8a8 4 0 64 0
4 1 64 0
4 2 64 0
.63f4fbd603e90 1 0 43 64
.63f4fbd694b89 4 0 88 25
2 0 68 83
.63f4fbd6a9a0f 1 0 70 64
.63f4fbd6c2d6d 4 0 64 127
4 1 64 127
4 2 64 127
.63f4fbd6cd313 1 0 60 64
.63f4fbd7262fb 4 0 88 65
2 0 67 90
.63f4fbd728b33 4 0 88 112
2 0 64 82
.63f4fbd72db20 1 0 68 64
.63f4fbd73808f 4 0 64 0
4 1 64 0
4 2 64 0
.63f4fbd7baf85 4 0 88 27
2 0 65 93
.63f4fbd7cf42d 1 0 67 64
.63f4fbd7edb29 4 0 64 127
4 1 64 127
4 2 64 127
.63f4fbd8114da 1 0 64 64
.63f4fbd842646 4 0 88 103
2 0 67 87
.63f4fbd845449 4 0 88 120
2 0 46 73
.63f4fbd84583f 4 0 88 1
2 0 60 86
.63f4fbd84d208 1 0 65 64
.63f4fbd851453 4 0 64 0
4 1 64 0
4 2 64 0
.63f4fbd852346 1 0 44 64
.63f4fbd8e891a 4 0 88 40
2 0 61 80
.63f4fbd8fbf6f 1 0 60 64
.63f4fbd930013 4 0 64 127
4 1 64 127
4 2 64 127
.63f4fbd981e1b 1 0 67 64
.63f4fbd987e3d 4 0 88 1
2 0 65 86
.63f4fbd98ac39 4 0 88 6
2 0 58 82
.63f4fbd990b47 4 0 64 0
4 1 64 0
4 2 64 0
.63f4fbd9932c1 1 0 61 64
.63f4fbd9b9b5d 4 0 64 127
4 1 64 127
4 2 64 127
.63f4fbda01a86 1 0 58 64
.63f4fbda2b65d 4 0 88 127
2 0 56 77
.63f4fbda86f56 1 0 56 64
.63f4fbdacd7e9 4 0 88 90
2 0 55 88
.63f4fbdad4cec 4 0 88 18
2 0 48 104
.63f4fbdad5e05 4 0 64 0
4 1 64 0
4 2 64 0
.63f4fbdae0560 1 0 46 64
.63f4fbdb6748a 4 0 88 96
2 0 58 86
.63f4fbdb7b3b0 1 0 55 64
.63f4fbdb85c12 4 0 64 127
4 1 64 127
4 2 64 127
.63f4fbdb97ff5 1 0 65 64
.63f4fbdc067c5 4 0 88 68
2 0 65 81
.63f4fbdc071e6 4 0 88 60
2 0 56 81
.63f4fbdc0798a 1 0 58 64
.63f4fbdc0985a 4 0 64 0
4 1 64 0
4 2 64 0
.63f4fbdca3f52 4 0 88 60
2 0 58 81
.63f4fbdcab9b3 4 0 88 87
2 0 55 72
.63f4fbdcaf8b8 1 0 56 64
.63f4fbdce554f 4 0 64 127
4 1 64 127
4 2 64 127
.63f4fbdd3477a 4 0 88 69
2 0 56 67
.63f4fbdd352c0 4 0 88 98
2 0 53 83
.63f4fbdd3d37f 4 0 64 0
4 1 64 0
4 2 64 0
.63f4fbdd3f08b 1 0 55 64
.63f4fbdd4220b 1 0 58 64
.63f4fbdd77d7a 4 0 64 127
4 1 64 127
4 2 64 127
.63f4fbddc4b7c 1 0 56 64
.63f4fbddc6a45 1 0 53 64
.63f4fbddd4ccd 4 0 88 43
2 0 61 87
.63f4fbddd8c39 4 0 88 107
2 0 56 76
.63f4fbdddb712 4 0 64 0
4 1 64 0
4 2 64 0
.63f4fbddde561 4 0 64 127
4 1 64 127
4 2 64 127
.63f4fbddecebf 1 0 65 64
.63f4fbde29706 1 0 48 64
.63f4fbde474d6 1 0 56 64
.63f4fbde85650 4 0 64 0
4 1 64 0
4 2 64 0
.63f4fbde8622f 4 0 88 13
2 0 60 99
.63f4fbde8681a 4 0 88 65
2 0 48 77
.63f4fbde86ce7 4 0 88 90
2 0 55 88
.63f4fbde9a158 1 0 61 64
.63f4fbdf428bf 1 0 60 64
.63f4fbdf47b15 4 0 88 45
2 0 59 87
.63f4fbdf485a3 4 0 88 40
2 0 56 80
.63f4fbdf6cd38 1 0 55 64
.63f4fbdfcd90f 4 0 64 127
4 1 64 127
4 2 64 127
.63f4fbdff36dd 1 0 56 64
.63f4fbe0320ba 1 0 59 64
.63f4fbe03b807 4 0 88 116
2 0 60 86
.63f4fbe03c379 4 0 88 1
2 0 52 86
.63f4fbe03d8e6 4 0 88 41
2 0 36 83
.63f4fbe042bd3 4 0 64 0
4 1 64 0
4 2 64 0
.63f4fbe05798b 1 0 48 64
.63f4fbe0f82a2 4 0 88 1
2 0 53 86
.63f4fbe106432 1 0 52 64
.63f4fbe1a5f7a 4 0 88 78
2 0 55 89
.63f4fbe1b3892 1 0 53 64
.63f4fbe2615fd 4 0 88 10
2 0 58 92
.63f4fbe26e269 1 0 60 64
.63f4fbe27bc6f 1 0 55 64
.63f4fbe29b6ed 4 0 64 127
4 1 64 127
4 2 64 127
.63f4fbe345c3f 4 0 88 71
2 0 57 99
.63f4fbe349096 4 0 88 107
2 0 35 57
.63f4fbe350842 1 0 36 64
.63f4fbe351184 4 0 64 0
4 1 64 0
4 2 64 0
.63f4fbe35a135 1 0 58 64
.63f4fbe42c215 4 0 88 60
2 0 52 95
.63f4fbe4e1ee2 4 0 88 120
2 0 56 73
.63f4fbe4e2ce8 4 0 88 95
2 0 53 79
.63f4fbe4f0c95 1 0 52 64
.63f4fbe4f2003 1 0 57 64
.63f4fbe5b4d2e 4 0 88 116
2 0 51 99
.63f4fbe5bbba1 1 0 53 64
.63f4fbe5c4227 4 0 64 127
4 1 64 127
4 2 64 127
.63f4fbe6059be 1 0 51 64
.63f4fbe65b576 4 0 88 14
2 0 34 69
.63f4fbe65fe74 4 0 88 78
2 0 50 89
.63f4fbe6604aa 1 0 35 64
.63f4fbe6654d3 4 0 64 0
4 1 64 0
4 2 64 0
.63f4fbe712e55 4 0 88 7
2 0 53 90
.63f4fbe733a34 1 0 56 64
.63f4fbe752a00 4 0 64 127
4 1 64 127
4 2 64 127
.63f4fbe778c3e 1 0 50 64
.63f4fbe793554 1 0 53 64
.63f4fbe7c4deb 4 0 64 0
4 1 64 0
4 2 64 0
.63f4fbe7c9fee 4 0 88 116
2 0 55 86
.63f4fbe7ca26d 4 0 88 119
2 0 49 87
.63f4fbe89b4ec 4 0 88 28
2 0 52 84
.63f4fbe8bf97b 1 0 55 64
.63f4fbe8d5666 4 0 64 127
4 1 64 127
4 2 64 127
.63f4fbe9739a7 4 0 64 0
4 1 64 0
4 2 64 0
.63f4fbe973fb8 4 0 88 88
2 0 32 50
.63f4fbe975cad 4 0 88 37
2 0 53 97
.63f4fbe97d0be 1 0 34 64
.63f4fbe9819c6 1 0 52 64
.63f4fbea44f68 4 0 88 65
2 0 48 90
.63f4fbea53e2e 1 0 49 64
.63f4fbeb163e1 4 0 88 39
2 0 44 90
.63f4fbeb2b204 4 0 64 127
4 1 64 127
4 2 64 127
.63f4fbeb2c99d 1 0 48 64
.63f4fbebcdaa4 1 0 53 64
.63f4fbebf4c5d 4 0 88 59
2 0 53 100
.63f4fbec6e4e0 1 0 44 64
.63f4fbecf193a 4 0 88 33
2 0 49 93
.63f4fbecf57fa 4 0 88 104
2 0 34 53
.63f4fbecfa077 4 0 64 0
4 1 64 0
4 2 64 0
.63f4fbed025a9 1 0 32 64
.63f4fbeddda3f 4 0 88 20
2 0 43 89
.63f4fbeeacdbe 4 0 88 91
2 0 44 89
.63f4fbeeb7af7 1 0 43 64
.63f4fbeec5bfd 1 0 49 64
.63f4fbef88646 4 0 88 39
2 0 46 90
.63f4fbef9c011 1 0 44 64
.63f4fbefb596b 1 0 53 64
.63f4fbefbf225 4 0 64 127
4 1 64 127
4 2 64 127
.63f4fbf05d5b7 4 0 64 0
4 1 64 0
4 2 64 0
.63f4fbf06010f 4 0 88 37
2 0 52 97
.63f4fbf067d92 4 0 88 64
2 0 36 70
.63f4fbf06e26e 1 0 34 64
.63f4fbf132361 1 0 46 64
.63f4fbf14dd02 4 0 88 6
2 0 46 82
.63f4fbf1fe8d8 4 0 88 72
2 0 44 85
.63f4fbf2134a7 1 0 46 64
.63f4fbf2ecb96 4 0 88 1
2 0 43 86
.63f4fbf2fb61c 1 0 44 64
.63f4fbf310e00 4 0 64 127
4 1 64 127
4 2 64 127
.63f4fbf418947 1 0 52 64
.63f4fbf48f0e1 1 0 36 64
.63f4fbf492d88 1 0 43 64
.63f4fbf50c032 4 0 88 7
2 0 53 90
.63f4fbf50c44b 4 0 88 24
2 0 48 98
.63f4fbf50ea16 4 0 88 80
2 0 44 82
.63f4fbf5118aa 4 0 88 46
2 0 37 73
.63f4fbf5177dd 4 0 64 0
4 1 64 0
4 2 64 0
.63f4fbf7ad0aa 1 0 48 64
.63f4fbf7b382e 4 0 64 127
4 1 64 127
4 2 64 127
.63f4fbf81875d 4 0 88 98
2 0 48 83
.63f4fbf8402fd 4 0 64 0
4 1 64 0
4 2 64 0
.63f4fbf8db7b0 4 0 64 127
4 1 64 127
4 2 64 127
.63f4fbf8ec0a3 1 0 37 64
.63f4fbf90f88d 4 0 88 119
2 0 46 87
.63f4fbf913f16 4 0 88 65
2 0 36 45
.63f4fbf921cd8 4 0 64 0
4 1 64 0
4 2 64 0
.63f4fbf922507 1 0 48 64
.63f4fbf92709a 1 0 44 64
.63f4fbf9f3d99 4 0 88 24
2 0 52 80
.63f4fbfa072cd 1 0 53 64
.63f4fbfa7b8c8 4 0 64 127
4 1 64 127
4 2 64 127
.63f4fbfad4a59 4 0 88 26
2 0 44 71
1 0 46 64
.63f4fbfadc372 4 0 64 0
4 1 64 0
4 2 64 0
.63f4fbfba08f4 4 0 64 127
4 1 64 127
4 2 64 127
.63f4fbfbc6a2f 4 0 64 0
4 1 64 0
4 2 64 0
.63f4fbfbd3221 4 0 88 70
2 0 53 85
.63f4fbfbe4ec4 1 0 52 64
.63f4fbfc35fb1 4 0 64 127
4 1 64 127
4 2 64 127
.63f4fbfc80417 1 0 36 64
.63f4fbfc80d47 1 0 44 64
.63f4fbfcc49f6 4 0 88 103
2 0 43 87
.63f4fbfcc4e03 4 0 88 41
2 0 36 83
.63f4fbfcce56e 4 0 64 0
4 1 64 0
4 2 64 0
.63f4fbfdba533 4 0 88 14
2 0 44 69
.63f4fbfdcc08b 1 0 43 64
.63f4fbfe2df31 4 0 64 127
4 1 64 127
4 2 64 127
.63f4fbfe94da8 1 0 44 64
.63f4fbfee782d 4 0 88 21
2 0 46 59
.63f4fbfee884b 4 0 88 23
2 0 52 76
.63f4fbfef1c8d 1 0 53 64
.63f4fbfef237a 4 0 64 0
4 1 64 0
4 2 64 0
.63f4fc00b5edb 4 0 88 43
2 0 49 87
.63f4fc00fec1b 4 0 64 127
4 1 64 127
4 2 64 127
.63f4fc0167a59 1 0 46 64
.63f4fc01721f2 1 0 36 64
.63f4fc0324443 4 0 88 103
2 0 29 48
.63f4fc03322fd 4 0 88 13
2 0 53 99
.63f4fc033a1c3 4 0 64 0
4 1 64 0
4 2 64 0
.63f4fc03409f7 1 0 52 64
.63f4fc045ca57 1 0 49 64
.63f4fc04726ec 4 0 88 91
2 0 46 89
.63f4fc051aa75 4 0 64 127
4 1 64 127
4 2 64 127
.63f4fc05649a7 4 0 88 72
2 0 51 85
.63f4fc056f9b2 4 0 64 0
4 1 64 0
4 2 64 0
.63f4fc0577d9e 1 0 53 64
.63f4fc063fa75 4 0 88 33
2 0 49 76
.63f4fc064c3be 1 0 51 64
.63f4fc06d5b9a 1 0 46 64
.63f4fc0735352 4 0 88 37
2 0 48 97
.63f4fc074febe 1 0 49 64
.63f4fc0841402 4 0 88 97
2 0 41 92
.63f4fc08458a8 4 0 88 33
2 0 46 76
.63f4fc085a21f 1 0 48 64
.63f4fc0962bbd 4 0 88 41
2 0 45 83
.63f4fc0976be6 1 0 46 64
.63f4fc0a8278f 4 0 88 46
2 0 46 73
.63f4fc0aa5ccc 1 0 45 64
.63f4fc0bb3e98 4 0 88 108
2 0 43 45
.63f4fc0bd9da1 1 0 46 64
.63f4fc0d4ac89 4 0 88 47
2 0 52 71
.63f4fc0d7e685 4 0 64 127
4 1 64 127
4 2 64 127
.63f4fc0de5028 1 0 43 64
.63f4fc0dfa5b2 1 0 52 64
.63f4fc0dfe90f 1 0 29 64
.63f4fc0e062c6 1 0 41 64
.63f4fc0f7ffae 4 0 88 22
2 0 29 58
.63f4fc0f8dde0 4 0 88 28
2 0 45 53
.63f4fc0f8fcd5 4 0 88 70
2 0 53 85
.63f4fc0fa24f9 4 0 64 0
4 1 64 0
4 2 64 0
.63f4fc0fe73a8 4 0 88 11
2 0 43 81
.63f4fc0ffadfd 1 0 45 64
.63f4fc1034e26 4 0 88 118
2 0 45 64
.63f4fc103fe25 1 0 43 64
.63f4fc136934c 4 0 64 127
4 1 64 127
4 2 64 127
.63f4fc139fef3 1 0 29 64
.63f4fc13b6d41 1 0 45 64
.63f4fc13ccd36 1 0 53 64
.63f4fc1a93723 4 0 88 79
2 0 72 31
.63f4fc1bba17d 4 0 88 70
2 0 65 32
.63f4fc1beac22 1 0 72 64
.63f4fc1ce4fd8 4 0 88 21
2 0 69 33
.63f4fc1d31b89 1 0 65 64
.63f4fc1e8446d 4 0 88 36
2 0 67 41
.63f4fc1e9175c 1 0 69 64
.63f4fc1f23c89 4 0 88 25
2 0 69 47
.63f4fc1f2924a 1 0 67 64
.63f4fc1fb8197 4 0 88 46
2 0 70 44
.63f4fc1fcd0b6 1 0 69 64
.63f4fc20493ca 4 0 88 56
2 0 69 48
.63f4fc2053034 1 0 70 64
.63f4fc20d0c61 4 0 88 107
2 0 70 39
.63f4fc20e0ba8 1 0 69 64
.63f4fc21669c8 4 0 88 126
2 0 72 55
.63f4fc21675c2 4 0 88 56
2 0 65 55
.63f4fc216e1df 1 0 70 64
.63f4fc21746a1 4 0 64 0
4 1 64 0
4 2 64 0
.63f4fc22052fa 4 0 88 21
2 0 74 55
.63f4fc2214074 1 0 72 64
.63f4fc222a139 4 0 64 127
4 1 64 127
4 2 64 127
.63f4fc2297b84 4 0 88 65
2 0 60 57
.63f4fc229eeff 1 0 65 64
.63f4fc22ab030 4 0 64 0
4 1 64 0
4 2 64 0
.63f4fc2325564 4 0 88 83
2 0 65 54
.63f4fc2337e8b 1 0 74 64
.63f4fc2354f23 4 0 64 127
4 1 64 127
4 2 64 127
.63f4fc23b8817 4 0 88 112
2 0 67 56
.63f4fc23be336 4 0 88 73
2 0 62 52
.63f4fc23c15d7 4 0 64 0
4 1 64 0
4 2 64 0
.63f4fc23c4da2 1 0 65 64
.63f4fc23c7ee3 1 0 60 64
.63f4fc2448d39 4 0 88 99
2 0 69 52
.63f4fc2459428 1 0 67 64
.63f4fc24ddccd 4 0 88 28
2 0 70 46
.63f4fc24ec0df 1 0 69 64
.63f4fc256e3c2 4 0 88 112
2 0 64 56
.63f4fc257ca4f 1 0 62 64
.63f4fc25c7f95 4 0 64 127
4 1 64 127
4 2 64 127
.63f4fc2603696 4 0 88 74
2 0 72 61
.63f4fc260576f 4 0 64 0
4 1 64 0
4 2 64 0
.63f4fc2609569 4 0 88 84
2 0 62 35
.63f4fc260b3cb 1 0 70 64
.63f4fc261a0c9 1 0 64 64
.63f4fc269af0b 4 0 64 127
4 1 64 127
4 2 64 127
.63f4fc269eb21 4 0 88 66
2 0 64 58
.63f4fc26ab5fb 1 0 72 64
.63f4fc26ac49e 1 0 62 64
.63f4fc2727c4d 4 0 88 20
2 0 69 61
.63f4fc272c6e9 4 0 88 23
2 0 65 49
.63f4fc2737be1 1 0 64 64
.63f4fc273f077 4 0 64 0
4 1 64 0
4 2 64 0
.63f4fc27c1ac2 4 0 88 78
2 0 67 66
.63f4fc27cae2c 1 0 65 64
.63f4fc27dc26a 1 0 69 64
.63f4fc27e8f54 4 0 64 127
4 1 64 127
4 2 64 127
.63f4fc2851c55 4 0 88 24
2 0 72 69
.63f4fc285580e 4 0 88 70
2 0 69 47
.63f4fc285b3f2 4 0 64 0
4 1 64 0
4 2 64 0
.63f4fc28688ae 1 0 67 64
.63f4fc28e49f2 4 0 88 58
2 0 70 61
.63f4fc28f2cfc 1 0 69 64
.63f4fc28fec7f 1 0 72 64
.63f4fc290815a 4 0 64 127
4 1 64 127
4 2 64 127
.63f4fc2979f29 4 0 88 8
2 0 77 77
.63f4fc2980365 4 0 64 0
4 1 64 0
4 2 64 0
.63f4fc2980f1e 4 0 88 86
2 0 72 39
.63f4fc29b0cc2 1 0 70 64
.63f4fc29f286e 4 0 64 127
4 1 64 127
4 2 64 127
.63f4fc29f3179 1 0 72 64
.63f4fc2a0d077 4 0 88 109
2 0 72 78
.63f4fc2a99892 4 0 88 26
2 0 75 71
.63f4fc2a9f56d 4 0 64 0
4 1 64 0
4 2 64 0
.63f4fc2aa41ad 1 0 77 64
.63f4fc2b264c1 4 0 88 81
2 0 70 69
.63f4fc2bb6733 4 0 88 56
2 0 69 48
.63f4fc2bc627b 1 0 70 64
.63f4fc2bf05b2 4 0 64 127
4 1 64 127
4 2 64 127
.63f4fc2c12ba8 1 0 75 64
.63f4fc2c40531 4 0 88 102
2 0 70 45
.63f4fc2c411b1 4 0 88 13
2 0 77 85
.63f4fc2c4b2b4 4 0 64 0
4 1 64 0
4 2 64 0
.63f4fc2c55151 1 0 69 64
.63f4fc2c7723a 4 0 64 127
4 1 64 127
4 2 64 127
.63f4fc2c849e3 1 0 72 64
.63f4fc2cd02d2 4 0 88 88
2 0 75 70
.63f4fc2cd1ec7 4 0 64 0
4 1 64 0
4 2 64 0
.63f4fc2cd78c7 4 0 88 118
2 0 67 50
.63f4fc2ce3294 1 0 77 64
.63f4fc2ced024 1 0 70 64
.63f4fc2d61af6 4 0 88 28
2 0 69 84
.63f4fc2d6fb69 1 0 67 64
.63f4fc2d7be6d 4 0 64 127
4 1 64 127
4 2 64 127
.63f4fc2deb9d5 4 0 88 59
2 0 70 56
.63f4fc2dee1ea 4 0 64 0
4 1 64 0
4 2 64 0
.63f4fc2df3c24 4 0 88 72
2 0 79 94
.63f4fc2df95d7 1 0 69 64
.63f4fc2dfc73e 1 0 75 64
.63f4fc2e7ef8d 4 0 88 82
2 0 72 80
.63f4fc2e83955 4 0 64 127
4 1 64 127
4 2 64 127
.63f4fc2e8ab06 1 0 70 64
.63f4fc2e96da4 1 0 79 64
.63f4fc2f09c58 4 0 88 45
2 0 81 87
.63f4fc2f10aa7 4 0 88 63
2 0 70 42
.63f4fc2f132e6 4 0 64 0
4 1 64 0
4 2 64 0
.63f4fc2f1cf89 1 0 72 64
.63f4fc2f97ecb 4 0 88 60
2 0 82 81
.63f4fc2fa4909 1 0 81 64
.63f4fc2fba339 4 0 64 127
4 1 64 127
4 2 64 127
.63f4fc302484c 4 0 88 7
2 0 84 90
.63f4fc3028997 4 0 88 16
2 0 74 51
.63f4fc302cf16 1 0 82 64
.63f4fc302f621 4 0 64 0
4 1 64 0
4 2 64 0
.63f4fc305af60 1 0 70 64
.63f4fc30b7969 4 0 88 96
2 0 77 60
.63f4fc30ce61e 1 0 84 64
.63f4fc3143cdb 4 0 88 46
2 0 82 63
.63f4fc31ccce6 4 0 88 28
2 0 81 59
.63f4fc31d050e 4 0 88 43
2 0 73 31
.63f4fc31d411d 1 0 82 64
.63f4fc31e5f62 1 0 74 64
.63f4fc31ecbc6 4 0 64 127
4 1 64 127
4 2 64 127
.63f4fc320c0f2 1 0 77 64
.63f4fc3263d2d 4 0 88 49
2 0 80 62
.63f4fc326aaac 4 0 88 37
2 0 72 27
.63f4fc3270e8e 1 0 81 64
.63f4fc32767a1 4 0 64 0
4 1 64 0
4 2 64 0
.63f4fc327e0fe 1 0 73 64
.63f4fc32fd3b7 4 0 88 113
2 0 75 63
.63f4fc333a168 1 0 80 64
.63f4fc334c5bd 4 0 64 127
4 1 64 127
4 2 64 127
.63f4fc3381d4c 4 0 88 21
2 0 78 70
.63f4fc3384089 4 0 64 0
4 1 64 0
4 2 64 0
.63f4fc340f21f 4 0 88 24
2 0 79 69
.63f4fc3416534 1 0 78 64
.63f4fc34188cc 4 0 88 44
2 0 71 45
.63f4fc3428165 1 0 72 64
.63f4fc3459f30 4 0 64 127
4 1 64 127
4 2 64 127
.63f4fc3497c9a 1 0 75 64
.63f4fc34ac2b8 4 0 88 109
2 0 77 78
.63f4fc34ae42e 4 0 88 8
2 0 69 27
.63f4fc34b1ceb 4 0 64 0
4 1 64 0
4 2 64 0
.63f4fc34b65c7 1 0 71 64
.63f4fc34c27b1 1 0 79 64
.63f4fc3549b10 4 0 88 64
2 0 72 70
.63f4fc3559e56 1 0 77 64
.63f4fc359951a 4 0 64 127
4 1 64 127
4 2 64 127
.63f4fc35d462f 4 0 88 112
2 0 74 82
.63f4fc35d6c8b 4 0 64 0
4 1 64 0
4 2 64 0
.63f4fc35e7513 1 0 72 64
.63f4fc35fcf28 4 0 64 127
4 1 64 127
4 2 64 127
.63f4fc36433cd 4 0 64 0
4 1 64 0
4 2 64 0
.63f4fc365a5f6 4 0 88 20
2 0 68 43
.63f4fc365adad 4 0 88 64
2 0 75 66
.63f4fc366e4c0 1 0 69 64
.63f4fc366f44c 1 0 74 64
.63f4fc3680cb4 4 0 64 127
4 1 64 127
4 2 64 127
.63f4fc36e525a 4 0 88 111
2 0 72 58
.63f4fc36ec759 4 0 88 65
2 0 67 21
.63f4fc36f0280 4 0 64 0
4 1 64 0
4 2 64 0
.63f4fc36fca49 1 0 68 64
.63f4fc37110f8 1 0 75 64
.63f4fc3776721 4 0 88 28
2 0 69 84
.63f4fc377e411 1 0 72 64
.63f4fc37ffdba 4 0 88 87
2 0 66 41
.63f4fc380227c 4 0 88 59
2 0 72 67
.63f4fc380dfd7 1 0 69 64
.63f4fc38173f4 1 0 67 64
.63f4fc38ab5ef 4 0 88 112
2 0 74 82
.63f4fc38b316a 1 0 72 64
.63f4fc38e81da 4 0 64 127
4 1 64 127
4 2 64 127
.63f4fc39304a3 4 0 88 70
2 0 67 39
.63f4fc3933c25 4 0 88 127
2 0 70 77
.63f4fc393d0ff 4 0 64 0
4 1 64 0
4 2 64 0
.63f4fc3941ab9 1 0 74 64
.63f4fc3948b49 1 0 66 64
.63f4fc39c918f 4 0 88 51
2 0 69 78
.63f4fc39cd70f 4 0 88 78
2 0 65 66
.63f4fc39d248c 1 0 67 64
.63f4fc39d5607 1 0 70 64
.63f4fc3a219e6 4 0 64 127
4 1 64 127
4 2 64 127
.63f4fc3a5860b 4 0 88 44
2 0 67 65
.63f4fc3a650ff 4 0 88 90
2 0 64 44
.63f4fc3a6a10e 1 0 69 64
.63f4fc3a70b99 4 0 64 0
4 1 64 0
4 2 64 0
.63f4fc3a76415 1 0 65 64
.63f4fc3b04bb2 4 0 88 78
2 0 69 76
.63f4fc3b16e96 1 0 67 64
.63f4fc3b920a4 4 0 88 49
2 0 62 44
.63f4fc3b9b3ca 4 0 88 94
2 0 72 51
.63f4fc3ba55a5 1 0 64 64
.63f4fc3c2b91c 4 0 88 116
2 0 64 86
.63f4fc3c303bd 1 0 69 64
.63f4fc3cb944e 4 0 88 125
2 0 60 81
.63f4fc3cba2ad 4 0 88 67
2 0 65 50
.63f4fc3cbcd59 1 0 64 64
.63f4fc3cc1bd7 1 0 62 64
.63f4fc3d5347e 4 0 88 45
2 0 67 87
.63f4fc3d6400f 1 0 65 64
.63f4fc3dd8836 4 0 88 13
2 0 69 85
4 0 88 103
2 0 62 87
.63f4fc3ddd335 4 0 88 11
2 0 57 81
.63f4fc3ddd7ba 1 0 72 64
.63f4fc3de50d7 1 0 67 64
.63f4fc3df668f 1 0 60 64
.63f4fc3e6bd2e 4 0 88 53
2 0 67 91
.63f4fc3e7ee9d 1 0 69 64
.63f4fc3ea9eff 4 0 64 127
4 1 64 127
4 2 64 127
.63f4fc3efd10b 4 0 88 21
2 0 58 59
.63f4fc3effde0 4 0 88 118
2 0 65 64
.63f4fc3f0aa05 4 0 64 0
4 1 64 0
4 2 64 0
.63f4fc3f0ae2d 1 0 57 64
.63f4fc3f11351 1 0 67 64
.63f4fc3f2e96e 1 0 62 64
.63f4fc3f8bf5c 4 0 88 38
2 0 64 79
.63f4fc3f968c3 1 0 65 64
.63f4fc40119ba 4 0 88 99
2 0 69 52
.63f4fc4015fc2 4 0 88 109
2 0 62 78
.63f4fc40283ca 1 0 64 64
.63f4fc40a4a2a 4 0 88 110
2 0 60 91
.63f4fc40a4c95 4 0 88 20
2 0 64 89
.63f4fc40af65e 1 0 62 64
.63f4fc40b8007 1 0 58 64
.63f4fc40ee147 4 0 64 127
4 1 64 127
4 2 64 127
.63f4fc4138fb1 4 0 88 1
2 0 65 86
.63f4fc413db77 4 0 88 10
2 0 62 64
.63f4fc41400ff 4 0 64 0
4 1 64 0
4 2 64 0
.63f4fc4143af4 1 0 64 64
.63f4fc414e436 1 0 60 64
.63f4fc4185737 1 0 69 64
.63f4fc418c42c 4 0 64 127
4 1 64 127
4 2 64 127
.63f4fc41be1b0 4 0 64 0
4 1 64 0
4 2 64 0
.63f4fc41d0273 4 0 88 44
2 0 64 65
.63f4fc41d275a 1 0 65 64
.63f4fc41d4c27 4 0 88 65
2 0 67 90
.63f4fc41dcf1e 1 0 62 64
.63f4fc420a4bf 4 0 64 127
4 1 64 127
4 2 64 127
.63f4fc42657a2 4 0 88 23
2 0 60 76
.63f4fc4270d3d 4 0 64 0
4 1 64 0
4 2 64 0
.63f4fc4271080 4 0 88 47
2 0 62 29
.63f4fc4289b55 1 0 62 64
.63f4fc42ee5ea 4 0 88 82
2 0 65 80
.63f4fc42f2fe1 4 0 88 63
2 0 62 64
.63f4fc42fe402 1 0 67 64
.63f4fc43046a3 1 0 64 64
.63f4fc4304cb3 1 0 60 64
.63f4fc4320a51 4 0 64 127
4 1 64 127
4 2 64 127
.63f4fc4379b37 4 0 88 4
2 0 67 67
.63f4fc4381525 4 0 64 0
4 1 64 0
4 2 64 0
.63f4fc438247b 4 0 88 44
2 0 64 65
.63f4fc438404e 1 0 65 64
.63f4fc438e058 1 0 62 64
.63f4fc4403608 4 0 88 2
2 0 69 95
.63f4fc4405218 4 0 64 127
4 1 64 127
4 2 64 127
.63f4fc4405fd0 4 0 88 90
2 0 65 88
.63f4fc440eb17 1 0 67 64
.63f4fc44108a5 1 0 64 64
.63f4fc445e5a2 1 0 65 64
.63f4fc44832e7 4 0 64 0
4 1 64 0
4 2 64 0
.63f4fc4491530 4 0 88 118
2 0 62 64
.63f4fc449357f 4 0 88 9
2 0 70 68
.63f4fc4495b6f 4 0 88 98
2 0 65 83
.63f4fc449a972 1 0 69 64
.63f4fc4521d83 4 0 88 119
2 0 72 70
.63f4fc4522667 4 0 88 111
2 0 71 74
.63f4fc45354d8 1 0 70 64
.63f4fc454a71d 4 0 64 127
4 1 64 127
4 2 64 127
.63f4fc455769d 1 0 71 64
.63f4fc455888b 1 0 72 64
.63f4fc45a7412 4 0 88 63
2 0 74 64
.63f4fc45ac34f 4 0 88 97
2 0 50 43
.63f4fc45ad52c 4 0 88 7
2 0 70 53
.63f4fc45b3ebc 4 0 64 0
4 1 64 0
4 2 64 0
.63f4fc45ff7a4 1 0 74 64
.63f4fc4602f91 4 0 64 127
4 1 64 127
4 2 64 127
.63f4fc46479b2 4 0 88 107
2 0 76 96
1 0 70 64
.63f4fc4674dfd 1 0 76 64
.63f4fc46c1970 1 0 65 64
.63f4fc46cb1db 4 0 88 122
2 0 77 90
.63f4fc46ccad9 4 0 88 85
2 0 69 84
.63f4fc46cd2d6 4 0 64 0
4 1 64 0
4 2 64 0
.63f4fc46e14dc 1 0 62 64
.63f4fc474ed15 4 0 88 90
2 0 72 88
.63f4fc4759454 1 0 69 64
.63f4fc4785cf1 4 0 64 127
4 1 64 127
4 2 64 127
.63f4fc47d78c4 4 0 88 97
2 0 52 92
.63f4fc47da07a 4 0 88 112
2 0 74 82
.63f4fc47dda5d 4 0 64 0
4 1 64 0
4 2 64 0
.63f4fc47e4436 1 0 50 64
.63f4fc47e6fdb 1 0 72 64
.63f4fc4865759 4 0 88 48
2 0 70 84
.63f4fc487b4ac 1 0 74 64
.63f4fc487f03c 1 0 77 64
.63f4fc48906e1 4 0 64 127
4 1 64 127
4 2 64 127
.63f4fc48ee2c5 4 0 64 0
4 1 64 0
4 2 64 0
.63f4fc48f257d 4 0 88 78
2 0 79 76
.63f4fc48f5191 4 0 88 32
2 0 69 72
.63f4fc48fead5 1 0 70 64
.63f4fc490e710 4 0 64 127
4 1 64 127
4 2 64 127
.63f4fc49637e4 1 0 69 64
.63f4fc4982abd 4 0 88 78
2 0 67 89
.63f4fc49b2ff5 1 0 67 64
.63f4fc4a0bb4a 4 0 88 23
2 0 69 76
.63f4fc4a125d4 4 0 88 55
2 0 53 82
.63f4fc4a161e7 4 0 64 0
4 1 64 0
4 2 64 0
.63f4fc4a1d253 1 0 52 64
.63f4fc4aa5bd9 4 0 88 122
2 0 72 77
.63f4fc4aa5ede 4 0 88 78
2 0 76 76
.63f4fc4aacbc7 1 0 79 64
.63f4fc4ad496d 4 0 64 127
4 1 64 127
4 2 64 127
.63f4fc4b31975 4 0 88 42
2 0 55 60
.63f4fc4b3488e 4 0 88 37
2 0 77 97
.63f4fc4b3538c 4 0 64 0
4 1 64 0
4 2 64 0
.63f4fc4b3ce27 1 0 53 64
.63f4fc4b4365c 1 0 76 64
.63f4fc4bc0253 4 0 88 47
2 0 79 101
.63f4fc4bd2c7d 1 0 77 64
.63f4fc4bd49e4 1 0 72 64
.63f4fc4bdc469 4 0 64 127
4 1 64 127
4 2 64 127
.63f4fc4bf5fb6 1 0 79 64
.63f4fc4c4bfeb 4 0 88 94
2 0 81 97
.63f4fc4c51701 4 0 64 0
4 1 64 0
4 2 64 0
.63f4fc4c530af 4 0 88 41
2 0 57 83
.63f4fc4c5fd4b 1 0 55 64
.63f4fc4c806b5 4 0 64 127
4 1 64 127
4 2 64 127
.63f4fc4c8ea6f 1 0 81 64
.63f4fc4cdb689 4 0 88 108
2 0 82 93
.63f4fc4cf6d2e 1 0 69 64
.63f4fc4d59e16 1 0 82 64
.63f4fc4d6688c 4 0 88 28
2 0 74 84
.63f4fc4d66d46 4 0 88 20
2 0 77 89
.63f4fc4d6b0b5 4 0 88 0
2 0 58 42
.63f4fc4d6cbbd 1 0 57 64
.63f4fc4d738cf 4 0 64 0
4 1 64 0
4 2 64 0
.63f4fc4dfaf73 4 0 88 28
2 0 79 84
.63f4fc4dfe7e9 4 0 88 65
2 0 76 90
.63f4fc4e00f42 1 0 77 64
.63f4fc4e06e19 1 0 74 64
.63f4fc4e2c304 4 0 64 127
4 1 64 127
4 2 64 127
.63f4fc4e90095 1 0 79 64
.63f4fc4e9464b 4 0 88 107
2 0 81 96
.63f4fc4e9910c 1 0 76 64
.63f4fc4e99594 4 0 88 21
2 0 60 39
.63f4fc4e99d11 4 0 88 20
2 0 77 89
.63f4fc4e9b7b3 4 0 64 0
4 1 64 0
4 2 64 0
.63f4fc4ea7dbc 1 0 58 64
.63f4fc4f321fc 4 0 88 53
2 0 72 91
.63f4fc4f45706 4 0 64 127
4 1 64 127
4 2 64 127
.63f4fc4f4d45a 1 0 77 64
.63f4fc4f541d1 1 0 81 64
.63f4fc4fb2efb 4 0 88 88
2 0 70 70
.63f4fc4fb5f70 4 0 88 11
2 0 79 81
.63f4fc4fb947c 1 0 72 64
.63f4fc4fba994 4 0 64 0
4 1 64 0
4 2 64 0
.63f4fc5044578 4 0 88 103
2 0 69 87
.63f4fc504fd60 1 0 70 64
.63f4fc50c2e31 4 0 88 99
2 0 70 72
.63f4fc50d98ea 1 0 69 64
.63f4fc50eb672 4 0 64 127
4 1 64 127
4 2 64 127
.63f4fc5146f1a 4 0 88 110
2 0 76 91
.63f4fc5152a41 1 0 79 64
.63f4fc515ab6c 4 0 64 0
4 1 64 0
4 2 64 0
.63f4fc516c4a7 4 0 64 127
4 1 64 127
4 2 64 127
.63f4fc51a8b37 1 0 60 64
.63f4fc51c9197 1 0 70 64
.63f4fc51cf9ec 4 0 88 42
2 0 72 60
.63f4fc51cfd00 1 0 76 64
.63f4fc51d43a9 4 0 88 127
2 0 67 73
.63f4fc51d4f21 4 0 88 17
2 0 60 42
.63f4fc51d8ad8 4 0 64 0
4 1 64 0
4 2 64 0
.63f4fc5267b7e 4 0 88 24
2 0 65 80
.63f4fc527ab25 1 0 67 64
.63f4fc52f37a3 4 0 88 111
2 0 64 74
.63f4fc52fb263 1 0 65 64
.63f4fc5380849 4 0 88 25
2 0 70 83
4 0 88 45
2 0 67 87
.63f4fc538d333 1 0 64 64
.63f4fc5393ddb 1 0 72 64
.63f4fc5398f5c 4 0 64 127
4 1 64 127
4 2 64 127
.63f4fc53e70d3 1 0 60 64
.63f4fc540a795 1 0 70 64
.63f4fc540e2d8 4 0 64 0
4 1 64 0
4 2 64 0
.63f4fc5415b8e 4 0 88 109
2 0 69 78
.63f4fc541751b 4 0 88 33
2 0 65 48
.63f4fc5417fc9 4 0 88 39
2 0 60 68
.63f4fc5421389 1 0 67 64
.63f4fc54a451b 4 0 88 1
2 0 67 86
.63f4fc54a4925 4 0 88 121
2 0 64 59
.63f4fc54b3980 1 0 69 64
.63f4fc54b49fc 1 0 65 64
.63f4fc55309be 4 0 88 95
2 0 69 79
.63f4fc55335b9 4 0 88 65
2 0 65 77
.63f4fc55341ab 1 0 64 64
.63f4fc55429cb 1 0 67 64
.63f4fc5553744 4 0 64 127
4 1 64 127
4 2 64 127
.63f4fc5575212 1 0 69 64
.63f4fc55c9a7c 4 0 88 105
2 0 74 101
.63f4fc5602ec8 1 0 74 64
.63f4fc560447b 1 0 65 64
.63f4fc5652803 4 0 88 86
2 0 48 46
.63f4fc5658375 4 0 64 0
4 1 64 0
4 2 64 0
.63f4fc565c041 4 0 88 109
2 0 65 78
.63f4fc565ca13 4 0 88 41
2 0 62 83
.63f4fc56e31f8 4 0 88 28
2 0 67 84
.63f4fc56e4c2c 1 0 65 64
.63f4fc56e90c4 4 0 88 98
2 0 64 83
.63f4fc56f394d 1 0 62 64
.63f4fc5710d74 4 0 64 127
4 1 64 127
4 2 64 127
.63f4fc5733f5e 1 0 60 64
.63f4fc5770978 1 0 67 64
.63f4fc57747d9 4 0 88 41
2 0 65 51
.63f4fc57755e9 4 0 88 127
2 0 68 60
.63f4fc57788bc 1 0 64 64
.63f4fc577cfe2 4 0 88 65
2 0 59 57
.63f4fc5786067 4 0 64 0
4 1 64 0
4 2 64 0
.63f4fc5819992 4 0 88 65
2 0 62 77
.63f4fc5822c1b 1 0 65 64
.63f4fc584477b 4 0 64 127
4 1 64 127
4 2 64 127
.63f4fc58514fc 1 0 68 64
.63f4fc5882e6e 1 0 48 64
.63f4fc58a89ee 4 0 88 119
2 0 67 70
.63f4fc58aa394 1 0 62 64
.63f4fc58af784 4 0 88 125
2 0 60 81
.63f4fc58b1d57 4 0 88 118
2 0 48 64
.63f4fc58b3d29 4 0 64 0
4 1 64 0
4 2 64 0
.63f4fc58b6d3d 1 0 59 64
.63f4fc5941466 4 0 88 33
2 0 65 88
.63f4fc595c8c9 1 0 67 64
.63f4fc598ca3e 4 0 64 127
4 1 64 127
4 2 64 127
.63f4fc59d294e 4 0 88 24
2 0 64 80
.63f4fc59d41bc 1 0 60 64
.63f4fc59d709f 4 0 88 23
2 0 55 76
.63f4fc59d78b4 4 0 88 113
2 0 59 67
.63f4fc59d8cdd 1 0 65 64
.63f4fc59e480b 4 0 64 0
4 1 64 0
4 2 64 0
.63f4fc59e5339 1 0 48 64
.63f4fc5a65fb2 4 0 88 122
2 0 62 90
.63f4fc5a7748a 1 0 64 64
.63f4fc5ab4936 4 0 64 127
4 1 64 127
4 2 64 127
.63f4fc5aeb924 1 0 59 64
.63f4fc5af62f2 4 0 88 63
2 0 61 43
.63f4fc5aff664 4 0 88 13
2 0 60 85
.63f4fc5b00bd4 4 0 88 99
2 0 58 72
.63f4fc5b04885 1 0 61 64
.63f4fc5b04a00 1 0 62 64
.63f4fc5b0c763 4 0 64 0
4 1 64 0
4 2 64 0
.63f4fc5b8e963 4 0 88 110
2 0 57 91
.63f4fc5b967de 1 0 55 64
.63f4fc5c20a55 4 0 88 47
2 0 55 71
.63f4fc5c219f1 4 0 88 74
2 0 65 26
.63f4fc5c29576 1 0 57 64
.63f4fc5c2d59c 4 0 88 97
2 0 64 43
.63f4fc5c3a687 1 0 65 64
.63f4fc5cac079 4 0 88 103
2 0 53 87
.63f4fc5cb263c 4 0 64 127
4 1 64 127
4 2 64 127
.63f4fc5cbdb2e 1 0 55 64
.63f4fc5cda030 1 0 60 64
.63f4fc5cdaa83 1 0 58 64
.63f4fc5cdd023 1 0 64 64
.63f4fc5d359a1 4 0 88 55
2 0 67 74
.63f4fc5d36613 4 0 88 59
2 0 52 67
.63f4fc5d3f174 4 0 64 0
4 1 64 0
4 2 64 0
.63f4fc5d3ff9a 1 0 53 64
.63f4fc5dc286e 4 0 88 33
2 0 53 88
.63f4fc5dc5cb0 4 0 88 65
2 0 69 90
.63f4fc5dcab5c 1 0 67 64
.63f4fc5dceeaa 1 0 52 64
.63f4fc5e45217 4 0 88 76
2 0 70 68
.63f4fc5e492d9 4 0 88 78
2 0 55 76
.63f4fc5e4f49b 1 0 53 64
.63f4fc5e54da3 1 0 69 64
.63f4fc5ec6f0e 4 0 88 55
2 0 67 74
.63f4fc5ecc1d4 4 0 88 99
2 0 52 52
.63f4fc5ed90f4 1 0 55 64
.63f4fc5f0b117 4 0 64 127
4 1 64 127
4 2 64 127
.63f4fc5f51311 4 0 88 78
2 0 65 66
.63f4fc5f56a8b 4 0 88 24
2 0 50 69
.63f4fc5f5d199 4 0 64 0
4 1 64 0
4 2 64 0
.63f4fc5f5d64a 1 0 67 64
.63f4fc5f60309 1 0 52 64
.63f4fc5fe0b0b 4 0 88 109
2 0 64 78
.63f4fc5fe60fe 4 0 88 87
2 0 49 75
.63f4fc5fe7742 1 0 65 64
.63f4fc5fecdad 1 0 50 64
.63f4fc6018a1b 4 0 64 127
4 1 64 127
4 2 64 127
.63f4fc6061df4 4 0 64 0
4 1 64 0
4 2 64 0
.63f4fc606717d 4 0 88 118
2 0 47 64
.63f4fc6068d4e 4 0 88 70
2 0 62 85
.63f4fc6074382 1 0 49 64
.63f4fc607d278 1 0 64 64
.63f4fc60e8c25 4 0 88 125
2 0 49 65
.63f4fc60f0f1f 4 0 88 70
2 0 64 85
.63f4fc60fa3fe 4 0 64 127
4 1 64 127
4 2 64 127
.63f4fc60faf6c 1 0 47 64
.63f4fc6100961 1 0 62 64
.63f4fc610cc3b 1 0 70 64
.63f4fc6126e2f 1 0 64 64
.63f4fc617edc5 4 0 88 73
2 0 67 56
.63f4fc617fdd5 4 0 88 74
2 0 76 61
.63f4fc618150e 1 0 49 64
.63f4fc61844cd 4 0 88 74
2 0 45 61
.63f4fc6184d06 4 0 88 53
2 0 52 62
.63f4fc6189d82 4 0 64 0
4 1 64 0
4 2 64 0
.63f4fc621d09d 4 0 88 100
2 0 70 83
.63f4fc6225e41 1 0 67 64
.63f4fc624b395 4 0 64 127
4 1 64 127
4 2 64 127
.63f4fc62a175c 4 0 88 23
2 0 69 76
.63f4fc62a5009 4 0 88 72
2 0 57 94
.63f4fc62ab498 1 0 52 64
.63f4fc62b1bf9 4 0 64 0
4 1 64 0
4 2 64 0
.63f4fc62b6228 1 0 70 64
.63f4fc632d440 4 0 88 33
2 0 67 88
.63f4fc633b796 4 0 64 127
4 1 64 127
4 2 64 127
.63f4fc633ba22 1 0 45 64
.63f4fc633c114 1 0 69 64
.63f4fc633d56c 1 0 76 64
.63f4fc63a5a1c 1 0 67 64
.63f4fc63a7439 4 0 88 68
2 0 74 81
.63f4fc63a9d4b 4 0 88 24
2 0 65 66
.63f4fc63aecd6 4 0 88 6
2 0 61 82
.63f4fc63b3a24 4 0 64 0
4 1 64 0
4 2 64 0
.63f4fc63ba7a4 1 0 57 64
.63f4fc643f8e4 4 0 88 19
2 0 64 52
.63f4fc6440f30 4 0 88 59
2 0 67 100
.63f4fc64480a9 1 0 65 64
.63f4fc644fd6d 1 0 61 64
.63f4fc64d209d 4 0 88 27
2 0 65 93
.63f4fc64d666c 4 0 88 8
2 0 62 70
.63f4fc64e259b 1 0 67 64
.63f4fc64e2870 1 0 64 64
.63f4fc6557606 4 0 88 116
2 0 64 86
.63f4fc655f98a 4 0 88 119
2 0 61 87
.63f4fc6565f63 1 0 65 64
.63f4fc6570b99 1 0 62 64
.63f4fc657cb10 4 0 64 127
4 1 64 127
4 2 64 127
.63f4fc658f5c3 1 0 64 64
.63f4fc65902b1 1 0 61 64
.63f4fc65e56ff 4 0 88 113
2 0 62 67
.63f4fc65e8b48 4 0 88 85
2 0 69 84
.63f4fc65eae36 4 0 88 33
2 0 65 88
.63f4fc65ee719 4 0 88 79
2 0 50 69
.63f4fc65ef02b 4 0 64 0
4 1 64 0
4 2 64 0
.63f4fc663e17b 4 0 64 127
4 1 64 127
4 2 64 127
.63f4fc665e538 4 0 64 0
4 1 64 0
4 2 64 0
.63f4fc6675d10 4 0 88 91
2 0 70 89
.63f4fc667720e 4 0 88 110
2 0 67 91
.63f4fc6682290 1 0 65 64
.63f4fc6687ada 1 0 69 64
.63f4fc6700c40 4 0 88 112
2 0 69 82
.63f4fc6702c18 4 0 88 60
2 0 65 95
.63f4fc670a71b 1 0 70 64
.63f4fc670b0b1 1 0 67 64
.63f4fc674f0b3 1 0 65 64
.63f4fc676ecd3 4 0 64 127
4 1 64 127
4 2 64 127
.63f4fc678ca5d 4 0 88 11
2 0 67 81
.63f4fc678f2b2 4 0 88 82
2 0 64 80
.63f4fc67a3ba9 1 0 69 64
.63f4fc67b0f99 1 0 74 64
.63f4fc67c0e4c 1 0 67 64
.63f4fc67da020 1 0 62 64
.63f4fc68097a9 1 0 64 64
.63f4fc68182b9 4 0 88 125
2 0 64 81
.63f4fc6818536 4 0 88 28
2 0 67 59
.63f4fc6819db7 4 0 88 28
2 0 62 59
.63f4fc681ba7a 4 0 64 0
4 1 64 0
4 2 64 0
.63f4fc68414fa 4 0 88 51
2 0 65 78
.63f4fc6849572 1 0 67 64
.63f4fc6864edb 4 0 64 127
4 1 64 127
4 2 64 127
.63f4fc6893d04 4 0 64 0
4 1 64 0
4 2 64 0
.63f4fc68b42e1 4 0 88 24
2 0 52 98
.63f4fc68c6e05 1 0 50 64
.63f4fc68e5dd4 4 0 64 127
4 1 64 127
4 2 64 127
.63f4fc693a63c 4 0 88 58
2 0 53 86
.63f4fc693ecc9 4 0 88 90
2 0 67 88
.63f4fc693f36f 4 0 88 97
2 0 60 92
.63f4fc6940ac0 4 0 64 0
4 1 64 0
4 2 64 0
.63f4fc694697c 1 0 62 64
.63f4fc6947ba9 1 0 65 64
.63f4fc694c68f 1 0 64 64
.63f4fc694ddab 1 0 52 64
.63f4fc69ce2ba 4 0 88 125
2 0 55 81
.63f4fc69d9cb7 1 0 53 64
.63f4fc69f07f2 4 0 64 127
4 1 64 127
4 2 64 127
.63f4fc6a50d59 1 0 60 64
.63f4fc6a53b48 4 0 88 122
2 0 62 77
.63f4fc6a57238 4 0 64 0
4 1 64 0
4 2 64 0
4 0 88 45
2 0 57 87
.63f4fc6a59986 4 0 88 96
2 0 60 49
.63f4fc6a6606a 1 0 55 64
.63f4fc6a67b53 1 0 60 64
.63f4fc6ae7b28 4 0 88 67
2 0 58 60
.63f4fc6ae874b 4 0 88 72
2 0 60 94
.63f4fc6aeec40 1 0 57 64
.63f4fc6afc718 1 0 62 64
.63f4fc6b76399 4 0 88 7
2 0 62 90
.63f4fc6b7c989 4 0 88 113
2 0 57 67
.63f4fc6b7ee19 1 0 58 64
.63f4fc6b876b3 1 0 60 64
.63f4fc6c0422d 4 0 88 55
2 0 64 82
.63f4fc6c06d85 4 0 88 53
2 0 55 62
.63f4fc6c0f50f 1 0 62 64
.63f4fc6c1453f 1 0 57 64
.63f4fc6c434b5 4 0 64 127
4 1 64 127
4 2 64 127
.63f4fc6c8d9b4 4 0 88 45
2 0 57 87
.63f4fc6c980f2 4 0 88 56
2 0 53 55
.63f4fc6c98380 4 0 64 0
4 1 64 0
4 2 64 0
.63f4fc6c999dd 1 0 55 64
.63f4fc6d2d1e6 4 0 88 1
2 0 52 86
.63f4fc6d36e55 1 0 53 64
.63f4fc6d3c543 4 0 64 127
4 1 64 127
4 2 64 127
.63f4fc6d65e22 1 0 64 64
.63f4fc6d6f256 1 0 67 64
.63f4fc6db47c4 4 0 64 0
4 1 64 0
4 2 64 0
.63f4fc6db5e1b 4 0 88 112
2 0 67 82
.63f4fc6dba4ea 4 0 88 1
2 0 60 86
.63f4fc6dbc97d 4 0 88 82
2 0 50 80
.63f4fc6dcc9f9 1 0 52 64
.63f4fc6e4d565 4 0 88 20
2 0 49 86
.63f4fc6e5ce93 1 0 50 64
.63f4fc6e75e0e 4 0 64 127
4 1 64 127
4 2 64 127
.63f4fc6e762ff 1 0 67 64
.63f4fc6ed1420 4 0 88 46
2 0 50 52
.63f4fc6ed6449 4 0 88 78
2 0 65 76
.63f4fc6ed79df 4 0 88 68
2 0 62 81
.63f4fc6edc74d 4 0 64 0
4 1 64 0
4 2 64 0
.63f4fc6edcb40 1 0 60 64
.63f4fc6ee3b4c 1 0 49 64
.63f4fc6f6de20 4 0 88 48
2 0 48 96
.63f4fc6f7db3c 1 0 50 64
.63f4fc6f95037 4 0 64 127
4 1 64 127
4 2 64 127
.63f4fc6fb7e77 1 0 57 64
.63f4fc6fea3fe 1 0 65 64
.63f4fc6ff4114 4 0 88 119
2 0 55 70
4 0 88 51
2 0 64 78
.63f4fc6ff89f2 4 0 64 0
4 1 64 0
4 2 64 0
.63f4fc6ffa223 4 0 88 96
2 0 46 86
.63f4fc7002de3 1 0 48 64
.63f4fc700384c 1 0 62 64
.63f4fc70849f4 4 0 88 13
2 0 48 99
.63f4fc7095255 1 0 46 64
.63f4fc70a2927 4 0 64 127
4 1 64 127
4 2 64 127
.63f4fc710a85f 1 0 55 64
.63f4fc710d86e 4 0 88 43
2 0 58 87
.63f4fc7116a42 4 0 88 33
2 0 45 88
.63f4fc7117bc4 4 0 64 0
4 1 64 0
4 2 64 0
.63f4fc7121933 1 0 48 64
.63f4fc71a3c5b 4 0 88 87
2 0 48 103
.63f4fc71bbdc7 4 0 64 127
4 1 64 127
4 2 64 127
.63f4fc71c5e17 1 0 45 64
.63f4fc71da0a2 4 0 88 114
2 0 45 30
.63f4fc7211e88 1 0 45 64
.63f4fc7218cee 1 0 64 64
.63f4fc722ba2a 4 0 88 39
2 0 62 92
.63f4fc722d05e 4 0 88 73
2 0 46 78
.63f4fc722e188 4 0 64 0
4 1 64 0
4 2 64 0
.63f4fc7237c42 1 0 48 64
.63f4fc72b9048 4 0 88 127
2 0 61 77
.63f4fc72bc848 4 0 88 116
2 0 45 86
.63f4fc72ca7e3 1 0 46 64
.63f4fc72cdcb1 1 0 62 64
.63f4fc72f562a 4 0 64 127
4 1 64 127
4 2 64 127
.63f4fc734a567 4 0 64 0
4 1 64 0
4 2 64 0
.63f4fc734bf59 4 0 88 84
2 0 43 93
.63f4fc734d0cb 4 0 88 65
2 0 62 90
.63f4fc7356f90 1 0 61 64
.63f4fc7357b88 1 0 45 64
.63f4fc73c3fb4 1 0 58 64
.63f4fc73e8b29 4 0 88 85
2 0 58 92
.63f4fc740bbf0 4 0 64 127
4 1 64 127
4 2 64 127
.63f4fc7466919 4 0 64 0
4 1 64 0
4 2 64 0
.63f4fc74753fe 4 0 88 28
2 0 64 84
.63f4fc7476f52 4 0 88 65
2 0 57 90
.63f4fc74817b1 1 0 62 64
.63f4fc7484ca3 1 0 58 64
.63f4fc74ffda5 4 0 88 125
2 0 55 81
.63f4fc751110a 1 0 57 64
.63f4fc7530c09 4 0 64 127
4 1 64 127
4 2 64 127
.63f4fc7585b1e 4 0 64 0
4 1 64 0
4 2 64 0
.63f4fc758acc7 4 0 88 117
2 0 45 100
.63f4fc758d83a 4 0 88 85
2 0 54 95
.63f4fc75969ee 1 0 55 64
.63f4fc759852b 1 0 43 64
.63f4fc7621764 4 0 88 41
2 0 57 83
.63f4fc7626c78 1 0 64 64
.63f4fc76442da 4 0 64 127
4 1 64 127
4 2 64 127
.63f4fc76a1ecb 4 0 64 0
4 1 64 0
4 2 64 0
.63f4fc76a4d4b 4 0 88 95
2 0 62 79
.63f4fc7729245 4 0 88 78
2 0 60 89
.63f4fc772bdc9 4 0 88 97
2 0 50 92
.63f4fc7732296 1 0 62 64
.63f4fc7743c40 1 0 45 64
.63f4fc77663eb 4 0 64 127
4 1 64 127
4 2 64 127
.63f4fc7781ec9 1 0 54 64
.63f4fc77c1159 4 0 64 0
4 1 64 0
4 2 64 0
.63f4fc77c14c5 4 0 88 66
2 0 58 88
.63f4fc77c2ddc 4 0 88 2
2 0 55 95
.63f4fc77c5137 4 0 88 88
2 0 51 70
.63f4fc77cf6b9 1 0 57 64
.63f4fc77d0085 1 0 60 64
.63f4fc77d44c8 1 0 50 64
.63f4fc7868c72 4 0 88 94
2 0 50 97
.63f4fc78789ed 1 0 51 64
.63f4fc78c5da2 4 0 64 127
4 1 64 127
4 2 64 127
.63f4fc78e614a 4 0 88 78
2 0 60 66
.63f4fc78e8969 1 0 58 64
.63f4fc78ea665 4 0 88 6
2 0 51 82
.63f4fc78f063b 4 0 88 27
2 0 48 93
.63f4fc78f1c6a 4 0 64 0
4 1 64 0
4 2 64 0
.63f4fc78f6bb0 1 0 55 64
.63f4fc78fe6a4 1 0 50 64
.63f4fc79769c3 4 0 88 61
2 0 46 97
.63f4fc79892a4 1 0 48 64
.63f4fc79a19a3 4 0 64 127
4 1 64 127
4 2 64 127
.63f4fc79fb404 4 0 88 78
2 0 55 89
.63f4fc79fc8ba 4 0 88 110
2 0 45 91
.63f4fc79ff534 4 0 64 0
4 1 64 0
4 2 64 0
.63f4fc7a0c9d4 1 0 46 64
.63f4fc7a89407 4 0 88 24
2 0 48 98
.63f4fc7a91d7d 4 0 64 127
4 1 64 127
4 2 64 127
.63f4fc7a97692 1 0 51 64
.63f4fc7a9a948 1 0 45 64
.63f4fc7ac02f2 1 0 48 64
.63f4fc7b1681b 4 0 88 80
2 0 54 82
.63f4fc7b19299 4 0 88 85
2 0 57 84
.63f4fc7b1a1cf 4 0 88 35
2 0 43 102
.63f4fc7b2175a 4 0 64 0
4 1 64 0
4 2 64 0
.63f4fc7b276c5 1 0 55 64
.63f4fc7ba6682 4 0 88 74
2 0 50 61
.63f4fc7baee16 4 0 88 77
2 0 45 104
.63f4fc7bbae08 1 0 43 64
.63f4fc7bbd61d 1 0 54 64
.63f4fc7bda116 4 0 64 127
4 1 64 127
4 2 64 127
.63f4fc7bff1d0 1 0 57 64
.63f4fc7c4537a 4 0 88 58
2 0 57 86
.63f4fc7c46a46 4 0 88 122
2 0 42 105
.63f4fc7c49551 4 0 64 0
4 1 64 0
4 2 64 0
.63f4fc7c53389 1 0 45 64
.63f4fc7cacf17 1 0 50 64
.63f4fc7cdf299 4 0 88 122
2 0 50 90
.63f4fc7d65e51 4 0 88 100
2 0 51 83
.63f4fc7d750b0 1 0 50 64
.63f4fc7dabeac 4 0 64 127
4 1 64 127
4 2 64 127
.63f4fc7def54b 4 0 88 27
2 0 50 93
.63f4fc7dffb49 1 0 51 64
.63f4fc7e34656 1 0 57 64
.63f4fc7e38f8d 1 0 60 64
.63f4fc7e6f9b0 4 0 88 97
2 0 43 92
.63f4fc7e703ec 4 0 88 118
2 0 60 95
.63f4fc7e731f3 4 0 64 0
4 1 64 0
4 2 64 0
.63f4fc7e77d3e 1 0 42 64
.63f4fc7f05ae0 4 0 88 43
2 0 51 87
.63f4fc7f10f4e 1 0 50 64
.63f4fc7f2c3e4 1 0 60 64
.63f4fc7f43347 4 0 64 127
4 1 64 127
4 2 64 127
.63f4fc7f9248a 4 0 64 0
4 1 64 0
4 2 64 0
.63f4fc7f980fa 4 0 88 117
2 0 50 100
.63f4fc7f9872d 4 0 88 119
2 0 58 87
.63f4fc7fa094c 1 0 51 64
.63f4fc8018b62 1 0 58 64
.63f4fc801e9ce 1 0 50 64
.63f4fc8027607 4 0 88 28
2 0 57 84
.63f4fc802c20f 4 0 88 18
2 0 48 104
.63f4fc804ae56 4 0 64 127
4 1 64 127
4 2 64 127
.63f4fc806f303 1 0 57 64
.63f4fc8079c0b 1 0 48 64
.63f4fc80b460f 4 0 64 0
4 1 64 0
4 2 64 0
.63f4fc80b6fb9 4 0 88 20
2 0 58 86
.63f4fc80b864d 4 0 88 59
2 0 31 67
.63f4fc80ba7b1 4 0 88 53
2 0 50 91
.63f4fc8167553 4 0 88 96
2 0 57 102
.63f4fc816ecf7 1 0 58 64
.63f4fc81cabe1 4 0 64 127
4 1 64 127
4 2 64 127
.63f4fc81ecb8f 1 0 57 64
.63f4fc81f0969 4 0 88 78
2 0 55 89
.63f4fc81f82a5 1 0 50 64
.63f4fc81f9f39 4 0 88 6
2 0 51 82
.63f4fc8202645 4 0 64 0
4 1 64 0
4 2 64 0
.63f4fc82033f9 4 0 88 79
2 0 50 69
.63f4fc8204d5d 1 0 51 64
.63f4fc8231b8a 1 0 50 64
.63f4fc8237201 4 0 64 127
4 1 64 127
4 2 64 127
.63f4fc8282e26 4 0 88 43
2 0 54 87
.63f4fc82845a2 4 0 88 28
2 0 50 84
.63f4fc828c1bc 4 0 64 0
4 1 64 0
4 2 64 0
.63f4fc82981aa 1 0 55 64
.63f4fc82bb022 4 0 64 127
4 1 64 127
4 2 64 127
.63f4fc8305486 1 0 31 64
.63f4fc83151af 1 0 54 64
.63f4fc8315c8b 4 0 64 0
4 1 64 0
4 2 64 0
.63f4fc83192ca 4 0 88 55
2 0 55 74
.63f4fc8319ae3 4 0 88 56
2 0 31 48
.63f4fc83a8af6 4 0 88 1
2 0 48 86
.63f4fc83b0bc6 1 0 50 64
.63f4fc84382e5 4 0 88 91
2 0 46 89
.63f4fc84486d0 1 0 48 64
.63f4fc84ec8ba 4 0 88 84
2 0 45 93
.63f4fc84fdc76 4 0 88 10
2 0 55 6
.63f4fc8503e43 1 0 46 64
.63f4fc852946b 1 0 31 64
.63f4fc854e46e 4 0 64 127
4 1 64 127
4 2 64 127
.63f4fc858ec76 4 0 88 125
2 0 46 84
.63f4fc859203c 4 0 88 55
2 0 31 74
.63f4fc85977eb 4 0 64 0
4 1 64 0
4 2 64 0
.63f4fc85984c1 1 0 45 64
.63f4fc85987e5 1 0 43 64
.63f4fc862560f 4 0 88 103
2 0 33 87
.63f4fc863c7ee 1 0 31 64
.63f4fc86b769e 4 0 88 8
2 0 50 70
.63f4fc86bb46a 4 0 88 19
2 0 34 79
.63f4fc86bbf14 1 0 46 64
.63f4fc86c8c39 1 0 33 64
.63f4fc874d291 4 0 88 58
2 0 36 86
.63f4fc87624b7 1 0 34 64
.63f4fc877dec0 4 0 64 127
4 1 64 127
4 2 64 127
.63f4fc87d7ac8 1 0 50 64
.63f4fc87e3647 4 0 88 37
2 0 53 97
4 0 88 125
2 0 38 81
.63f4fc87ed3d3 4 0 64 0
4 1 64 0
4 2 64 0
.63f4fc87ef3ce 1 0 36 64
.63f4fc8872017 4 0 88 43
2 0 39 87
.63f4fc887daa0 1 0 38 64
.63f4fc890a3f9 4 0 88 8
2 0 50 77
.63f4fc8911321 4 0 88 47
2 0 36 71
.63f4fc89172bf 1 0 53 64
.63f4fc8918a65 1 0 39 64
.63f4fc89a52ff 4 0 88 94
2 0 38 97
.63f4fc89ae97a 1 0 36 64
.63f4fc89dc6dc 4 0 64 127
4 1 64 127
4 2 64 127
.63f4fc8a2b907 4 0 88 45
2 0 35 87
.63f4fc8a2d598 4 0 88 45
2 0 53 87
.63f4fc8a33ca6 1 0 38 64
.63f4fc8a36d74 1 0 55 64
1 0 55 64
.63f4fc8a400ba 4 0 64 0
4 1 64 0
4 2 64 0
.63f4fc8ab9235 4 0 88 60
2 0 36 95
.63f4fc8ac6d4c 4 0 64 127
4 1 64 127
4 2 64 127
.63f4fc8aca92b 1 0 50 64
.63f4fc8ace15e 1 0 35 64
.63f4fc8ad2fcf 1 0 53 64
.63f4fc8b41ac6 4 0 88 65
2 0 38 77
.63f4fc8b4322c 4 0 88 114
2 0 56 90
.63f4fc8b4d8e2 1 0 36 64
.63f4fc8b5957c 4 0 64 0
4 1 64 0
4 2 64 0
.63f4fc8bd6e84 4 0 88 125
2 0 39 84
.63f4fc8be6a9f 1 0 38 64
.63f4fc8c659ad 4 0 88 1
2 0 55 86
.63f4fc8c687a5 4 0 88 39
2 0 41 75
.63f4fc8c6f87b 1 0 39 64
.63f4fc8c789ea 1 0 56 64
.63f4fc8cf450e 4 0 88 66
2 0 44 88
.63f4fc8cff4ae 1 0 41 64
.63f4fc8d2b3b0 4 0 64 127
4 1 64 127
4 2 64 127
.63f4fc8d881a0 4 0 88 55
2 0 43 74
.63f4fc8d8ecee 4 0 64 0
4 1 64 0
4 2 64 0
.63f4fc8d8f50b 4 0 88 63
2 0 51 43
.63f4fc8d91abf 1 0 44 64
.63f4fc8d957f3 4 0 88 122
2 0 50 90
.63f4fc8da71d5 1 0 51 64
.63f4fc8e1e382 4 0 88 84
2 0 41 93
.63f4fc8e2ff11 1 0 43 64
.63f4fc8e35d89 4 0 64 127
4 1 64 127
4 2 64 127
.63f4fc8ea4cbf 4 0 88 7
2 0 48 90
.63f4fc8ea71d0 1 0 50 64
.63f4fc8ea891a 4 0 88 113
2 0 39 63
.63f4fc8eac6d9 1 0 41 64
.63f4fc8eae0a1 4 0 64 0
4 1 64 0
4 2 64 0
.63f4fc8f3b4d0 4 0 88 2
2 0 43 95
.63f4fc8f4ff80 1 0 39 64
.63f4fc8f6f5e6 4 0 64 127
4 1 64 127
4 2 64 127
.63f4fc8f7d1d7 1 0 48 64
.63f4fc8fc56c8 4 0 88 33
2 0 51 93
.63f4fc8fc6acf 4 0 88 0
2 0 48 100
.63f4fc8fce883 1 0 43 64
.63f4fc8fd5ec3 4 0 64 0
4 1 64 0
4 2 64 0
.63f4fc904d175 4 0 88 90
2 0 47 88
.63f4fc904efde 4 0 88 20
2 0 50 89
.63f4fc9053535 1 0 48 64
.63f4fc9055463 1 0 51 64
.63f4fc90d007b 4 0 88 20
2 0 51 86
.63f4fc90d24d9 4 0 88 28
2 0 48 84
.63f4fc90d61d3 1 0 50 64
.63f4fc90df344 1 0 47 64
.63f4fc90efeb2 1 0 55 64
.63f4fc9100ca9 4 0 64 127
4 1 64 127
4 2 64 127
.63f4fc915bdc0 4 0 88 110
2 0 55 91
.63f4fc915d3c2 1 0 48 64
.63f4fc916171a 4 0 64 0
4 1 64 0
4 2 64 0
.63f4fc918791c 4 0 64 127
4 1 64 127
4 2 64 127
.63f4fc91d99b7 4 0 64 0
4 1 64 0
4 2 64 0
.63f4fc91e401c 1 0 51 64
.63f4fc91e7333 4 0 88 107
2 0 53 96
.63f4fc91e79fc 4 0 88 91
2 0 50 55
.63f4fc91f6ea8 4 0 64 127
4 1 64 127
4 2 64 127
.63f4fc9203134 1 0 55 64
.63f4fc9271fb8 4 0 64 0
4 1 64 0
4 2 64 0
.63f4fc927322c 4 0 88 62
2 0 51 91
.63f4fc9274b30 4 0 88 32
2 0 48 72
.63f4fc927b0e4 1 0 50 64
.63f4fc92885c9 1 0 53 64
.63f4fc92980dd 4 0 64 127
4 1 64 127
4 2 64 127
.63f4fc92fbad8 4 0 64 0
4 1 64 0
4 2 64 0
.63f4fc9300d6a 4 0 88 48
2 0 44 84
.63f4fc9302e0a 4 0 88 122
2 0 50 90
.63f4fc9312616 1 0 48 64
.63f4fc9317704 1 0 51 64
.63f4fc939623b 4 0 88 118
2 0 48 95
.63f4fc93a0c8d 1 0 50 64
.63f4fc93a2198 4 0 88 120
2 0 55 49
.63f4fc93b4e15 1 0 55 64
.63f4fc941fe7d 4 0 88 33
2 0 50 88
.63f4fc94ae941 4 0 88 83
2 0 53 98
.63f4fc94afa62 1 0 48 64
.63f4fc94b3157 1 0 50 64
.63f4fc94dc37c 4 0 64 127
4 1 64 127
4 2 64 127
.63f4fc9509162 1 0 44 64
.63f4fc953706c 4 0 88 72
2 0 44 85
.63f4fc9545afe 4 0 64 0
4 1 64 0
4 2 64 0
.63f4fc95ccc34 4 0 88 20
2 0 48 89
.63f4fc961493e 1 0 44 64
.63f4fc962d2e7 4 0 64 127
4 1 64 127
4 2 64 127
.63f4fc9647806 1 0 53 64
.63f4fc9653b5f 4 0 88 108
2 0 46 93
.63f4fc9665163 1 0 48 64
.63f4fc96e74c9 4 0 88 20
2 0 44 86
.63f4fc96e8bde 4 0 88 78
2 0 60 76
.63f4fc96e960f 4 0 88 111
2 0 62 74
.63f4fc96f17e0 4 0 64 0
4 1 64 0
4 2 64 0
.63f4fc96f8063 1 0 62 64
.63f4fc96fa99a 1 0 46 64
.63f4fc9708f11 4 0 64 127
4 1 64 127
4 2 64 127
.63f4fc9786e65 4 0 64 0
4 1 64 0
4 2 64 0
.63f4fc978b1f4 4 0 88 1
2 0 67 86
.63f4fc978b683 4 0 88 74
2 0 43 61
.63f4fc978eaac 1 0 44 64
.63f4fc97e7b9a 1 0 60 64
.63f4fc9810a5b 4 0 64 127
4 1 64 127
4 2 64 127
.63f4fc982146a 4 0 88 127
2 0 58 77
.63f4fc98aa6b4 1 0 67 64
.63f4fc98ac213 4 0 88 95
2 0 65 75
.63f4fc98b1c7c 4 0 64 0
4 1 64 0
4 2 64 0
.63f4fc9934e32 4 0 88 20
2 0 56 86
.63f4fc995bb83 4 0 64 127
4 1 64 127
4 2 64 127
.63f4fc997a0ce 1 0 56 64
.63f4fc997cbb5 1 0 58 64
.63f4fc99b97b7 4 0 64 0
4 1 64 0
4 2 64 0
.63f4fc99be9db 4 0 88 40
2 0 63 80
.63f4fc99bffb1 4 0 88 55
2 0 55 82
.63f4fc99d2577 1 0 65 64
.63f4fc9a50331 4 0 88 7
2 0 58 95
.63f4fc9a63419 1 0 63 64
.63f4fc9a86985 4 0 64 127
4 1 64 127
4 2 64 127
.63f4fc9aa31e7 1 0 43 64
.63f4fc9addc7c 4 0 88 39
2 0 43 92
.63f4fc9ade748 4 0 64 0
4 1 64 0
4 2 64 0
.63f4fc9ae0763 4 0 88 65
2 0 60 90
.63f4fc9ae9074 1 0 58 64
.63f4fc9b65833 4 0 88 57
2 0 61 94
.63f4fc9b77bb6 1 0 60 64
.63f4fc9b88721 4 0 64 127
4 1 64 127
4 2 64 127
.63f4fc9be9299 4 0 64 0
4 1 64 0
4 2 64 0
.63f4fc9bf0cdc 4 0 88 9
2 0 63 68
.63f4fc9bf1275 4 0 88 104
2 0 44 53
.63f4fc9bf19bb 4 0 88 70
2 0 60 85
.63f4fc9bf1e02 1 0 55 64
.63f4fc9c0329e 1 0 61 64
.63f4fc9c09d71 1 0 43 64
.63f4fc9c7e9eb 4 0 88 93
2 0 58 79
.63f4fc9c7f5ce 4 0 88 125
2 0 61 84
.63f4fc9c86ad6 1 0 60 64
.63f4fc9c8fdce 1 0 63 64
.63f4fc9cad75b 4 0 64 127
4 1 64 127
4 2 64 127
.63f4fc9d00f22 4 0 88 118
2 0 60 95
.63f4fc9d025fc 4 0 64 0
4 1 64 0
4 2 64 0
.63f4fc9d036e4 4 0 88 93
2 0 56 71
.63f4fc9d05db7 1 0 58 64
.63f4fc9d1238c 1 0 61 64
.63f4fc9d88d07 4 0 88 80
2 0 61 82
4 0 88 33
2 0 58 93
.63f4fc9d93e95 1 0 60 64
.63f4fc9dac62f 4 0 64 127
4 1 64 127
4 2 64 127
.63f4fc9dd2b4b 1 0 44 64
.63f4fc9e005bb 4 0 88 14
2 0 60 94
.63f4fc9e014a3 4 0 64 0
4 1 64 0
4 2 64 0
.63f4fc9e02453 4 0 88 40
2 0 63 80
.63f4fc9e02f28 4 0 88 107
2 0 46 76
.63f4fc9e03051 1 0 58 64
.63f4fc9e1cb2d 1 0 61 64
.63f4fc9e8abfc 1 0 63 64
.63f4fc9e8b2d4 4 0 88 78
2 0 65 89
.63f4fc9e8d5ec 4 0 88 39
2 0 61 90
.63f4fc9e9fa1b 1 0 60 64
.63f4fc9eae3bb 4 0 64 127
4 1 64 127
4 2 64 127
.63f4fc9eb075a 1 0 65 64
.63f4fc9eb532a 1 0 61 64
.63f4fc9f17acb 4 0 64 0
4 1 64 0
4 2 64 0
.63f4fc9f1b5c1 4 0 88 66
2 0 63 88
.63f4fc9f1c7a6 4 0 88 7
2 0 67 90
.63f4fc9fa0af4 4 0 88 100
2 0 68 83
.63f4fc9fa39b1 4 0 88 27
2 0 65 93
.63f4fc9fac108 1 0 67 64
.63f4fc9fae375 1 0 63 64
.63f4fc9fc1aad 4 0 64 127
4 1 64 127
4 2 64 127
.63f4fc9fd01a3 1 0 46 64
.63f4fca004943 1 0 68 64
.63f4fca025416 4 0 64 0
4 1 64 0
4 2 64 0
.63f4fca0266df 4 0 88 97
2 0 48 65
.63f4fca02963b 4 0 88 7
2 0 68 95
4 0 88 80
2 0 63 82
.63f4fca034518 1 0 65 64
.63f4fca0ba388 4 0 88 53
2 0 67 91
.63f4fca0c4ab0 1 0 68 64
.63f4fca0fb2ba 4 0 64 127
4 1 64 127
4 2 64 127
.63f4fca13bd89 4 0 88 39
2 0 65 92
.63f4fca141730 4 0 64 0
4 1 64 0
4 2 64 0
.63f4fca1495c5 1 0 67 64
.63f4fca15ec87 4 0 64 127
4 1 64 127
4 2 64 127
.63f4fca1a8076 4 0 64 0
4 1 64 0
4 2 64 0
.63f4fca1bcc5f 4 0 88 93
2 0 66 79
.63f4fca1c51c4 1 0 65 64
.63f4fca1d6f08 4 0 64 127
4 1 64 127
4 2 64 127
.63f4fca1eb697 1 0 48 64
.63f4fca2153d6 1 0 63 64
.63f4fca24731e 4 0 88 48
2 0 60 96
.63f4fca24927d 4 0 64 0
4 1 64 0
4 2 64 0
.63f4fca250c03 4 0 88 126
2 0 48 41
.63f4fca2d546f 4 0 88 80
2 0 63 82
.63f4fca2ecda6 1 0 60 64
.63f4fca3164ec 4 0 64 127
4 1 64 127
4 2 64 127
.63f4fca3237ee 1 0 66 64
.63f4fca3364fd 1 0 56 64
.63f4fca35dbc3 4 0 88 73
2 0 61 78
4 0 88 19
2 0 66 79
.63f4fca35f834 4 0 64 0
4 1 64 0
4 2 64 0
.63f4fca360ae4 4 0 88 80
2 0 56 82
.63f4fca36b796 1 0 63 64
.63f4fca3f4eb0 4 0 88 71
2 0 60 99
.63f4fca401dcf 1 0 61 64
.63f4fca415372 4 0 64 127
4 1 64 127
4 2 64 127
.63f4fca430c0c 1 0 48 64
.63f4fca4593c0 1 0 66 64
.63f4fca47a64d 4 0 88 112
2 0 65 82
.63f4fca4809f6 4 0 88 99
2 0 49 72
.63f4fca481959 4 0 64 0
4 1 64 0
4 2 64 0
.63f4fca493de8 1 0 56 64
.63f4fca513868 4 0 88 114
2 0 63 80
.63f4fca518042 4 0 88 125
2 0 48 81
.63f4fca5216c5 1 0 49 64
.63f4fca5219de 1 0 65 64
.63f4fca5a2cc7 4 0 88 57
2 0 46 65
.63f4fca5a5ca3 4 0 88 93
2 0 61 71
.63f4fca5adad7 1 0 48 64
.63f4fca5adc4a 1 0 63 64
.63f4fca62b66e 4 0 88 25
2 0 63 83
.63f4fca62d594 4 0 88 122
2 0 48 90
.63f4fca634ed7 1 0 61 64
.63f4fca6441a3 1 0 46 64
.63f4fca6508d9 4 0 64 127
4 1 64 127
4 2 64 127
.63f4fca6a6710 4 0 88 99
2 0 61 72
.63f4fca6a92b8 1 0 60 64
4 0 88 33
2 0 68 93
.63f4fca6adea1 1 0 63 64
.63f4fca6ae456 4 0 64 0
4 1 64 0
4 2 64 0
.63f4fca6af20e 4 0 88 125
2 0 49 84
.63f4fca6baf58 1 0 48 64
.63f4fca73bf11 4 0 88 43
2 0 46 87
.63f4fca73c15c 4 0 88 24
2 0 60 98
.63f4fca744e9b 1 0 49 64
.63f4fca7492a8 1 0 61 64
.63f4fca78d024 4 0 64 127
4 1 64 127
4 2 64 127
.63f4fca7bf343 4 0 88 73
2 0 61 78
.63f4fca7c5ce7 1 0 60 64
.63f4fca7cd7ac 4 0 64 0
4 1 64 0
4 2 64 0
.63f4fca7d0af4 4 0 88 78
2 0 48 76
.63f4fca7d60e5 1 0 46 64
.63f4fca849986 1 0 61 64
.63f4fca84dbf1 4 0 88 27
2 0 63 41
.63f4fca852b9f 4 0 88 53
2 0 49 77
.63f4fca857bbe 4 0 88 11
2 0 65 81
.63f4fca85d551 4 0 88 2
2 0 66 38
.63f4fca85ef83 1 0 63 64
1 0 48 64
.63f4fca86f4ee 1 0 66 64
.63f4fca889028 4 0 64 127
4 1 64 127
4 2 64 127
.63f4fca8e4007 4 0 88 33
2 0 63 72
.63f4fca8e5a8b 4 0 88 1
2 0 43 86
.63f4fca8e8332 1 0 49 64
.63f4fca8ec934 4 0 64 0
4 1 64 0
4 2 64 0
.63f4fca8f7753 1 0 65 64
.63f4fca9750c8 4 0 88 85
2 0 61 92
.63f4fca985dcb 1 0 63 64
.63f4fca99981a 4 0 64 127
4 1 64 127
4 2 64 127
.63f4fca9c531e 1 0 68 64
.63f4fca9eb8b0 4 0 64 0
4 1 64 0
4 2 64 0
.63f4fca9faa88 4 0 88 14
2 0 66 69
.63f4fca9fb4af 4 0 88 14
2 0 60 94
.63f4fcaa02ef9 1 0 61 64
.63f4fcaa80a47 4 0 88 80
2 0 61 82
.63f4fcaa8f4db 1 0 60 64
.63f4fcaaf3ca3 1 0 66 64
.63f4fcab00b29 4 0 88 90
2 0 65 88
.63f4fcab51030 4 0 64 127
4 1 64 127
4 2 64 127
.63f4fcab7cf48 4 0 64 0
4 1 64 0
4 2 64 0
.63f4fcab856f7 4 0 88 24
2 0 60 98
.63f4fcab85b21 4 0 64 127
4 1 64 127
4 2 64 127
.63f4fcab8dbb6 1 0 61 64
.63f4fcac175e1 4 0 88 98
2 0 59 83
.63f4fcac20200 4 0 88 14
2 0 42 101
.63f4fcac210d0 4 0 64 0
4 1 64 0
4 2 64 0
.63f4fcac26575 1 0 60 64
.63f4fcac2e719 1 0 43 64
.63f4fcacb3e29 4 0 88 7
2 0 62 90
.63f4fcacdba77 1 0 59 64
.63f4fcacf6ef0 4 0 64 127
4 1 64 127
4 2 64 127
.63f4fcad43486 4 0 64 0
4 1 64 0
4 2 64 0
4 0 88 85
2 0 56 92
.63f4fcad530ef 1 0 62 64
.63f4fcadc75c9 4 0 88 66
2 0 58 88
.63f4fcadda947 1 0 56 64
.63f4fcadf8c4e 4 0 64 127
4 1 64 127
4 2 64 127
.63f4fcae35ef5 1 0 42 64
.63f4fcae500e5 4 0 88 85
2 0 59 84
.63f4fcae50ce5 4 0 88 100
2 0 42 83
.63f4fcae5683f 4 0 64 0
4 1 64 0
4 2 64 0
.63f4fcae57b16 1 0 58 64
.63f4fcaed9f50 4 0 88 96
2 0 56 86
.63f4fcaee1e46 1 0 65 64
.63f4fcaf007b5 4 0 64 127
4 1 64 127
4 2 64 127
.63f4fcaf57a77 4 0 88 116
2 0 64 86
.63f4fcaf5b4af 4 0 64 0
4 1 64 0
4 2 64 0
.63f4fcaf607e0 4 0 88 109
2 0 41 78
.63f4fcaf64cd0 1 0 42 64
.63f4fcafb04d5 4 0 64 127
4 1 64 127
4 2 64 127
.63f4fcafc921d 1 0 56 64
.63f4fcafe9048 4 0 88 125
2 0 56 84
.63f4fcaff3a95 4 0 64 0
4 1 64 0
4 2 64 0
.63f4fcaffc787 4 0 64 127
4 1 64 127
4 2 64 127
.63f4fcb00aa36 1 0 64 64
.63f4fcb045920 1 0 59 64
.63f4fcb074975 4 0 64 0
4 1 64 0
4 2 64 0
.63f4fcb07725b 4 0 88 41
2 0 62 83
.63f4fcb079a9c 4 0 88 116
2 0 55 86
.63f4fcb082ed7 1 0 56 64
.63f4fcb1052ac 4 0 88 2
2 0 53 95
.63f4fcb1156b1 1 0 55 64
.63f4fcb135ffb 4 0 64 127
4 1 64 127
4 2 64 127
.63f4fcb18de16 4 0 64 0
4 1 64 0
4 2 64 0
.63f4fcb18f90d 4 0 88 98
2 0 52 83
.63f4fcb1936de 1 0 53 64
.63f4fcb19396f 4 0 88 83
2 0 43 98
.63f4fcb19a4c2 1 0 41 64
.63f4fcb220203 4 0 88 65
2 0 55 90
.63f4fcb2759c5 1 0 62 64
.63f4fcb2aa4f9 4 0 88 45
2 0 60 87
.63f4fcb2ab41a 4 0 88 35
2 0 45 102
.63f4fcb2b9001 1 0 43 64
.63f4fcb3390e5 4 0 88 1
2 0 59 86
.63f4fcb33d00d 1 0 60 64
.63f4fcb377389 4 0 64 127
4 1 64 127
4 2 64 127
.63f4fcb3c0795 4 0 64 0
4 1 64 0
4 2 64 0
.63f4fcb3c36ac 4 0 88 13
2 0 60 99
.63f4fcb3c502d 4 0 88 66
2 0 46 88
.63f4fcb3ce09a 1 0 55 64
.63f4fcb3d11a1 1 0 45 64
.63f4fcb3d42d3 1 0 59 64
.63f4fcb455d75 4 0 88 107
2 0 55 96
.63f4fcb472a2d 1 0 52 64
.63f4fcb4d5e2c 4 0 88 83
2 0 53 98
.63f4fcb4e9267 1 0 55 64
.63f4fcb56e7d4 4 0 88 68
2 0 52 105
.63f4fcb577efb 1 0 53 64
.63f4fcb5acb6f 4 0 64 127
4 1 64 127
4 2 64 127
.63f4fcb610557 4 0 64 0
4 1 64 0
4 2 64 0
.63f4fcb61158e 4 0 88 62
2 0 56 91
.63f4fcb61e4ed 1 0 60 64
.63f4fcb6a02a2 4 0 88 48
2 0 50 96
.63f4fcb6aecfe 1 0 46 64
.63f4fcb72a2b6 4 0 88 83
2 0 48 98
.63f4fcb73c73e 1 0 50 64
.63f4fcb7b281b 4 0 88 59
2 0 47 100
.63f4fcb7c090b 1 0 48 64
.63f4fcb84ed8e 4 0 88 78
2 0 48 89
.63f4fcb85a34d 1 0 47 64
.63f4fcb8dd537 4 0 88 27
2 0 43 93
.63f4fcb8f6639 1 0 48 64
.63f4fcb95942a 4 0 88 58
2 0 44 48
.63f4fcb97a2ac 1 0 43 64
.63f4fcb9e5a3d 4 0 88 97
2 0 41 92
.63f4fcb9ef07d 1 0 44 64
.63f4fcba2c3bc 4 0 64 127
4 1 64 127
4 2 64 127
.63f4fcba32385 1 0 56 64
.63f4fcba67541 1 0 52 64
.63f4fcba67e7b 4 0 88 11
2 0 55 81
.63f4fcba69006 4 0 88 27
2 0 60 93
.63f4fcba6bf35 4 0 88 28
2 0 43 84
.63f4fcba72c60 1 0 41 64
.63f4fcba92c7a 4 0 64 0
4 1 64 0
4 2 64 0
.63f4fcbafd48f 4 0 88 14
2 0 48 94
.63f4fcbb07305 1 0 43 64
.63f4fcbb8491a 4 0 88 84
2 0 43 93
.63f4fcbb9318d 1 0 48 64
.63f4fcbba9274 4 0 64 127
4 1 64 127
4 2 64 127
.63f4fcbbaf253 1 0 55 64
.63f4fcbbbd043 1 0 60 64
.63f4fcbc176be 4 0 88 24
2 0 64 80
.63f4fcbc186fd 4 0 64 0
4 1 64 0
4 2 64 0
.63f4fcbc1ae2f 4 0 88 28
2 0 55 84
.63f4fcbc1c487 4 0 88 35
2 0 40 102
.63f4fcbc28d12 1 0 43 64
.63f4fcbc4184f 4 0 64 127
4 1 64 127
4 2 64 127
.63f4fcbc6b095 1 0 55 64
.63f4fcbcbb685 4 0 88 72
2 0 36 73
.63f4fcbcbf70c 4 0 64 0
4 1 64 0
4 2 64 0
.63f4fcbcc3541 1 0 40 64
.63f4fcbcc42c1 4 0 88 51
2 0 67 78
.63f4fcbcc78c3 4 0 88 53
2 0 60 91
.63f4fcbd11c97 1 0 64 64
.63f4fcbd50cc1 4 0 88 112
2 0 64 82
.63f4fcbd5ac05 4 0 64 127
4 1 64 127
4 2 64 127
.63f4fcbd63ea8 1 0 67 64
.63f4fcbdd2e84 4 0 88 110
2 0 72 91
.63f4fcbddea21 4 0 64 0
4 1 64 0
4 2 64 0
.63f4fcbe04bdd 4 0 64 127
4 1 64 127
4 2 64 127
.63f4fcbe368a4 4 0 64 0
4 1 64 0
4 2 64 0
.63f4fcbe4ae1a 1 0 72 64
.63f4fcbe5a67d 4 0 88 61
2 0 70 97
.63f4fcbe656f0 4 0 64 127
4 1 64 127
4 2 64 127
.63f4fcbed0e0f 1 0 70 64
.63f4fcbed82d2 4 0 88 98
2 0 69 83
.63f4fcbed87dd 4 0 88 110
2 0 38 91
.63f4fcbee12f4 1 0 36 64
.63f4fcbee35e4 4 0 64 0
4 1 64 0
4 2 64 0
.63f4fcbf50928 1 0 60 64
.63f4fcbf6fc2e 4 0 88 14
2 0 60 94
.63f4fcbf7dca5 1 0 64 64
.63f4fcbffbf51 4 0 88 60
2 0 62 95
.63f4fcc00c089 1 0 60 64
.63f4fcc0820eb 4 0 88 78
2 0 64 89
.63f4fcc09156c 1 0 62 64
.63f4fcc0ac7e3 4 0 64 127
4 1 64 127
4 2 64 127
.63f4fcc106c4e 4 0 88 58
2 0 65 86
.63f4fcc1074ae 4 0 64 0
4 1 64 0
4 2 64 0
.63f4fcc117d2e 1 0 64 64
.63f4fcc1334c3 4 0 64 127
4 1 64 127
4 2 64 127
.63f4fcc137c31 1 0 69 64
.63f4fcc18fc68 4 0 88 37
2 0 60 97
.63f4fcc190b85 4 0 88 72
2 0 67 94
.63f4fcc196d6f 4 0 64 0
4 1 64 0
4 2 64 0
.63f4fcc199d8f 4 0 64 127
4 1 64 127
4 2 64 127
.63f4fcc19f32a 1 0 65 64
.63f4fcc21492d 4 0 88 66
2 0 58 88
.63f4fcc219135 4 0 88 59
2 0 40 106
.63f4fcc21da7c 4 0 64 0
4 1 64 0
4 2 64 0
.63f4fcc220678 1 0 60 64
.63f4fcc224be8 1 0 38 64
.63f4fcc29e5bb 4 0 88 77
2 0 57 104
.63f4fcc2a85a3 1 0 58 64
.63f4fcc2c2f9b 1 0 67 64
.63f4fcc2e1ff7 4 0 64 127
4 1 64 127
4 2 64 127
.63f4fcc31c1d7 4 0 88 125
2 0 58 84
.63f4fcc3202d7 4 0 88 96
2 0 65 68
.63f4fcc322533 1 0 57 64
.63f4fcc326ea3 4 0 88 1
2 0 64 46
.63f4fcc33531d 1 0 64 64
.63f4fcc336f0c 4 0 64 0
4 1 64 0
4 2 64 0
.63f4fcc3b38d7 4 0 88 107
2 0 62 96
.63f4fcc3d16ff 1 0 58 64
.63f4fcc435e7c 4 0 64 127
4 1 64 127
4 2 64 127
.63f4fcc4394cf 4 0 88 71
2 0 60 99
.63f4fcc44f5ca 1 0 62 64
.63f4fcc45a347 1 0 65 64
.63f4fcc4b74f2 4 0 88 99
2 0 58 72
.63f4fcc4b9b32 1 0 60 64
.63f4fcc4bc9de 4 0 88 72
2 0 67 94
.63f4fcc4cb599 4 0 64 0
4 1 64 0
4 2 64 0
.63f4fcc4ce325 4 0 64 127
4 1 64 127
4 2 64 127
.63f4fcc539f8b 4 0 88 41
2 0 57 108
.63f4fcc53c585 4 0 88 111
2 0 41 58
.63f4fcc53e55b 1 0 40 64
.63f4fcc5452fd 1 0 58 64
.63f4fcc557f50 4 0 64 0
4 1 64 0
4 2 64 0
.63f4fcc5d4c49 4 0 88 33
2 0 60 88
.63f4fcc62fc53 1 0 67 64
.63f4fcc65454e 4 0 88 53
2 0 65 91
.63f4fcc6584f9 4 0 88 110
2 0 45 91
.63f4fcc6683d1 1 0 41 64
.63f4fcc6dcf08 4 0 88 11
2 0 64 81
.63f4fcc6e7bab 1 0 65 64
.63f4fcc6ec4dc 4 0 64 127
4 1 64 127
4 2 64 127
.63f4fcc6fc5cc 1 0 60 64
.63f4fcc765935 4 0 88 58
2 0 62 86
.63f4fcc76628a 4 0 88 53
2 0 65 91
.63f4fcc76aae2 1 0 57 64
.63f4fcc77048c 4 0 64 0
4 1 64 0
4 2 64 0
4 0 88 95
2 0 48 79
.63f4fcc771041 1 0 64 64
.63f4fcc7844ed 1 0 45 64
.63f4fcc7f04f9 4 0 88 60
2 0 67 95
.63f4fcc804868 1 0 65 64
.63f4fcc875d1a 4 0 88 105
2 0 60 101
.63f4fcc87ddec 1 0 62 64
.63f4fcc8f559f 4 0 88 114
2 0 58 80
.63f4fcc8ff735 4 0 88 118
2 0 53 95
.63f4fcc903187 1 0 60 64
.63f4fcc9086b3 1 0 48 64
.63f4fcc98651f 4 0 88 65
2 0 57 90
.63f4fcc991463 1 0 58 64
.63f4fcc993565 4 0 88 37
2 0 52 97
.63f4fcc99df74 1 0 53 64
.63f4fcca161f5 4 0 88 96
2 0 55 102
.63f4fcca237d4 1 0 52 64
.63f4fcca2c6f3 4 0 64 127
4 1 64 127
4 2 64 127
.63f4fcca305de 1 0 57 64
.63f4fccaa2bda 4 0 88 112
2 0 58 96
.63f4fccaa8bb7 4 0 88 24
2 0 53 98
.63f4fccaaa630 4 0 64 0
4 1 64 0
4 2 64 0
.63f4fccab11fd 1 0 55 64
.63f4fccafc81c 4 0 64 127
4 1 64 127
4 2 64 127
.63f4fccb09ac9 1 0 67 64
.63f4fccb32768 4 0 88 13
2 0 52 99
.63f4fccb3f5fa 1 0 53 64
.63f4fccb62cbd 1 0 58 64
.63f4fccbabc5b 4 0 88 95
2 0 69 75
.63f4fccbaf331 4 0 64 0
4 1 64 0
4 2 64 0
.63f4fccbaff1d 4 0 88 55
2 0 65 82
.63f4fccbb0d40 4 0 88 53
2 0 50 91
.63f4fccbc0c59 1 0 52 64
.63f4fccc4e6ea 4 0 88 72
2 0 60 94
.63f4fccc5315d 4 0 88 85
2 0 48 84
.63f4fccc61be9 1 0 50 64
.63f4fccc66d8f 1 0 65 64
.63f4fccc851f8 4 0 64 127
4 1 64 127
4 2 64 127
.63f4fcccd8d29 4 0 88 114
2 0 46 90
.63f4fcccd9513 4 0 88 37
2 0 62 97
.63f4fcccdfeaa 4 0 64 0
4 1 64 0
4 2 64 0
.63f4fccce1c13 1 0 48 64
.63f4fcccef469 1 0 60 64
.63f4fccd59ded 4 0 88 118
2 0 64 95
.63f4fccd5ca03 4 0 88 90
2 0 45 88
.63f4fccd697af 1 0 46 64
.63f4fccd69946 1 0 62 64
.63f4fccda1560 4 0 64 127
4 1 64 127
4 2 64 127
.63f4fccde0249 4 0 88 24
2 0 60 98
4 0 88 125
2 0 46 84
.63f4fccde09cf 4 0 88 33
2 0 65 88
.63f4fccde7a67 4 0 64 0
4 1 64 0
4 2 64 0
.63f4fccdeacc7 1 0 45 64
.63f4fccdee4e6 1 0 64 64
.63f4fcce68f40 4 0 88 97
2 0 62 92
.63f4fcce7a6a4 1 0 60 64
.63f4fccee8274 4 0 88 66
2 0 58 74
.63f4fcceeb98f 4 0 88 114
2 0 63 90
.63f4fcceedf24 1 0 62 64
.63f4fccf71569 4 0 88 59
2 0 60 100
.63f4fccf76237 4 0 64 127
4 1 64 127
4 2 64 127
.63f4fccf790b2 1 0 63 64
.63f4fccf843ca 1 0 69 64
.63f4fccf86e67 1 0 65 64
.63f4fccf9a60a 1 0 60 64
.63f4fccfe2909 4 0 64 0
4 1 64 0
4 2 64 0
.63f4fccff0339 4 0 88 10
2 0 70 92
.63f4fccff138d 4 0 88 118
2 0 62 95
.63f4fcd008ab4 4 0 64 127
4 1 64 127
4 2 64 127
.63f4fcd01c853 1 0 58 64
.63f4fcd049caa 1 0 70 64
.63f4fcd075751 4 0 88 50
2 0 55 107
.63f4fcd0f198e 4 0 88 107
2 0 69 96
.63f4fcd0f35be 4 0 88 72
2 0 65 94
.63f4fcd0f47fb 4 0 88 118
2 0 57 95
.63f4fcd0f8e32 4 0 64 0
4 1 64 0
4 2 64 0
.63f4fcd103add 1 0 46 64
.63f4fcd10d301 1 0 55 64
.63f4fcd10d63f 4 0 64 127
4 1 64 127
4 2 64 127
.63f4fcd173ad3 4 0 88 102
2 0 58 107
.63f4fcd17dc3a 1 0 57 64
.63f4fcd1a80e0 1 0 65 64
.63f4fcd1ae8c9 1 0 58 64
.63f4fcd1afd07 1 0 62 64
.63f4fcd1e98d8 4 0 88 14
2 0 67 94
.63f4fcd1eb063 4 0 88 118
2 0 48 95
.63f4fcd1ecd53 4 0 88 105
2 0 57 101
.63f4fcd1ed934 4 0 88 68
2 0 62 81
.63f4fcd1f1eaf 4 0 64 0
4 1 64 0
4 2 64 0
.63f4fcd1fb18f 1 0 69 64
.63f4fcd272152 4 0 88 7
2 0 58 95
.63f4fcd27fca5 1 0 57 64
.63f4fcd2d0619 1 0 62 64
.63f4fcd2ec820 4 0 88 25
2 0 63 83
.63f4fcd2eced3 4 0 88 98
2 0 72 83
.63f4fcd2f04b8 4 0 88 78
2 0 60 89
.63f4fcd2fdd9f 1 0 58 64
.63f4fcd300af4 1 0 67 64
.63f4fcd372749 4 0 88 87
2 0 62 103
.63f4fcd380343 1 0 63 64
.63f4fcd3f22d6 4 0 88 107
2 0 65 96
.63f4fcd4033c4 1 0 62 64
.63f4fcd46b294 4 0 88 61
2 0 70 97
.63f4fcd47f60e 4 0 64 127
4 1 64 127
4 2 64 127
.63f4fcd480d19 1 0 72 64
.63f4fcd48eb29 1 0 65 64
.63f4fcd4b83f9 1 0 48 64
.63f4fcd4e46dc 4 0 88 107
2 0 69 96
.63f4fcd4e4cc4 4 0 88 105
2 0 65 101
.63f4fcd4e5de9 4 0 64 0
4 1 64 0
4 2 64 0
.63f4fcd4e6e3a 4 0 88 41
2 0 48 83
.63f4fcd4eb409 1 0 70 64
.63f4fcd563b88 4 0 88 105
2 0 67 101
.63f4fcd5704f6 1 0 69 64
.63f4fcd592cea 4 0 64 127
4 1 64 127
4 2 64 127
.63f4fcd59761b 1 0 65 64
.63f4fcd5bd699 1 0 48 64
.63f4fcd5e1e99 4 0 64 0
4 1 64 0
4 2 64 0
.63f4fcd5e41fe 4 0 88 125
2 0 50 81
.63f4fcd5e4e4c 4 0 88 118
2 0 69 95
.63f4fcd5e53c7 4 0 88 14
2 0 65 94
.63f4fcd5f36f3 1 0 67 64
.63f4fcd66c658 4 0 88 14
2 0 70 101
.63f4fcd6815ad 1 0 69 64
.63f4fcd6b6a01 1 0 60 64
.63f4fcd6e818a 4 0 88 72
2 0 72 94
.63f4fcd6ea96e 4 0 88 87
2 0 62 103
.63f4fcd6f82d5 1 0 70 64
.63f4fcd75ec53 4 0 88 13
2 0 64 99
.63f4fcd76ffa3 1 0 65 64
.63f4fcd793932 4 0 64 127
4 1 64 127
4 2 64 127
.63f4fcd796728 4 0 64 0
4 1 64 0
4 2 64 0
.63f4fcd79c51a 4 0 64 127
4 1 64 127
4 2 64 127
.63f4fcd7b7ac9 1 0 50 64
.63f4fcd7d6f08 4 0 64 0
4 1 64 0
4 2 64 0
.63f4fcd7df04c 4 0 88 117
2 0 65 100
.63f4fcd7e0afd 4 0 88 13
2 0 50 85
.63f4fcd7f0ff4 1 0 64 64
.63f4fcd802ec6 4 0 64 127
4 1 64 127
4 2 64 127
.63f4fcd86936c 4 0 88 65
2 0 70 100
.63f4fcd87649e 1 0 72 64
.63f4fcd8bbd49 1 0 65 64
.63f4fcd8f03ea 4 0 64 0
4 1 64 0
4 2 64 0
.63f4fcd8f0db2 4 0 88 0
2 0 69 100
.63f4fcd8f2d56 4 0 88 94
2 0 74 97
.63f4fcd905f36 1 0 70 64
.63f4fcd972bbb 4 0 88 61
2 0 70 97
.63f4fcd9839ce 1 0 69 64
.63f4fcd9a0063 4 0 64 127
4 1 64 127
4 2 64 127
.63f4fcd9e1333 1 0 74 64
.63f4fcd9e9743 4 0 88 13
2 0 72 85
.63f4fcd9eb559 1 0 50 64
.63f4fcd9ed116 4 0 88 37
2 0 52 97
.63f4fcd9ef1cb 4 0 64 0
4 1 64 0
4 2 64 0
.63f4fcda6ee3c 4 0 88 94
2 0 69 97
.63f4fcda74aee 1 0 70 64
.63f4fcda8dd94 1 0 72 64
.63f4fcda9c050 4 0 64 127
4 1 64 127
4 2 64 127
.63f4fcdae602d 4 0 88 60
2 0 70 81
.63f4fcdae7975 1 0 69 64
.63f4fcdae8adb 4 0 88 96
2 0 79 102
.63f4fcdaee09e 4 0 64 0
4 1 64 0
4 2 64 0
.63f4fcdb6797c 4 0 88 2
2 0 72 95
.63f4fcdb77f7d 1 0 70 64
.63f4fcdbdc83a 1 0 72 64
.63f4fcdbe5f3d 4 0 88 50
2 0 67 107
.63f4fcdbefb9a 4 0 88 18
2 0 69 37
.63f4fcdc0669f 1 0 69 64
.63f4fcdc3060d 4 0 64 127
4 1 64 127
4 2 64 127
.63f4fcdc6e0e9 4 0 88 0
2 0 72 106
.63f4fcdc7ad05 1 0 67 64
.63f4fcdc7e51d 1 0 79 64
.63f4fcdcbff7c 1 0 52 64
.63f4fcdce27b2 1 0 72 64
.63f4fcdceecf0 4 0 64 0
4 1 64 0
4 2 64 0
.63f4fcdcf04a7 4 0 88 88
2 0 70 98
.63f4fcdcf06a6 4 0 88 87
2 0 76 103
.63f4fcdcf1bd7 4 0 88 21
2 0 52 55
.63f4fcdd7c3fa 4 0 88 7
2 0 69 90
.63f4fcdd81f8b 1 0 70 64
.63f4fcdda76cf 4 0 64 127
4 1 64 127
4 2 64 127
.63f4fcde099d2 4 0 88 119
2 0 70 87
.63f4fcde0ea74 4 0 88 59
2 0 53 100
.63f4fcde13e2c 4 0 64 0
4 1 64 0
4 2 64 0
.63f4fcde18421 1 0 69 64
.63f4fcde1ba46 1 0 52 64
.63f4fcdea024a 4 0 88 117
2 0 77 100
.63f4fcdea059c 1 0 76 64
.63f4fcdecf5e0 4 0 64 127
4 1 64 127
4 2 64 127
.63f4fcdee234e 1 0 70 64
.63f4fcdee6eba 1 0 77 64
.63f4fcdf2454c 4 0 64 0
4 1 64 0
4 2 64 0
.63f4fcdf2c46b 4 0 88 107
2 0 79 96
.63f4fcdf2d223 4 0 88 66
2 0 70 88
.63f4fcdf300b0 4 0 64 127
4 1 64 127
4 2 64 127
.63f4fcdf32f35 4 0 64 0
4 1 64 0
4 2 64 0
.63f4fcdf41988 4 0 64 127
4 1 64 127
4 2 64 127
.63f4fcdf7182d 1 0 70 64
.63f4fcdfa7ec6 4 0 88 72
2 0 81 94
.63f4fcdfa955f 4 0 88 33
2 0 72 88
.63f4fcdfae07b 4 0 64 0
4 1 64 0
4 2 64 0
.63f4fcdfbae37 1 0 79 64
.63f4fcdfcb5bd 4 0 64 127
4 1 64 127
4 2 64 127
.63f4fcdfdebfa 1 0 72 64
.63f4fce02c07a 4 0 64 0
4 1 64 0
4 2 64 0
.63f4fce02ea8b 4 0 88 79
2 0 74 69
.63f4fce02f28e 4 0 88 10
2 0 82 92
.63f4fce0425ef 1 0 81 64
.63f4fce08d145 1 0 74 64
.63f4fce0aa0b9 4 0 88 116
2 0 72 86
.63f4fce0aaea6 4 0 88 65
2 0 81 90
.63f4fce0b5bb4 4 0 64 127
4 1 64 127
4 2 64 127
.63f4fce0bfc55 1 0 82 64
.63f4fce0ddba4 1 0 72 64
.63f4fce114eae 1 0 53 64
.63f4fce12bd33 4 0 88 87
2 0 53 72
.63f4fce12dd5c 4 0 64 0
4 1 64 0
4 2 64 0
.63f4fce131bde 4 0 88 107
2 0 74 96
.63f4fce1326e2 4 0 88 85
2 0 82 95
.63f4fce140be7 1 0 81 64
.63f4fce1b3053 4 0 88 14
2 0 79 94
.63f4fce1e09fd 4 0 64 127
4 1 64 127
4 2 64 127
.63f4fce1f91d5 1 0 82 64
.63f4fce22cc77 4 0 64 0
4 1 64 0
4 2 64 0
.63f4fce2336d2 1 0 53 64
.63f4fce23c90b 4 0 88 35
2 0 81 102
.63f4fce240b62 4 0 88 65
2 0 55 77
.63f4fce24bd4c 1 0 79 64
.63f4fce2c185f 4 0 88 23
2 0 76 76
.63f4fce34844c 4 0 88 33
2 0 77 88
.63f4fce34e8da 1 0 76 64
.63f4fce350b3c 4 0 88 125
2 0 57 81
.63f4fce35c17d 1 0 55 64
.63f4fce3dcc6d 4 0 88 83
2 0 79 98
.63f4fce3e6527 1 0 77 64
.63f4fce3ead48 1 0 81 64
.63f4fce4019a6 4 0 64 127
4 1 64 127
4 2 64 127
.63f4fce423130 1 0 74 64
.63f4fce469ecb 4 0 88 48
2 0 72 96
.63f4fce47cac8 4 0 64 0
4 1 64 0
4 2 64 0
.63f4fce4c7578 1 0 62 64
.63f4fce4e0532 4 0 88 77
2 0 77 104
.63f4fce4f15f9 1 0 79 64
.63f4fce503775 4 0 64 127
4 1 64 127
4 2 64 127
.63f4fce5766bb 1 0 72 64
.63f4fce5789f6 4 0 64 0
4 1 64 0
4 2 64 0
.63f4fce578cc3 4 0 88 38
2 0 75 99
.63f4fce57bdc2 4 0 88 117
2 0 58 56
.63f4fce5821e9 1 0 57 64
.63f4fce6026be 4 0 88 39
2 0 74 92
.63f4fce6136be 1 0 75 64
.63f4fce67e2ad 4 0 88 119
2 0 75 87
.63f4fce68b7b0 1 0 74 64
.63f4fce7002e8 4 0 88 78
2 0 72 89
.63f4fce70a1de 4 0 64 127
4 1 64 127
4 2 64 127
1 0 75 64
.63f4fce773bcd 4 0 88 110
2 0 74 91
4 0 88 95
2 0 55 79
4 0 64 0
4 1 64 0
4 2 64 0
.63f4fce77cbf9 1 0 58 64
.63f4fce784305 1 0 72 64
.63f4fce7ff468 4 0 88 48
2 0 69 96
.63f4fce878693 4 0 88 10
2 0 70 92
.63f4fce88831d 1 0 74 64
.63f4fce889a7c 1 0 69 64
.63f4fce8f15a1 4 0 88 24
2 0 74 98
.63f4fce908094 1 0 77 64
.63f4fce90dbd5 4 0 64 127
4 1 64 127
4 2 64 127
.63f4fce96721a 4 0 88 112
2 0 72 82
.63f4fce969d0b 4 0 88 27
2 0 57 93
.63f4fce96ac91 1 0 70 64
.63f4fce96b69a 4 0 88 7
2 0 65 90
.63f4fce96f677 1 0 74 64
.63f4fce9716ef 4 0 64 0
4 1 64 0
4 2 64 0
1 0 55 64
.63f4fce9f9d3c 4 0 88 38
2 0 70 99
.63f4fcea092b3 1 0 72 64
.63f4fcea711b2 4 0 88 94
2 0 72 97
.63f4fcea7d03c 1 0 70 64
.63f4fcea87b6e 4 0 64 127
4 1 64 127
4 2 64 127
.63f4fceae34f4 4 0 88 110
2 0 69 91
.63f4fceb000c9 1 0 72 64
.63f4fceb6675b 4 0 88 28
2 0 53 84
.63f4fceb66bff 4 0 88 100
2 0 70 83
.63f4fceb694f8 4 0 64 0
4 1 64 0
4 2 64 0
.63f4fceb6cb64 1 0 57 64
.63f4fceb78e82 1 0 69 64
.63f4fcebcc3c2 1 0 65 64
.63f4fcebf0224 4 0 88 71
2 0 65 99
.63f4fcec7a133 4 0 88 1
2 0 67 86
.63f4fcec84599 1 0 65 64
.63f4fcec95355 1 0 70 64
.63f4fcecfdb17 4 0 64 127
4 1 64 127
4 2 64 127
.63f4fced03513 4 0 88 48
2 0 70 84
.63f4fced798dc 4 0 88 80
2 0 63 82
.63f4fced7a242 1 0 67 64
.63f4fced7a4eb 4 0 88 116
2 0 69 86
.63f4fced7d1b4 4 0 88 20
2 0 55 89
.63f4fced8057a 1 0 70 64
.63f4fced847b4 4 0 64 0
4 1 64 0
4 2 64 0
.63f4fced87a93 1 0 53 64
.63f4fcedfff39 4 0 88 122
2 0 67 90
.63f4fcee0dd8a 1 0 69 64
.63f4fcee7d129 4 0 88 1
2 0 69 86
.63f4fcee864ba 1 0 67 64
.63f4fceecca40 4 0 64 127
4 1 64 127
4 2 64 127
.63f4fceee4fde 1 0 63 64
.63f4fceef3862 4 0 88 78
2 0 62 89
.63f4fcef222fc 1 0 69 64
.63f4fcef7fdf7 4 0 88 28
2 0 67 84
.63f4fcef85369 4 0 64 0
4 1 64 0
4 2 64 0
.63f4fcef86ae8 4 0 88 113
2 0 51 63
.63f4fcef96a55 1 0 55 64
.63f4fceff0def 1 0 62 64
.63f4fcf00b886 4 0 88 60
2 0 60 95
.63f4fcf043b5d 4 0 64 127
4 1 64 127
4 2 64 127
.63f4fcf094d84 4 0 88 12
2 0 58 75
.63f4fcf09b8dc 4 0 64 0
4 1 64 0
4 2 64 0
.63f4fcf0a7c5a 1 0 60 64
.63f4fcf10e270 4 0 88 94
2 0 62 97
.63f4fcf113b2f 4 0 64 127
4 1 64 127
4 2 64 127
.63f4fcf11aa0b 1 0 67 64
.63f4fcf144b5b 1 0 58 64
.63f4fdc567324 1 0 51 64
.63f4fdc5674a1 4 0 88 41
2 0 57 83
4 0 88 127
2 0 66 77
4 0 64 0
4 1 64 0
4 2 64 0
4 0 88 127
2 0 51 60
1 0 62 64
4 0 88 119
2 0 58 87
1 0 57 64
.63f4fdced8e98 4 0 88 121
2 0 60 37
.63f4fdcff2c23 4 0 88 11
2 0 62 34
.63f4fdd0f840e 4 0 88 84
2 0 64 35
.63f4fdd103231 1 0 62 64
.63f4fdd1fad05 4 0 88 33
2 0 65 48
.63f4fdd1fcf3a 1 0 64 64
.63f4fdd20a91a 4 0 64 0
4 1 64 0
4 2 64 0
.63f4fdd270b72 4 0 64 127
4 1 64 127
4 2 64 127
.63f4fdd27daf7 4 0 88 126
2 0 64 32
.63f4fdd27e17c 1 0 65 64
.63f4fdd2ebc7e 4 0 64 0
4 1 64 0
4 2 64 0
.63f4fdd302c0b 4 0 88 37
2 0 65 39
.63f4fdd311d59 1 0 64 64
.63f4fdd36fa29 4 0 64 127
4 1 64 127
4 2 64 127
.63f4fdd410181 4 0 88 97
2 0 62 35
.63f4fdd414909 1 0 65 64
.63f4fdd512d5e 4 0 88 127
2 0 67 48
.63f4fdd5186c1 1 0 62 64
.63f4fdd6a0540 4 0 88 20
2 0 65 61
.63f4fdd6a6f4c 4 0 64 0
4 1 64 0
4 2 64 0
.63f4fdd6afda6 1 0 67 64
.63f4fdd6b5939 4 0 64 127
4 1 64 127
4 2 64 127
.63f4fdd7226d1 4 0 88 86
2 0 64 38
.63f4fdd729890 1 0 65 64
.63f4fdd88b75e 4 0 88 53
2 0 48 62
.63f4fdd89eeb9 4 0 64 0
4 1 64 0
4 2 64 0
.63f4fdd94bcd8 4 0 64 127
4 1 64 127
4 2 64 127
.63f4fdd9a3472 4 0 88 0
2 0 50 53
.63f4fdd9a9825 4 0 64 0
4 1 64 0
4 2 64 0
.63f4fdd9b9f8d 1 0 48 64
.63f4fdda3028b 4 0 88 97
2 0 62 65
.63f4fdda310a3 1 0 64 64
.63f4fdda8550a 4 0 64 127
4 1 64 127
4 2 64 127
.63f4fddab142f 4 0 64 0
4 1 64 0
4 2 64 0
.63f4fddab58ad 4 0 88 74
2 0 52 61
.63f4fddac01bc 1 0 50 64
.63f4fddb08c18 1 0 60 64
.63f4fddb3b775 4 0 88 8
2 0 64 70
.63f4fddb47623 1 0 62 64
.63f4fddb6fb7b 4 0 64 127
4 1 64 127
4 2 64 127
.63f4fddbc1bcb 4 0 64 0
4 1 64 0
4 2 64 0
.63f4fddbd651d 4 0 88 96
2 0 53 49
.63f4fddbdf41e 1 0 52 64
.63f4fddc6415e 4 0 88 109
2 0 52 78
.63f4fddc6c840 1 0 53 64
.63f4fddcedb36 4 0 88 73
2 0 53 52
.63f4fddd005c0 1 0 52 64
.63f4fddd680c8 4 0 88 68
2 0 60 51
.63f4fddd72e42 1 0 64 64
.63f4fdddf0147 4 0 88 23
2 0 59 45
.63f4fdde02f96 1 0 60 64
.63f4fdde74a1f 4 0 88 84
2 0 50 63
.63f4fdde83d16 1 0 53 64
.63f4fddea12eb 4 0 64 127
4 1 64 127
4 2 64 127
.63f4fddefc014 4 0 64 0
4 1 64 0
4 2 64 0
.63f4fddf065d5 4 0 88 121
2 0 55 59
.63f4fddf17361 1 0 50 64
.63f4fddf85910 4 0 88 66
2 0 60 58
.63f4fddf94801 1 0 59 64
.63f4fde01fa84 4 0 88 46
2 0 62 52
.63f4fde02f9d6 1 0 60 64
.63f4fde0a7fd5 4 0 88 79
2 0 53 69
.63f4fde0be96a 1 0 55 64
.63f4fde121b7c 4 0 88 16
2 0 60 51
.63f4fde128d81 4 0 88 39
2 0 52 68
.63f4fde12f1c4 1 0 62 64
.63f4fde1384dd 1 0 53 64
.63f4fde1a20cc 4 0 88 64
2 0 50 70
.63f4fde1a8d9d 1 0 52 64
.63f4fde22c578 4 0 88 93
2 0 52 47
.63f4fde23b946 1 0 50 64
.63f4fde2aea25 4 0 88 66
2 0 55 58
.63f4fde2be261 1 0 60 64
.63f4fde2d1906 4 0 64 127
4 1 64 127
4 2 64 127
.63f4fde333ea1 4 0 88 69
2 0 58 44
.63f4fde3352a4 4 0 64 0
4 1 64 0
4 2 64 0
.63f4fde372baa 4 0 64 127
4 1 64 127
4 2 64 127
.63f4fde38462f 1 0 55 64
.63f4fde3c2536 4 0 88 103
2 0 57 87
.63f4fde3d079c 4 0 64 0
4 1 64 0
4 2 64 0
.63f4fde3df895 1 0 52 64
.63f4fde44a894 4 0 88 64
2 0 55 70
.63f4fde45c55c 1 0 57 64
.63f4fde4cbf47 4 0 88 113
2 0 53 67
.63f4fde4de73e 1 0 55 64
.63f4fde5540af 4 0 88 22
2 0 52 58
.63f4fde557a9e 1 0 53 64
.63f4fde5d8151 4 0 88 122
2 0 60 90
.63f4fde5deafe 1 0 58 64
.63f4fde660a3a 4 0 88 87
2 0 62 72
.63f4fde66e572 1 0 60 64
.63f4fde6d8ed2 4 0 88 122
2 0 58 32
.63f4fde6dae88 4 0 88 95
2 0 67 79
.63f4fde6e2c01 1 0 62 64
.63f4fde739a2c 4 0 64 127
4 1 64 127
4 2 64 127
.63f4fde756eda 4 0 88 38
2 0 65 79
.63f4fde75fbef 4 0 88 19
2 0 57 52
.63f4fde762a6b 4 0 64 0
4 1 64 0
4 2 64 0
.63f4fde769053 1 0 58 64
.63f4fde778133 1 0 67 64
.63f4fde786936 1 0 52 64
.63f4fde7df9ff 4 0 88 46
2 0 55 52
.63f4fde7dfef3 4 0 88 113
2 0 64 67
.63f4fde7e9b51 1 0 57 64
.63f4fde7f30f8 1 0 65 64
.63f4fde82fbb6 4 0 64 127
4 1 64 127
4 2 64 127
.63f4fde84d057 4 0 64 0
4 1 64 0
4 2 64 0
.63f4fde85ddac 4 0 88 111
2 0 62 58
.63f4fde85e8fb 4 0 88 25
2 0 53 47
.63f4fde863107 1 0 55 64
.63f4fde86df78 1 0 64 64
.63f4fde8dfc6e 4 0 88 68
2 0 57 81
.63f4fde950e83 1 0 62 64
.63f4fde95ef77 4 0 88 68
2 0 62 81
.63f4fde96941e 4 0 64 127
4 1 64 127
4 2 64 127
.63f4fde9d5aa3 4 0 64 0
4 1 64 0
4 2 64 0
.63f4fde9dac7f 4 0 88 107
2 0 67 96
.63f4fdea0a68d 4 0 64 127
4 1 64 127
4 2 64 127
.63f4fdea57d18 4 0 88 98
2 0 69 83
.63f4fdea58c46 4 0 88 55
2 0 65 74
.63f4fdea597d6 4 0 64 0
4 1 64 0
4 2 64 0
.63f4fdea64d44 1 0 67 64
.63f4fdeadaac9 4 0 88 82
2 0 71 80
.63f4fdeae2e5b 1 0 69 64
.63f4fdeae62c2 4 0 64 127
4 1 64 127
4 2 64 127
.63f4fdeb0de12 1 0 71 64
.63f4fdeb1e36e 1 0 53 64
.63f4fdeb554d7 4 0 88 112
2 0 72 82
.63f4fdeb57dbf 4 0 88 98
2 0 64 83
.63f4fdeb586a7 4 0 64 0
4 1 64 0
4 2 64 0
.63f4fdeb59169 1 0 57 64
.63f4fdeb5f910 4 0 88 28
2 0 55 53
.63f4fdeb6122d 1 0 65 64
.63f4fdeb7579e 1 0 62 64
.63f4fdebe36a4 4 0 88 7
2 0 65 90
.63f4fdebf6be7 1 0 64 64
.63f4fdec60939 4 0 88 1
2 0 57 86
.63f4fdec63203 4 0 88 51
2 0 67 78
.63f4fdec6bd44 1 0 55 64
.63f4fdec71a85 1 0 65 64
.63f4fdece8bf3 4 0 88 59
2 0 64 67
.63f4fded03775 1 0 67 64
.63f4fded6e7e6 4 0 88 111
2 0 65 74
.63f4fded6fb38 4 0 88 68
2 0 59 81
.63f4fded7924a 1 0 57 64
.63f4fded7f294 1 0 64 64
.63f4fdedf9af0 4 0 88 116
2 0 67 86
.63f4fdee0891e 1 0 65 64
.63f4fdee7189e 4 0 88 45
2 0 69 87
.63f4fdee78753 4 0 88 33
2 0 60 88
.63f4fdee796aa 1 0 59 64
.63f4fdee7dcd1 1 0 67 64
.63f4fdeef4695 4 0 88 116
2 0 67 86
.63f4fdeef5022 4 0 88 122
2 0 59 77
.63f4fdeefeea5 1 0 60 64
.63f4fdef05010 1 0 69 64
.63f4fdef6e000 4 0 88 70
2 0 69 85
.63f4fdef7630b 4 0 88 58
2 0 60 86
.63f4fdef7d810 1 0 59 64
.63f4fdef808aa 1 0 72 64
.63f4fdef86401 1 0 67 64
.63f4fdefee0db 1 0 69 64
.63f4fdeff0c98 4 0 88 55
2 0 74 74
.63f4fdf00f999 4 0 64 127
4 1 64 127
4 2 64 127
.63f4fdf06f621 4 0 88 39
2 0 72 92
.63f4fdf076e28 4 0 88 117
2 0 66 61
.63f4fdf0791b5 4 0 64 0
4 1 64 0
4 2 64 0
.63f4fdf089ded 1 0 74 64
.63f4fdf0f5432 4 0 88 53
2 0 71 91
.63f4fdf10500b 1 0 72 64
.63f4fdf128e12 4 0 64 127
4 1 64 127
4 2 64 127
.63f4fdf172203 4 0 64 0
4 1 64 0
4 2 64 0
.63f4fdf17329c 1 0 60 64
.63f4fdf17569f 4 0 88 97
2 0 69 65
.63f4fdf178005 4 0 88 74
2 0 62 59
4 0 88 90
2 0 72 88
.63f4fdf188df8 1 0 71 64
.63f4fdf18b4ab 1 0 66 64
.63f4fdf1f97db 1 0 69 64
.63f4fdf1fb377 4 0 88 76
2 0 66 68
.63f4fdf277cc0 4 0 88 55
2 0 67 82
.63f4fdf2869ce 1 0 66 64
.63f4fdf2ea291 4 0 88 65
2 0 69 77
.63f4fdf2f4db5 1 0 67 64
.63f4fdf32f7f3 4 0 64 127
4 1 64 127
4 2 64 127
.63f4fdf337790 1 0 62 64
.63f4fdf367639 4 0 88 116
2 0 62 54
.63f4fdf36b45c 4 0 88 39
2 0 59 75
.63f4fdf36cf8b 4 0 64 0
4 1 64 0
4 2 64 0
.63f4fdf3ecb1c 4 0 88 69
2 0 66 67
.63f4fdf3ef33e 4 0 88 73
2 0 57 52
.63f4fdf3faa92 1 0 69 64
.63f4fdf3fb865 1 0 59 64
.63f4fdf417003 4 0 64 127
4 1 64 127
4 2 64 127
.63f4fdf466128 4 0 64 0
4 1 64 0
4 2 64 0
.63f4fdf46a9dd 1 0 66 64
.63f4fdf47644e 4 0 88 106
2 0 55 62
.63f4fdf47aa46 1 0 57 64
.63f4fdf47c218 4 0 88 33
2 0 69 88
.63f4fdf48957a 1 0 72 64
.63f4fdf4fe75f 4 0 88 11
2 0 67 81
.63f4fdf5106a5 1 0 69 64
.63f4fdf53ee41 4 0 64 127
4 1 64 127
4 2 64 127
.63f4fdf57c6ad 4 0 64 0
4 1 64 0
4 2 64 0
.63f4fdf5869b3 4 0 88 64
2 0 71 70
.63f4fdf58ced7 4 0 88 59
2 0 54 56
.63f4fdf592006 1 0 55 64
.63f4fdf60577d 4 0 88 93
2 0 66 71
.63f4fdf60f0f4 1 0 67 64
.63f4fdf62c386 4 0 64 127
4 1 64 127
4 2 64 127
.63f4fdf689fcb 4 0 64 0
4 1 64 0
4 2 64 0
.63f4fdf68a5be 4 0 88 97
2 0 67 65
.63f4fdf68cca0 4 0 88 108
2 0 52 46
.63f4fdf68ea50 1 0 54 64
.63f4fdf68f9df 1 0 66 64
.63f4fdf6eab3f 1 0 62 64
.63f4fdf7124ca 4 0 88 55
2 0 64 74
.63f4fdf72b21b 4 0 64 127
4 1 64 127
4 2 64 127
.63f4fdf73f9a1 1 0 71 64
.63f4fdf749d07 1 0 67 64
.63f4fdf79b8a3 4 0 88 125
2 0 60 81
.63f4fdf79c3da 4 0 88 111
2 0 69 74
.63f4fdf79d5f0 4 0 64 0
4 1 64 0
4 2 64 0
.63f4fdf7a071c 1 0 64 64
.63f4fdf825ef7 4 0 88 11
2 0 59 81
.63f4fdf833846 1 0 60 64
.63f4fdf8445ef 4 0 64 127
4 1 64 127
4 2 64 127
.63f4fdf88ee7d 1 0 59 64
.63f4fdf89c4dc 4 0 64 0
4 1 64 0
4 2 64 0
.63f4fdf89d2fe 4 0 88 49
2 0 62 44
.63f4fdf89e4b5 1 0 52 64
.63f4fdf8a269d 4 0 88 93
2 0 50 47
.63f4fdf9202d8 4 0 88 8
2 0 57 70
.63f4fdf93adaa 1 0 62 64
.63f4fdf957d94 4 0 64 127
4 1 64 127
4 2 64 127
.63f4fdf9a72aa 4 0 88 23
2 0 59 76
.63f4fdf9b2b6f 4 0 64 0
4 1 64 0
4 2 64 0
1 0 57 64
.63f4fdf9ea588 4 0 64 127
4 1 64 127
4 2 64 127
.63f4fdfa27996 4 0 88 20
2 0 60 89
.63f4fdfa3445d 1 0 59 64
.63f4fdfa5d6cf 1 0 50 64
.63f4fdfaa12f3 4 0 88 23
2 0 55 76
.63f4fdfaa5120 4 0 88 55
2 0 48 74
.63f4fdfaa5cf5 4 0 64 0
4 1 64 0
4 2 64 0
.63f4fdfb29f64 4 0 88 45
2 0 57 87
.63f4fdfb4348b 1 0 55 64
.63f4fdfb46fc9 4 0 64 127
4 1 64 127
4 2 64 127
.63f4fdfb4989b 1 0 60 64
.63f4fdfba7a8a 1 0 57 64
.63f4fdfbaa905 4 0 64 0
4 1 64 0
4 2 64 0
.63f4fdfbaf467 4 0 88 78
2 0 62 76
.63f4fdfbb2f18 4 0 88 80
2 0 54 37
.63f4fdfc2ebfd 1 0 62 64
.63f4fdfc3331e 4 0 88 47
2 0 60 71
.63f4fdfc74ceb 4 0 64 127
4 1 64 127
4 2 64 127
.63f4fdfcae297 4 0 88 99
2 0 66 72
.63f4fdfcaec79 4 0 88 78
2 0 62 76
.63f4fdfcb4914 1 0 69 64
.63f4fdfcc3ea2 4 0 64 0
4 1 64 0
4 2 64 0
.63f4fdfd1f970 1 0 48 64
.63f4fdfd310f1 4 0 88 24
2 0 67 80
.63f4fdfd362a3 4 0 64 127
4 1 64 127
4 2 64 127
.63f4fdfd4259e 1 0 66 64
.63f4fdfd5f30b 1 0 54 64
.63f4fdfd6a6db 1 0 62 64
.63f4fdfd6eb99 1 0 60 64
.63f4fdfdae26b 4 0 88 39
2 0 69 92
.63f4fdfdb008d 4 0 88 51
2 0 47 78
.63f4fdfdbfe83 4 0 64 0
4 1 64 0
4 2 64 0
.63f4fdfdc72ff 1 0 67 64
.63f4fdfe2f398 4 0 88 6
2 0 66 82
.63f4fdfe472b0 1 0 69 64
.63f4fdfe583e1 4 0 64 127
4 1 64 127
4 2 64 127
.63f4fdfeab856 4 0 88 87
2 0 67 72
.63f4fdfeb020a 4 0 64 0
4 1 64 0
4 2 64 0
.63f4fdfeb5389 4 0 88 122
2 0 62 34
.63f4fdfeb9f19 1 0 66 64
.63f4fdfebd7fe 4 0 88 72
2 0 64 28
.63f4fdfed6e7a 1 0 64 64
.63f4fdff3751b 4 0 88 121
2 0 60 59
.63f4fdff489d7 1 0 62 64
.63f4fdff62e2f 4 0 64 127
4 1 64 127
4 2 64 127
.63f4fdffb2c23 4 0 88 39
2 0 59 68
.63f4fdffb5c34 1 0 60 64
.63f4fdffb7867 4 0 88 87
2 0 50 72
.63f4fdffbac67 4 0 64 0
4 1 64 0
4 2 64 0
.63f4fdffc2b5d 1 0 47 64
.63f4fe003e1a8 4 0 88 27
2 0 62 93
.63f4fe004dd82 1 0 67 64
.63f4fe005edb5 4 0 64 127
4 1 64 127
4 2 64 127
.63f4fe00b0e8f 4 0 64 0
4 1 64 0
4 2 64 0
.63f4fe00b8950 4 0 88 87
2 0 65 72
.63f4fe00c27d7 4 0 88 59
2 0 48 67
.63f4fe00c64b7 1 0 50 64
.63f4fe01450a1 4 0 88 13
2 0 55 85
.63f4fe01c9851 4 0 88 111
2 0 64 74
.63f4fe01cb52d 4 0 88 125
2 0 60 81
.63f4fe01cf334 1 0 59 64
.63f4fe01d232e 1 0 65 64
.63f4fe01d8388 1 0 62 64
.63f4fe024ee5c 4 0 88 116
2 0 59 86
.63f4fe0255e12 1 0 60 64
.63f4fe028e80e 4 0 64 127
4 1 64 127
4 2 64 127
.63f4fe02c4af1 1 0 55 64
.63f4fe02c6ee5 4 0 88 116
2 0 57 86
.63f4fe02c9bde 4 0 88 41
2 0 50 83
.63f4fe02cef52 4 0 64 0
4 1 64 0
4 2 64 0
.63f4fe02d441e 1 0 59 64
.63f4fe02d9c88 1 0 48 64
.63f4fe0352e58 4 0 88 97
2 0 55 92
.63f4fe038d662 4 0 64 127
4 1 64 127
4 2 64 127
.63f4fe03d2b05 4 0 88 125
2 0 54 84
.63f4fe03d9933 4 0 64 0
4 1 64 0
4 2 64 0
.63f4fe03e2a14 1 0 50 64
.63f4fe03e2b6d 1 0 55 64
.63f4fe045518f 4 0 88 11
2 0 55 81
.63f4fe045f31a 1 0 54 64
.63f4fe046f047 4 0 64 127
4 1 64 127
4 2 64 127
.63f4fe0470def 1 0 57 64
.63f4fe04cdab8 4 0 88 55
2 0 60 82
.63f4fe04ceae4 4 0 88 103
2 0 57 87
.63f4fe04d2a19 4 0 64 0
4 1 64 0
4 2 64 0
.63f4fe04e1113 1 0 55 64
.63f4fe054fef6 4 0 88 6
2 0 54 82
.63f4fe055c2e3 1 0 57 64
.63f4fe05884a1 4 0 64 127
4 1 64 127
4 2 64 127
.63f4fe0594cde 1 0 64 64
.63f4fe05cdd89 4 0 88 20
2 0 62 89
.63f4fe05d0fb1 4 0 88 82
2 0 50 80
.63f4fe05d4773 4 0 64 0
4 1 64 0
4 2 64 0
.63f4fe05d9e16 1 0 54 64
.63f4fe05df7e9 1 0 60 64
.63f4fe0651641 4 0 88 53
2 0 52 91
.63f4fe0662b00 1 0 50 64
.63f4fe067e692 4 0 64 127
4 1 64 127
4 2 64 127
.63f4fe06cd801 4 0 64 0
4 1 64 0
4 2 64 0
.63f4fe06d249b 4 0 88 122
2 0 48 90
.63f4fe06dab95 1 0 52 64
.63f4fe073cdcb 4 0 64 127
4 1 64 127
4 2 64 127
.63f4fe07499db 1 0 62 64
.63f4fe074d9a9 4 0 88 14
2 0 50 94
.63f4fe07599fa 1 0 48 64
.63f4fe07b20f4 4 0 64 0
4 1 64 0
4 2 64 0
.63f4fe07c6349 4 0 88 76
2 0 66 68
.63f4fe07c8bf6 4 0 88 85
2 0 62 84
.63f4fe07c9da6 4 0 88 39
2 0 47 75
.63f4fe07cf449 1 0 50 64
.63f4fe084552c 4 0 88 13
2 0 67 85
.63f4fe08477df 4 0 88 27
2 0 48 93
.63f4fe0851d47 1 0 47 64
.63f4fe0853e32 1 0 66 64
.63f4fe08850ad 4 0 64 127
4 1 64 127
4 2 64 127
.63f4fe08c2eec 4 0 88 45
2 0 45 87
.63f4fe08c3bad 4 0 88 45
2 0 69 87
.63f4fe08cbec3 1 0 48 64
.63f4fe08d0a2c 1 0 67 64
.63f4fe08d711a 4 0 64 0
4 1 64 0
4 2 64 0
.63f4fe093b317 4 0 88 72
2 0 66 85
.63f4fe0942307 4 0 88 27
2 0 47 93
.63f4fe094f3df 1 0 69 64
.63f4fe0953c6d 1 0 45 64
.63f4fe095dd8f 4 0 64 127
4 1 64 127
4 2 64 127
.63f4fe09c754b 4 0 64 0
4 1 64 0
4 2 64 0
.63f4fe09c9a1c 4 0 88 119
2 0 71 70
.63f4fe09cd411 4 0 88 78
2 0 43 76
.63f4fe09cdd15 4 0 88 73
2 0 41 52
.63f4fe09cfba2 1 0 47 64
.63f4fe09fa816 1 0 41 64
.63f4fe0a5a259 4 0 88 116
2 0 64 86
.63f4fe0a684fd 1 0 62 64
.63f4fe0a68d03 1 0 66 64
.63f4fe0ad91d2 4 0 88 90
2 0 62 88
.63f4fe0ad9f9f 4 0 88 38
2 0 55 79
.63f4fe0ae5718 1 0 64 64
.63f4fe0b37ba4 1 0 43 64
.63f4fe0b471e6 4 0 64 127
4 1 64 127
4 2 64 127
.63f4fe0b4bd98 4 0 88 20
2 0 60 89
.63f4fe0b50467 1 0 62 64
.63f4fe0bced54 4 0 88 1
2 0 59 86
.63f4fe0bd3cbc 4 0 64 0
4 1 64 0
4 2 64 0
.63f4fe0bd84ca 1 0 60 64
.63f4fe0be10d5 1 0 55 64
.63f4fe0bee251 4 0 64 127
4 1 64 127
4 2 64 127
.63f4fe0c50807 4 0 88 107
2 0 60 96
.63f4fe0c57005 1 0 71 64
.63f4fe0c5a1db 1 0 59 64
.63f4fe0cd4796 4 0 88 97
2 0 57 92
.63f4fe0cd5315 4 0 88 104
2 0 74 71
.63f4fe0cd59d9 4 0 64 0
4 1 64 0
4 2 64 0
.63f4fe0cd6af1 1 0 60 64
.63f4fe0d53b52 4 0 88 11
2 0 59 81
.63f4fe0d613f8 1 0 57 64
.63f4fe0d6df90 4 0 64 127
4 1 64 127
4 2 64 127
.63f4fe0dccf27 4 0 88 58
2 0 76 86
.63f4fe0dd258d 4 0 88 28
2 0 60 84
.63f4fe0dd9a09 1 0 74 64
.63f4fe0dda651 4 0 64 0
4 1 64 0
4 2 64 0
.63f4fe0ddcee6 1 0 59 64
.63f4fe0e44dba 4 0 88 122
2 0 77 90
.63f4fe0e4981a 4 0 88 65
2 0 62 90
.63f4fe0e539aa 1 0 76 64
.63f4fe0e57f71 1 0 60 64
.63f4fe0e789e8 4 0 64 127
4 1 64 127
4 2 64 127
.63f4fe0ec4ded 4 0 88 39
2 0 64 75
.63f4fe0ec5109 4 0 88 68
2 0 79 81
.63f4fe0ecd927 4 0 64 0
4 1 64 0
4 2 64 0
.63f4fe0ecfbc8 1 0 62 64
.63f4fe0ed56bd 1 0 77 64
.63f4fe0f4001b 4 0 88 70
2 0 76 85
.63f4fe0f4573a 4 0 88 63
2 0 60 64
.63f4fe0f4e989 1 0 79 64
.63f4fe0f5184b 1 0 64 64
.63f4fe0f68e0b 4 0 64 127
4 1 64 127
4 2 64 127
.63f4fe0fbde62 4 0 88 28
2 0 65 59
.63f4fe0fc07ce 4 0 88 111
2 0 81 74
.63f4fe0fc6a07 4 0 64 0
4 1 64 0
4 2 64 0
.63f4fe1042ea0 4 0 88 112
2 0 64 82
.63f4fe104d141 1 0 65 64
.63f4fe10bd1d9 4 0 88 8
2 0 65 70
.63f4fe10c7dd5 1 0 64 64
.63f4fe11409fe 4 0 64 127
4 1 64 127
4 2 64 127
.63f4fe11441b2 1 0 60 64
.63f4fe1144762 4 0 88 68
2 0 62 51
.63f4fe11c8b5b 1 0 62 64
.63f4fe11cefac 1 0 65 64
.63f4fe11d02eb 4 0 64 0
4 1 64 0
4 2 64 0
.63f4fe11d2f07 4 0 88 90
2 0 55 88
.63f4fe11de255 4 0 88 72
2 0 59 49
.63f4fe11e3696 4 0 88 38
2 0 60 43
.63f4fe11f4f34 1 0 60 64
.63f4fe1253c94 4 0 88 122
2 0 79 90
.63f4fe125d45a 1 0 76 64
.63f4fe12693b7 1 0 81 64
.63f4fe12d3e65 4 0 88 38
2 0 77 79
.63f4fe12d6b85 4 0 88 22
2 0 65 58
.63f4fe12e6294 1 0 79 64
.63f4fe1355ab1 4 0 88 45
2 0 76 87
.63f4fe136080c 1 0 77 64
.63f4fe136a668 4 0 64 127
4 1 64 127
4 2 64 127
.63f4fe1389eac 1 0 65 64
.63f4fe13c2c99 4 0 88 100
2 0 67 31
.63f4fe13c9218 4 0 88 84
2 0 74 63
.63f4fe13cb151 4 0 88 97
2 0 77 92
.63f4fe13d5aad 1 0 76 64
.63f4fe13e5787 4 0 64 0
4 1 64 0
4 2 64 0
.63f4fe144c7b8 4 0 88 90
2 0 81 88
.63f4fe1456ec3 1 0 77 64
.63f4fe146374e 4 0 64 127
4 1 64 127
4 2 64 127
.63f4fe14642b9 1 0 55 64
.63f4fe146baa2 1 0 59 64
.63f4fe14c378f 4 0 88 90
2 0 79 88
.63f4fe14c82df 4 0 88 67
2 0 71 50
.63f4fe14d77df 1 0 81 64
.63f4fe14db8bb 4 0 64 0
4 1 64 0
4 2 64 0
.63f4fe14e4656 1 0 67 64
.63f4fe153e4be 4 0 88 78
2 0 77 66
.63f4fe1544089 4 0 88 93
2 0 76 47
.63f4fe154f7d2 1 0 79 64
.63f4fe155307e 1 0 76 64
.63f4fe15c09ad 4 0 88 68
2 0 76 81
.63f4fe15cec7b 1 0 77 64
.63f4fe1639536 4 0 88 51
2 0 67 78
.63f4fe164596e 1 0 71 64
.63f4fe1646d81 4 0 64 127
4 1 64 127
4 2 64 127
.63f4fe169bd10 1 0 76 64
.63f4fe16b41b9 4 0 88 118
2 0 72 64
4 0 88 119
2 0 77 70
.63f4fe16c4dc0 4 0 64 0
4 1 64 0
4 2 64 0
.63f4fe172b7c5 4 0 88 106
2 0 71 62
.63f4fe172d1b6 4 0 88 98
2 0 76 83
.63f4fe1731937 1 0 72 64
.63f4fe1734451 1 0 77 64
.63f4fe17513a4 1 0 67 64
.63f4fe1763222 4 0 64 127
4 1 64 127
4 2 64 127
.63f4fe17ad98b 4 0 88 78
2 0 77 76
.63f4fe17b10c4 1 0 71 64
.63f4fe17b15d8 1 0 76 64
.63f4fe17b182c 4 0 88 65
2 0 72 57
.63f4fe17b8100 4 0 64 0
4 1 64 0
4 2 64 0
.63f4fe17c646a 1 0 74 64
.63f4fe182a6d5 4 0 88 87
2 0 81 72
4 0 88 122
2 0 71 77
.63f4fe18333e5 1 0 72 64
.63f4fe186ad10 4 0 64 127
4 1 64 127
4 2 64 127
.63f4fe18acb03 4 0 88 98
2 0 79 83
.63f4fe18ae273 4 0 64 0
4 1 64 0
4 2 64 0
.63f4fe18aead1 1 0 81 64
.63f4fe18b20ec 4 0 88 56
2 0 69 33
.63f4fe18bf05a 1 0 77 64
.63f4fe18c25ea 1 0 71 64
.63f4fe192aeb6 4 0 88 11
2 0 77 81
.63f4fe192b368 4 0 88 112
2 0 72 56
.63f4fe19334dc 1 0 79 64
.63f4fe19aa2fb 4 0 88 68
2 0 76 81
.63f4fe19bac32 1 0 77 64
.63f4fe1a1ee15 4 0 88 32
2 0 67 72
.63f4fe1a2104a 4 0 88 15
2 0 74 73
.63f4fe1a29323 1 0 76 64
.63f4fe1a2bbde 1 0 69 64
.63f4fe1a9e1f2 4 0 88 127
2 0 76 61
.63f4fe1a9e763 4 0 88 2
2 0 66 56
.63f4fe1aacf3e 1 0 67 64
.63f4fe1aadd71 1 0 74 64
.63f4fe1ac6d2c 1 0 72 64
.63f4fe1b20b5e 4 0 88 119
2 0 69 70
.63f4fe1b9db7d 4 0 88 1
2 0 74 86
.63f4fe1baa323 1 0 76 64
.63f4fe1c16ddd 4 0 88 103
2 0 72 87
.63f4fe1c1f5a9 4 0 88 72
2 0 65 73
.63f4fe1c24cd9 1 0 74 64
.63f4fe1c2b50e 1 0 66 64
.63f4fe1c9a049 4 0 88 95
2 0 71 79
.63f4fe1ca667e 1 0 72 64
.63f4fe1cbe578 4 0 64 127
4 1 64 127
4 2 64 127
.63f4fe1cd6031 1 0 69 64
.63f4fe1d0fffd 4 0 88 123
2 0 68 48
.63f4fe1d1344c 4 0 64 0
4 1 64 0
4 2 64 0
.63f4fe1d14c30 4 0 88 20
2 0 64 61
.63f4fe1d206df 1 0 65 64
.63f4fe1d8fce7 4 0 88 32
2 0 67 63
.63f4fe1d90aba 1 0 68 64
.63f4fe1da8543 1 0 71 64
.63f4fe1dae977 4 0 64 127
4 1 64 127
4 2 64 127
.63f4fe1e03c49 4 0 88 66
2 0 71 58
.63f4fe1e05b82 4 0 88 97
2 0 65 65
.63f4fe1e096f4 1 0 67 64
4 0 64 0
4 1 64 0
4 2 64 0
.63f4fe1e0ffc1 4 0 88 113
2 0 62 67
.63f4fe1e190f3 1 0 64 64
.63f4fe1e7fe6d 4 0 88 8
2 0 64 70
.63f4fe1e854c9 1 0 65 64
.63f4fe1efa69b 4 0 88 121
2 0 69 59
.63f4fe1effb18 4 0 88 8
2 0 61 47
.63f4fe1f05677 1 0 71 64
.63f4fe1f0a257 1 0 62 64
.63f4fe1f84d71 4 0 88 98
2 0 67 83
.63f4fe1f8fa90 1 0 69 64
.63f4fe1fbe076 4 0 64 127
4 1 64 127
4 2 64 127
.63f4fe1ffe81d 4 0 88 32
2 0 60 72
.63f4fe20056b5 1 0 61 64
.63f4fe2007367 4 0 64 0
4 1 64 0
4 2 64 0
.63f4fe2030491 4 0 64 127
4 1 64 127
4 2 64 127
.63f4fe2074503 1 0 64 64
.63f4fe2076928 4 0 88 1
2 0 65 86
.63f4fe207ed01 4 0 88 52
2 0 61 64
.63f4fe207f5d2 4 0 64 0
4 1 64 0
4 2 64 0
.63f4fe20837a9 1 0 60 64
.63f4fe20f8b29 4 0 88 60
2 0 64 95
.63f4fe2102702 1 0 65 64
.63f4fe210752c 1 0 61 64
.63f4fe21237bd 4 0 64 127
4 1 64 127
4 2 64 127
.63f4fe217b8b2 4 0 88 41
2 0 62 83
.63f4fe217e3f1 4 0 64 0
4 1 64 0
4 2 64 0
.63f4fe218719e 1 0 64 64
.63f4fe21fa323 4 0 88 122
2 0 60 90
.63f4fe2210072 1 0 62 64
.63f4fe22719cf 4 0 88 91
2 0 65 55
.63f4fe22787b3 4 0 88 64
2 0 62 70
.63f4fe227c43b 4 0 88 21
2 0 59 55
.63f4fe227f4b6 1 0 67 64
.63f4fe2282a93 1 0 60 64
.63f4fe22f5bcc 4 0 88 20
2 0 57 89
.63f4fe2304f2f 1 0 59 64
.63f4fe2312a5c 4 0 64 127
4 1 64 127
4 2 64 127
.63f4fe236a895 4 0 64 0
4 1 64 0
4 2 64 0
.63f4fe2372b83 4 0 88 3
2 0 56 67
.63f4fe2377e80 4 0 88 64
2 0 59 70
.63f4fe237ed39 1 0 57 64
1 0 62 64
.63f4fe23d0ef9 1 0 65 64
.63f4fe23f81d4 4 0 88 110
2 0 65 91
.63f4fe247305c 4 0 88 64
2 0 64 70
.63f4fe2484fc8 1 0 65 64
.63f4fe24e45b8 1 0 59 64
.63f4fe24f1874 4 0 88 7
2 0 59 90
.63f4fe2507b40 4 0 64 127
4 1 64 127
4 2 64 127
.63f4fe2512e78 1 0 56 64
.63f4fe2565730 4 0 64 0
4 1 64 0
4 2 64 0
.63f4fe256a75a 4 0 88 85
2 0 60 84
.63f4fe256b68e 4 0 88 79
2 0 57 69
.63f4fe257ce31 1 0 59 64
.63f4fe25f1759 4 0 88 96
2 0 59 68
.63f4fe25f5f71 4 0 88 112
2 0 55 82
.63f4fe25fc46d 1 0 60 64
.63f4fe26019b9 1 0 57 64
.63f4fe2629c4d 4 0 64 127
4 1 64 127
4 2 64 127
.63f4fe266a55d 4 0 88 116
2 0 57 86
.63f4fe266c2ff 4 0 88 28
2 0 54 46
.63f4fe2675eba 4 0 64 0
4 1 64 0
4 2 64 0
.63f4fe267b6f4 1 0 59 64
.63f4fe267f608 1 0 55 64
.63f4fe26ef3e6 4 0 88 85
2 0 56 92
.63f4fe26f1184 4 0 88 82
2 0 52 80
.63f4fe26f6ac3 1 0 54 64
.63f4fe26f8b54 1 0 57 64
.63f4fe271fdd4 4 0 64 127
4 1 64 127
4 2 64 127
.63f4fe2768389 4 0 88 72
2 0 57 73
.63f4fe276c681 4 0 88 87
2 0 54 75
.63f4fe276d46a 1 0 56 64
.63f4fe2771e7e 4 0 64 0
4 1 64 0
4 2 64 0
.63f4fe2780b2e 1 0 52 64
.63f4fe27a1edc 1 0 64 64
.63f4fe27f0a4d 4 0 88 11
2 0 64 81
.63f4fe27f2ca3 4 0 64 127
4 1 64 127
4 2 64 127
.63f4fe281398e 1 0 57 64
.63f4fe285c501 4 0 64 0
4 1 64 0
4 2 64 0
.63f4fe2864e4f 4 0 88 110
2 0 62 91
.63f4fe2866d6e 4 0 88 58
2 0 56 48
.63f4fe28675b0 4 0 88 13
2 0 59 85
.63f4fe287bc7c 1 0 64 64
.63f4fe287d357 1 0 54 64
.63f4fe28e8fcd 4 0 88 83
2 0 60 98
.63f4fe28f11a2 1 0 62 64
.63f4fe295eeb0 4 0 88 116
2 0 62 86
.63f4fe2965735 4 0 88 104
2 0 52 71
.63f4fe296cc0e 1 0 60 64
.63f4fe296febc 1 0 56 64
.63f4fe29dfe7e 4 0 88 24
2 0 65 80
.63f4fe29e612e 1 0 62 64
.63f4fe2a0b0cf 4 0 64 127
4 1 64 127
4 2 64 127
.63f4fe2a5f96c 4 0 88 20
2 0 64 89
.63f4fe2a62e86 4 0 64 0
4 1 64 0
4 2 64 0
.63f4fe2a76d4e 1 0 65 64
.63f4fe2a83233 4 0 64 127
4 1 64 127
4 2 64 127
.63f4fe2ad5343 4 0 64 0
4 1 64 0
4 2 64 0
.63f4fe2adb0a5 4 0 88 24
2 0 40 66
.63f4fe2ae4399 4 0 88 48
2 0 62 96
.63f4fe2af12b3 1 0 59 64
.63f4fe2afcd69 1 0 52 64
.63f4fe2afe319 4 0 64 127
4 1 64 127
4 2 64 127
.63f4fe2b51bdf 1 0 62 64
.63f4fe2b5e865 4 0 88 28
2 0 62 84
.63f4fe2b60895 4 0 88 51
2 0 45 78
.63f4fe2b638cd 1 0 64 64
.63f4fe2b64bf4 4 0 64 0
4 1 64 0
4 2 64 0
.63f4fe2b6fd0e 1 0 40 64
.63f4fe2beb3d9 4 0 88 107
2 0 59 57
.63f4fe2c6760a 4 0 88 1
2 0 60 86
.63f4fe2c7b0b3 1 0 62 64
.63f4fe2c82660 1 0 59 64
.63f4fe2ce0330 4 0 88 109
2 0 52 78
.63f4fe2d014c0 1 0 45 64
.63f4fe2d0d994 4 0 64 127
4 1 64 127
4 2 64 127
.63f4fe2d629a1 4 0 64 0
4 1 64 0
4 2 64 0
.63f4fe2d6d903 4 0 88 53
2 0 57 91
.63f4fe2d7c9d6 1 0 52 64
.63f4fe2d8b91d 4 0 64 127
4 1 64 127
4 2 64 127
.63f4fe2dcefc2 4 0 64 0
4 1 64 0
4 2 64 0
.63f4fe2de3829 4 0 64 127
4 1 64 127
4 2 64 127
.63f4fe2ded3c8 4 0 88 45
2 0 55 87
.63f4fe2def174 1 0 60 64
.63f4fe2df68fb 1 0 57 64
.63f4fe2e67615 4 0 88 46
2 0 62 52
.63f4fe2e6850f 4 0 88 72
2 0 53 94
.63f4fe2e6d359 4 0 64 0
4 1 64 0
4 2 64 0
.63f4fe2e7490f 1 0 55 64
.63f4fe2ee6706 4 0 88 84
2 0 52 93
.63f4fe2ef3ff5 4 0 64 127
4 1 64 127
4 2 64 127
.63f4fe2ef5b7a 1 0 53 64
.63f4fe2efe31c 1 0 62 64
.63f4fe2f6380a 4 0 88 87
2 0 53 72
4 0 88 85
2 0 62 84
4 0 88 68
2 0 69 81
.63f4fe2f6bd4b 1 0 52 64
.63f4fe2f71fef 4 0 64 0
4 1 64 0
4 2 64 0
.63f4fe2fe1725 4 0 88 23
2 0 72 76
.63f4fe2fe6f6d 4 0 88 58
2 0 50 86
.63f4fe2ffda29 1 0 53 64
.63f4fe301ee18 4 0 64 127
4 1 64 127
4 2 64 127
.63f4fe3063f55 4 0 88 24
2 0 71 80
.63f4fe306511e 1 0 72 64
.63f4fe3066a6a 4 0 88 125
2 0 68 65
4 0 88 24
2 0 52 80
.63f4fe306b06b 4 0 64 0
4 1 64 0
4 2 64 0
.63f4fe306caa4 1 0 69 64
.63f4fe3072950 1 0 50 64
.63f4fe30d39ae 4 0 88 33
2 0 69 88
.63f4fe30db15c 4 0 88 7
2 0 53 90
.63f4fe30dec14 1 0 71 64
.63f4fe30e3634 1 0 52 64
.63f4fe3117ed4 4 0 64 127
4 1 64 127
4 2 64 127
.63f4fe314e178 4 0 88 41
2 0 71 83
4 0 88 47
2 0 52 71
.63f4fe315286a 1 0 53 64
.63f4fe315565e 4 0 64 0
4 1 64 0
4 2 64 0
.63f4fe3158bfb 1 0 69 64
.63f4fe31c866c 4 0 88 119
2 0 50 70
.63f4fe31c89e1 4 0 88 2
2 0 74 95
.63f4fe31c8c1a 1 0 71 64
.63f4fe31d1c82 1 0 52 64
.63f4fe31fc7ae 4 0 64 127
4 1 64 127
4 2 64 127
.63f4fe3204cc1 1 0 62 64
.63f4fe322082d 1 0 68 64
.63f4fe32401f3 4 0 88 113
2 0 64 67
.63f4fe3242b2b 4 0 88 95
2 0 72 75
4 0 88 84
2 0 48 93
.63f4fe3248a02 4 0 64 0
4 1 64 0
4 2 64 0
.63f4fe324a3c1 1 0 74 64
.63f4fe324abad 1 0 50 64
.63f4fe32bb3a8 4 0 88 65
2 0 71 90
.63f4fe32c2402 4 0 88 72
2 0 47 94
.63f4fe32caa68 1 0 72 64
.63f4fe32ce974 1 0 48 64
.63f4fe32fb68e 4 0 64 127
4 1 64 127
4 2 64 127
.63f4fe33342cb 1 0 64 64
.63f4fe333c1f6 4 0 88 112
2 0 76 82
.63f4fe333ef30 4 0 88 117
2 0 48 100
.63f4fe3341b0e 4 0 64 0
4 1 64 0
4 2 64 0
.63f4fe334b452 1 0 47 64
.63f4fe3355e63 1 0 71 64
.63f4fe33c34c2 4 0 88 35
2 0 74 102
.63f4fe33db4c5 1 0 76 64
.63f4fe33f46ab 4 0 64 127
4 1 64 127
4 2 64 127
.63f4fe344063d 4 0 88 125
2 0 72 81
.63f4fe344345f 4 0 88 34
2 0 44 96
.63f4fe3448bd4 1 0 48 64
.63f4fe34496c6 4 0 64 0
4 1 64 0
4 2 64 0
.63f4fe3454383 1 0 74 64
.63f4fe34c54e5 4 0 88 2
2 0 71 95
.63f4fe34d6bd5 1 0 72 64
.63f4fe35399b9 4 0 88 28
2 0 45 84
.63f4fe353e3b4 4 0 88 116
2 0 69 86
.63f4fe3540451 4 0 88 107
2 0 72 96
.63f4fe3549e3a 1 0 44 64
.63f4fe354ca6b 1 0 71 64
.63f4fe35badaa 4 0 88 78
2 0 74 89
.63f4fe35bcfe7 4 0 88 27
2 0 43 93
.63f4fe35c5d8d 1 0 72 64
.63f4fe35ccfc8 1 0 45 64
.63f4fe35f8229 4 0 64 127
4 1 64 127
4 2 64 127
.63f4fe3635a06 4 0 64 0
4 1 64 0
4 2 64 0
.63f4fe363748f 4 0 88 71
2 0 76 99
.63f4fe3638875 4 0 88 85
2 0 41 84
.63f4fe363c223 1 0 43 64
.63f4fe364316c 1 0 74 64
.63f4fe369aac1 1 0 69 64
.63f4fe36b5872 4 0 88 37
2 0 69 97
.63f4fe36e85f7 4 0 64 127
4 1 64 127
4 2 64 127
.63f4fe3716a97 1 0 69 64
.63f4fe373b921 4 0 88 47
2 0 65 71
.63f4fe3740370 4 0 64 0
4 1 64 0
4 2 64 0
.63f4fe37b4ed4 4 0 88 95
2 0 69 75
.63f4fe37c6fdd 4 0 64 127
4 1 64 127
4 2 64 127
.63f4fe37e856f 1 0 76 64
.63f4fe37f7986 1 0 65 64
.63f4fe383084a 4 0 64 0
4 1 64 0
4 2 64 0
.63f4fe38377d7 4 0 88 103
2 0 74 48
.63f4fe38388c7 4 0 88 48
2 0 71 96
.63f4fe3889b01 1 0 69 64
.63f4fe38b987d 4 0 88 122
2 0 69 90
.63f4fe38d192b 1 0 71 64
.63f4fe38e9428 4 0 64 127
4 1 64 127
4 2 64 127
.63f4fe392f6c0 4 0 64 0
4 1 64 0
4 2 64 0
.63f4fe39320db 4 0 88 10
2 0 68 92
.63f4fe393504e 4 0 88 122
2 0 53 77
.63f4fe393d205 1 0 69 64
.63f4fe39ae78b 4 0 88 53
2 0 69 91
.63f4fe39c07ed 1 0 68 64
.63f4fe39c7c56 4 0 64 127
4 1 64 127
4 2 64 127
.63f4fe39f6de0 1 0 53 64
.63f4fe3a25906 4 0 64 0
4 1 64 0
4 2 64 0
.63f4fe3a2caf7 4 0 88 11
2 0 71 81
.63f4fe3a32375 4 0 88 127
2 0 52 73
.63f4fe3a36b0c 1 0 69 64
.63f4fe3ab4c69 4 0 88 60
2 0 66 81
.63f4fe3acf1d8 1 0 41 64
.63f4fe3acf74a 4 0 64 127
4 1 64 127
4 2 64 127
.63f4fe3b3a710 4 0 88 24
2 0 40 69
.63f4fe3b3dd9e 1 0 71 64
.63f4fe3b44b7b 4 0 64 0
4 1 64 0
4 2 64 0
.63f4fe3bb18e9 4 0 88 20
2 0 68 86
.63f4fe3bc2273 1 0 66 64
.63f4fe3be8c5f 4 0 64 127
4 1 64 127
4 2 64 127
.63f4fe3bf5986 1 0 74 64
.63f4fe3c2dd5a 4 0 88 10
2 0 62 48
.63f4fe3c337bb 4 0 88 32
2 0 71 72
.63f4fe3c3dbea 4 0 64 0
4 1 64 0
4 2 64 0
.63f4fe3ca77a4 1 0 62 64
.63f4fe3ca8280 4 0 88 55
2 0 65 74
.63f4fe3cb8d3b 4 0 64 127
4 1 64 127
4 2 64 127
.63f4fe3d046ce 1 0 71 64
.63f4fe3d0dc2d 4 0 64 0
4 1 64 0
4 2 64 0
.63f4fe3d29d1e 4 0 88 58
2 0 69 86
.63f4fe3d2b0e3 4 0 88 87
2 0 64 72
.63f4fe3d2f2d5 1 0 65 64
.63f4fe3d35fd6 1 0 68 64
.63f4fe3db001c 4 0 88 8
2 0 62 77
.63f4fe3dc8291 1 0 64 64
.63f4fe3e2c39a 4 0 88 87
2 0 60 72
.63f4fe3e32fa5 1 0 62 64
.63f4fe3ea70f5 4 0 88 95
2 0 59 75
.63f4fe3eb5e51 1 0 60 64
.63f4fe3ec2518 4 0 64 127
4 1 64 127
4 2 64 127
.63f4fe3ed9b52 1 0 40 64
.63f4fe3f1ab20 4 0 88 118
2 0 40 95
.63f4fe3f1b1cf 1 0 59 64
.63f4fe3f1bcc1 4 0 88 107
2 0 60 96
.63f4fe3f200fb 4 0 64 0
4 1 64 0
4 2 64 0
.63f4fe3f25839 1 0 52 64
.63f4fe3fa35c1 4 0 88 32
2 0 64 72
.63f4fe3fd9ae0 1 0 69 64
.63f4fe401b92d 4 0 88 97
2 0 69 92
.63f4fe408de4b 4 0 88 125
2 0 68 84
.63f4fe4099a8a 1 0 69 64
.63f4fe40b47b1 4 0 64 127
4 1 64 127
4 2 64 127
.63f4fe40ebcc1 1 0 40 64
.63f4fe410c63e 4 0 88 33
2 0 71 88
.63f4fe410eb3a 4 0 88 32
2 0 40 72
.63f4fe410f3f5 4 0 64 0
4 1 64 0
4 2 64 0
.63f4fe411c310 1 0 64 64
.63f4fe413e5e9 1 0 68 64
.63f4fe4192333 4 0 88 41
2 0 65 83
.63f4fe41a8ae7 1 0 71 64
.63f4fe41c4f04 4 0 64 127
4 1 64 127
4 2 64 127
.63f4fe41ddc1f 1 0 60 64
.63f4fe421cd86 4 0 64 0
4 1 64 0
4 2 64 0
.63f4fe421d086 4 0 88 39
2 0 59 75
.63f4fe421da3e 4 0 88 19
2 0 63 79
.63f4fe422a872 1 0 65 64
.63f4fe42b0d74 4 0 88 96
2 0 66 86
.63f4fe42bd9c5 1 0 63 64
.63f4fe42ece11 4 0 64 127
4 1 64 127
4 2 64 127
.63f4fe4326606 1 0 66 64
.63f4fe432de12 4 0 88 103
2 0 65 87
.63f4fe43361da 4 0 64 0
4 1 64 0
4 2 64 0
.63f4fe43b1647 4 0 88 41
2 0 64 83
.63f4fe43bc989 1 0 65 64
.63f4fe440c030 4 0 64 127
4 1 64 127
4 2 64 127
.63f4fe440fc31 1 0 40 64
.63f4fe44276df 1 0 59 64
.63f4fe442cc6e 4 0 88 65
2 0 62 77
.63f4fe442cf62 4 0 88 98
2 0 65 83
.63f4fe44312b3 4 0 88 24
2 0 40 57
.63f4fe443b789 1 0 64 64
.63f4fe444c787 4 0 64 0
4 1 64 0
4 2 64 0
.63f4fe44b34eb 4 0 88 103
2 0 60 87
.63f4fe44bdeaa 1 0 62 64
.63f4fe4529a0e 4 0 88 51
2 0 62 78
.63f4fe4538c81 1 0 60 64
.63f4fe45afe8e 4 0 88 116
2 0 59 86
.63f4fe45b1e12 4 0 64 127
4 1 64 127
4 2 64 127
.63f4fe45c3d61 1 0 62 64
.63f4fe45fa399 1 0 40 64
.63f4fe461ffa9 4 0 88 97
2 0 64 65
.63f4fe4624a81 4 0 88 122
2 0 60 77
.63f4fe4626621 4 0 88 68
2 0 40 51
.63f4fe462ea4f 1 0 65 64
.63f4fe462f4c5 1 0 59 64
.63f4fe462fe42 4 0 64 0
4 1 64 0
4 2 64 0
.63f4fe46a5d09 4 0 88 122
2 0 62 90
.63f4fe46a6278 4 0 88 55
2 0 59 74
.63f4fe46b217e 1 0 64 64
.63f4fe46b2311 1 0 60 64
.63f4fe46bc87e 4 0 64 127
4 1 64 127
4 2 64 127
.63f4fe46da6b0 1 0 62 64
.63f4fe47231f3 4 0 64 0
4 1 64 0
4 2 64 0
.63f4fe4723765 4 0 88 39
2 0 64 68
.63f4fe4725bd9 1 0 59 64
.63f4fe4727433 4 0 88 20
2 0 60 89
.63f4fe47b3c80 4 0 88 125
2 0 62 81
.63f4fe47b5add 4 0 88 97
2 0 59 65
.63f4fe47bb5c4 1 0 60 64
.63f4fe47cf377 1 0 64 64
.63f4fe4833ce0 4 0 88 55
2 0 60 82
.63f4fe4835159 4 0 88 1
2 0 57 86
.63f4fe4835c41 1 0 62 64
.63f4fe483776f 1 0 59 64
.63f4fe48b04d1 4 0 88 33
2 0 62 88
.63f4fe48b265b 4 0 88 109
2 0 59 78
.63f4fe48ba07c 1 0 60 64
.63f4fe48bdf0e 1 0 57 64
.63f4fe48d4c1d 4 0 64 127
4 1 64 127
4 2 64 127
.63f4fe491e728 4 0 88 78
2 0 64 76
.63f4fe491f20d 4 0 88 6
2 0 42 82
.63f4fe4921036 1 0 59 64
.63f4fe4921d29 4 0 88 60
2 0 60 95
.63f4fe4927292 1 0 62 64
.63f4fe4932878 4 0 64 0
4 1 64 0
4 2 64 0
.63f4fe4935918 1 0 40 64
.63f4fe4961674 4 0 64 127
4 1 64 127
4 2 64 127
.63f4fe4970620 1 0 64 64
.63f4fe49acf54 4 0 88 45
2 0 65 87
.63f4fe49adbe4 4 0 88 116
2 0 62 86
.63f4fe49b36b0 4 0 64 0
4 1 64 0
4 2 64 0
.63f4fe49bbc09 1 0 60 64
.63f4fe49c7f0e 4 0 64 127
4 1 64 127
4 2 64 127
.63f4fe49dee63 1 0 65 64
.63f4fe4a2e806 4 0 64 0
4 1 64 0
4 2 64 0
.63f4fe4a31c9e 4 0 88 70
2 0 64 85
.63f4fe4a33d9a 4 0 88 55
2 0 60 74
.63f4fe4a37fe7 1 0 62 64
.63f4fe4ab28fa 4 0 88 53
2 0 62 91
.63f4fe4ab4d1d 4 0 88 33
2 0 59 88
.63f4fe4abfcbb 1 0 64 64
.63f4fe4abffff 1 0 60 64
.63f4fe4ad8782 4 0 64 127
4 1 64 127
4 2 64 127
.63f4fe4b21d43 4 0 88 55
2 0 44 45
4 0 64 0
4 1 64 0
4 2 64 0
.63f4fe4b2251f 1 0 42 64
.63f4fe4b3477a 4 0 88 27
2 0 60 93
.63f4fe4b3fdaa 1 0 62 64
.63f4fe4bbf2df 1 0 59 64
.63f4fe4bc664d 4 0 88 10
2 0 56 98
.63f4fe4bcb887 1 0 60 64
.63f4fe4bf1b7e 4 0 64 127
4 1 64 127
4 2 64 127
.63f4fe4c3bb86 4 0 88 118
2 0 57 95
.63f4fe4c46dd9 1 0 56 64
.63f4fe4c4f796 4 0 64 0
4 1 64 0
4 2 64 0
.63f4fe4c95c62 4 0 64 127
4 1 64 127
4 2 64 127
.63f4fe4cbb717 4 0 88 65
2 0 59 90
.63f4fe4cc6cee 1 0 57 64
.63f4fe4d460e7 4 0 88 31
2 0 52 109
.63f4fe4d514d1 4 0 64 0
4 1 64 0
4 2 64 0
.63f4fe4dc20e3 4 0 88 65
2 0 65 90
.63f4fe4dcf738 1 0 59 64
.63f4fe4deca10 4 0 64 127
4 1 64 127
4 2 64 127
.63f4fe4e1111c 1 0 44 64
.63f4fe4e14ca7 1 0 52 64
.63f4fe4e52665 4 0 88 98
2 0 64 83
.63f4fe4e55c72 4 0 88 114
2 0 56 90
.63f4fe4e57533 4 0 88 19
2 0 44 79
.63f4fe4e5bf1f 4 0 64 0
4 1 64 0
4 2 64 0
.63f4fe4e69e10 1 0 65 64
.63f4fe4eef535 4 0 88 35
2 0 62 102
.63f4fe4f06f03 1 0 64 64
.63f4fe4f08c62 4 0 64 127
4 1 64 127
4 2 64 127
.63f4fe4f3affa 1 0 44 64
.63f4fe4f78477 4 0 64 0
4 1 64 0
4 2 64 0
4 0 88 72
2 0 60 94
.63f4fe4f79f30 4 0 88 51
2 0 45 78
.63f4fe4f8a0c2 1 0 62 64
.63f4fe4f9fb12 1 0 56 64
.63f4fe500246f 4 0 88 83
2 0 59 98
.63f4fe5009057 1 0 60 64
.63f4fe5078956 1 0 59 64
.63f4fe5078c53 4 0 88 41
2 0 69 83
.63f4fe507beb9 4 0 88 111
2 0 60 74
.63f4fe51010f9 4 0 88 27
2 0 62 93
.63f4fe5106b1e 4 0 88 119
2 0 47 106
.63f4fe510bb6d 1 0 60 64
.63f4fe5115a38 1 0 45 64
.63f4fe518561e 4 0 88 82
2 0 64 80
.63f4fe518b09b 4 0 88 71
2 0 48 99
.63f4fe51907b8 1 0 62 64
.63f4fe5198647 1 0 47 64
.63f4fe51c22ef 4 0 64 127
4 1 64 127
4 2 64 127
.63f4fe51cd76e 1 0 64 64
.63f4fe52026e8 4 0 88 39
2 0 65 68
.63f4fe52037df 4 0 88 78
2 0 50 89
.63f4fe52081b2 1 0 48 64
.63f4fe5208708 4 0 64 0
4 1 64 0
4 2 64 0
.63f4fe528248c 4 0 88 95
2 0 64 75
.63f4fe528514e 4 0 88 24
2 0 48 69
.63f4fe5293e44 1 0 65 64
.63f4fe529653c 1 0 50 64
.63f4fe52fd495 4 0 88 24
2 0 47 66
4 0 88 70
2 0 62 85
.63f4fe530bf11 1 0 64 64
.63f4fe530f707 1 0 48 64
.63f4fe53306b2 4 0 64 127
4 1 64 127
4 2 64 127
.63f4fe536f71d 4 0 88 67
2 0 45 50
.63f4fe5373c67 4 0 88 55
2 0 60 74
.63f4fe53791a7 1 0 47 64
.63f4fe537c7d1 1 0 62 64
.63f4fe53826fe 4 0 64 0
4 1 64 0
4 2 64 0
.63f4fe53f2808 4 0 88 51
2 0 59 78
.63f4fe53f7aa4 4 0 88 90
2 0 43 88
.63f4fe53ff59e 1 0 45 64
.63f4fe54002ed 1 0 60 64
.63f4fe546c779 4 0 88 24
2 0 45 80
.63f4fe547169a 4 0 88 41
2 0 60 83
.63f4fe5477cd1 1 0 59 64
.63f4fe5479b6a 1 0 43 64
.63f4fe54e8801 4 0 88 39
2 0 64 75
.63f4fe54ebb6e 4 0 88 116
2 0 48 86
.63f4fe54f2d53 1 0 45 64
.63f4fe54f7fd2 1 0 60 64
.63f4fe5519bda 4 0 64 127
4 1 64 127
4 2 64 127
.63f4fe55685bc 4 0 88 60
2 0 57 95
.63f4fe556a48f 4 0 88 62
2 0 42 91
.63f4fe556eade 4 0 64 0
4 1 64 0
4 2 64 0
.63f4fe5570f47 1 0 48 64
.63f4fe55724c1 1 0 64 64
.63f4fe55a67ce 4 0 64 127
4 1 64 127
4 2 64 127
.63f4fe55e91b0 4 0 88 87
2 0 64 72
.63f4fe55e9b6a 4 0 64 0
4 1 64 0
4 2 64 0
.63f4fe55eca5c 4 0 88 2
2 0 48 95
.63f4fe55fa657 1 0 42 64
.63f4fe560b3f7 1 0 57 64
.63f4fe560fd01 4 0 64 127
4 1 64 127
4 2 64 127
.63f4fe565c08e 4 0 64 0
4 1 64 0
4 2 64 0
.63f4fe56642b6 4 0 88 47
2 0 47 71
.63f4fe566594f 4 0 88 90
2 0 62 88
.63f4fe56720e5 1 0 48 64
.63f4fe567b2e9 1 0 64 64
.63f4fe56ddec7 4 0 88 13
2 0 45 99
.63f4fe56df14b 4 0 88 72
2 0 60 94
.63f4fe56e3eb8 1 0 47 64
.63f4fe56e65b8 1 0 62 64
.63f4fe56ee8cd 4 0 64 127
4 1 64 127
4 2 64 127
.63f4fe56eec75 1 0 69 64
.63f4fe574962a 1 0 60 64
4 0 88 84
2 0 67 93
.63f4fe574bd98 4 0 88 45
2 0 59 87
.63f4fe574e3c1 1 0 45 64
.63f4fe574f70b 4 0 88 45
2 0 43 87
.63f4fe57521a3 4 0 64 0
4 1 64 0
4 2 64 0
.63f4fe57d0cfd 4 0 88 45
2 0 57 87
.63f4fe57d84e8 1 0 59 64
.63f4fe584cd99 4 0 88 112
2 0 59 82
.63f4fe58581f1 1 0 57 64
.63f4fe58bf4fc 4 0 88 11
2 0 55 81
.63f4fe58bfdea 1 0 43 64
.63f4fe58c0999 4 0 88 110
2 0 60 91
.63f4fe58e96db 4 0 64 127
4 1 64 127
4 2 64 127
.63f4fe58ec16a 1 0 59 64
.63f4fe592e91f 1 0 60 64
.63f4fe5935946 4 0 64 0
4 1 64 0
4 2 64 0
.63f4fe593d6a5 4 0 88 68
2 0 64 51
.63f4fe593dc0a 4 0 88 110
2 0 57 91
.63f4fe593e01d 4 0 88 55
2 0 62 74
.63f4fe594c859 1 0 55 64
.63f4fe5968d0d 1 0 62 64
.63f4fe5990741 4 0 64 127
4 1 64 127
4 2 64 127
.63f4fe59be36a 4 0 88 50
2 0 60 107
.63f4fe59cb005 1 0 57 64
.63f4fe59e1be0 1 0 64 64
.63f4fe5a38f1f 4 0 88 96
2 0 62 102
.63f4fe5a3c216 1 0 60 64
.63f4fe5a3f78e 4 0 88 72
2 0 59 73
.63f4fe5a4eea0 4 0 64 0
4 1 64 0
4 2 64 0
.63f4fe5ab3fc1 4 0 88 78
2 0 57 89
.63f4fe5ab5735 4 0 88 105
2 0 60 101
.63f4fe5ab97e5 1 0 59 64
.63f4fe5abc80e 1 0 62 64
.63f4fe5ae164a 4 0 64 127
4 1 64 127
4 2 64 127
.63f4fe5b27b6a 4 0 64 0
4 1 64 0
4 2 64 0
.63f4fe5b307ab 4 0 88 28
2 0 59 84
.63f4fe5b3375a 4 0 88 20
2 0 55 89
.63f4fe5b3be3c 1 0 57 64
.63f4fe5b5859f 1 0 60 64
.63f4fe5bab7ff 4 0 88 97
2 0 57 92
.63f4fe5bae6c7 4 0 88 114
2 0 54 90
.63f4fe5bb3558 1 0 59 64
.63f4fe5bb6c2e 1 0 55 64
.63f4fe5c1d422 4 0 88 8
2 0 59 77
.63f4fe5c1dc97 4 0 88 33
2 0 55 88
.63f4fe5c248f2 1 0 57 64
.63f4fe5c2d778 1 0 54 64
.63f4fe5c92c6b 4 0 88 94
2 0 62 97
.63f4fe5c94e63 4 0 88 2
2 0 57 95
.63f4fe5c97b08 1 0 59 64
.63f4fe5c98438 1 0 55 64
.63f4fe5cb3433 4 0 64 127
4 1 64 127
4 2 64 127
.63f4fe5cf9315 1 0 57 64
.63f4fe5d10ffd 4 0 64 0
4 1 64 0
4 2 64 0
.63f4fe5d11c32 4 0 88 59
2 0 55 106
.63f4fe5d12316 4 0 88 87
2 0 52 72
.63f4fe5d27c1e 1 0 62 64
.63f4fe5d89fce 4 0 88 83
2 0 62 98
.63f4fe5d9f8f4 1 0 67 64
.63f4fe5db51a7 4 0 64 127
4 1 64 127
4 2 64 127
.63f4fe5e06efa 4 0 88 118
2 0 60 95
.63f4fe5e18b62 4 0 64 0
4 1 64 0
4 2 64 0
.63f4fe5e1934d 1 0 62 64
.63f4fe5e7ba8d 1 0 55 64
.63f4fe5e84148 4 0 88 7
2 0 59 90
.63f4fe5e8a030 4 0 88 58
2 0 53 86
.63f4fe5e9561f 1 0 52 64
.63f4fe5e9691c 1 0 60 64
.63f4fe5eb9e07 4 0 64 127
4 1 64 127
4 2 64 127
.63f4fe5f10895 4 0 88 125
2 0 57 81
.63f4fe5f14e0c 4 0 88 110
2 0 60 91
.63f4fe5f192b0 1 0 59 64
.63f4fe5f1a892 4 0 64 0
4 1 64 0
4 2 64 0
.63f4fe5f1c715 4 0 88 85
2 0 54 92
.63f4fe5f27783 1 0 53 64
.63f4fe5f932b0 4 0 88 65
2 0 55 90
.63f4fe5fa4547 1 0 57 64
.63f4fe600d513 4 0 88 97
2 0 57 92
.63f4fe60174ea 1 0 55 64
.63f4fe605115e 1 0 60 64
.63f4fe6089928 4 0 88 0
2 0 59 100
.63f4fe609823c 1 0 57 64
.63f4fe60abfa3 4 0 64 127
4 1 64 127
4 2 64 127
.63f4fe60ca917 1 0 59 64
.63f4fe611dad7 4 0 88 39
2 0 52 92
.63f4fe6121251 4 0 64 0
4 1 64 0
4 2 64 0
.63f4fe6128d17 1 0 54 64
.63f4fe6195360 4 0 88 39
2 0 55 92
.63f4fe61a286d 1 0 52 64
.63f4fe61aadf3 4 0 64 127
4 1 64 127
4 2 64 127
.63f4fe620f3e8 4 0 88 99
2 0 54 72
.63f4fe620f6d0 4 0 88 37
2 0 59 97
.63f4fe621464f 1 0 55 64
.63f4fe6237877 4 0 64 0
4 1 64 0
4 2 64 0
.63f4fe6288219 4 0 88 27
2 0 52 93
.63f4fe629fe0c 1 0 54 64
.63f4fe6301d58 4 0 88 2
2 0 62 95
.63f4fe63038ed 1 0 59 64
.63f4fe6304306 4 0 88 64
2 0 50 70
.63f4fe6309af6 1 0 52 64
.63f4fe6388a3a 4 0 88 125
2 0 54 84
.63f4fe638b5fa 4 0 64 127
4 1 64 127
4 2 64 127
.63f4fe639193d 1 0 62 64
.63f4fe639bd8c 1 0 50 64
.63f4fe63fa02b 4 0 88 84
2 0 52 93
.63f4fe63fecd3 1 0 54 64
.63f4fe646d0c3 4 0 64 0
4 1 64 0
4 2 64 0
.63f4fe64726c3 4 0 88 25
2 0 66 83
.63f4fe6477cbb 4 0 88 20
2 0 50 89
.63f4fe64840e9 1 0 52 64
.63f4fe64f28ca 4 0 88 82
2 0 67 80
.63f4fe64f3c4d 4 0 88 95
2 0 64 79
.63f4fe64f40a1 1 0 66 64
.63f4fe64f6342 4 0 88 95
2 0 48 79
.63f4fe64f7832 1 0 50 64
.63f4fe6570898 4 0 88 20
2 0 69 89
.63f4fe6573cc4 4 0 88 44
2 0 52 65
.63f4fe6579c9f 1 0 67 64
.63f4fe657f2b9 1 0 48 64
.63f4fe65dec45 4 0 88 8
2 0 71 77
.63f4fe65e7005 4 0 88 70
2 0 50 85
.63f4fe65f1c8a 1 0 69 64
.63f4fe65f5987 4 0 64 127
4 1 64 127
4 2 64 127
.63f4fe65f6bf8 1 0 52 64
.63f4fe6613b01 1 0 71 64
.63f4fe6653f2f 4 0 88 15
2 0 72 73
.63f4fe6655d4b 4 0 88 0
2 0 48 100
.63f4fe6665ea3 1 0 50 64
.63f4fe6684f9d 1 0 72 64
.63f4fe66d0cbc 4 0 88 98
2 0 47 83
.63f4fe66d25c0 4 0 88 7
2 0 74 90
.63f4fe66d44b2 4 0 64 0
4 1 64 0
4 2 64 0
.63f4fe66dc06e 1 0 48 64
.63f4fe674d64e 4 0 88 83
2 0 72 98
.63f4fe675e12c 1 0 74 64
.63f4fe6760eaf 4 0 64 127
4 1 64 127
4 2 64 127
.63f4fe67bed73 4 0 88 41
2 0 74 83
.63f4fe67c1e00 1 0 64 64
.63f4fe67c6c70 4 0 88 28
2 0 65 84
.63f4fe67ca70d 4 0 64 0
4 1 64 0
4 2 64 0
.63f4fe67cb774 1 0 72 64
.63f4fe684684d 4 0 88 32
2 0 67 72
.63f4fe68472db 4 0 88 51
2 0 69 78
.63f4fe684a39b 1 0 65 64
.63f4fe68678b1 1 0 69 64
.63f4fe686b8c3 4 0 64 127
4 1 64 127
4 2 64 127
.63f4fe68c8d1d 4 0 88 97
2 0 69 92
.63f4fe68c94ea 4 0 64 0
4 1 64 0
4 2 64 0
.63f4fe68cac63 4 0 88 84
2 0 48 93
.63f4fe68df0ac 1 0 47 64
.63f4fe68e17f9 4 0 88 122
2 0 74 28
.63f4fe68eb2f8 1 0 69 64
.63f4fe69457a1 4 0 88 24
2 0 65 98
.63f4fe69568ed 1 0 67 64
.63f4fe699964e 4 0 64 127
4 1 64 127
4 2 64 127
.63f4fe69c26ea 4 0 88 116
2 0 64 86
.63f4fe69cd686 1 0 65 64
.63f4fe69d6e98 4 0 64 0
4 1 64 0
4 2 64 0
.63f4fe69ebbdd 1 0 74 64
1 0 74 64
.63f4fe69f71e3 4 0 64 127
4 1 64 127
4 2 64 127
.63f4fe6a37059 4 0 88 84
2 0 62 93
.63f4fe6a47348 1 0 64 64
.63f4fe6ab06db 4 0 88 28
2 0 64 84
.63f4fe6ab233a 4 0 88 70
2 0 45 85
.63f4fe6ab2a9e 1 0 48 64
4 0 64 0
4 1 64 0
4 2 64 0
.63f4fe6aba62e 1 0 62 64
.63f4fe6b3316e 4 0 88 72
2 0 67 94
.63f4fe6baf65c 4 0 88 87
2 0 72 103
.63f4fe6c227e5 4 0 88 1
2 0 71 86
.63f4fe6c29d98 1 0 72 64
.63f4fe6c356e1 4 0 64 127
4 1 64 127
4 2 64 127
.63f4fe6c38fef 1 0 67 64
.63f4fe6c55bd3 1 0 71 64
.63f4fe6c952e9 1 0 64 64
.63f4fe6c95ce0 4 0 88 70
2 0 72 85
4 0 88 114
2 0 66 80
.63f4fe6c98399 4 0 88 32
2 0 50 72
.63f4fe6c99020 4 0 64 0
4 1 64 0
4 2 64 0
.63f4fe6cb1f59 1 0 45 64
.63f4fe6d17db1 4 0 88 71
2 0 69 99
.63f4fe6d260b9 1 0 66 64
.63f4fe6d54923 4 0 64 127
4 1 64 127
4 2 64 127
.63f4fe6d98e3c 4 0 88 27
2 0 67 93
.63f4fe6d99dd0 4 0 88 27
2 0 59 93
.63f4fe6daf684 4 0 64 0
4 1 64 0
4 2 64 0
.63f4fe6db0ef0 1 0 69 64
.63f4fe6e2d754 4 0 88 34
2 0 66 96
.63f4fe6e2f912 4 0 88 112
2 0 57 82
.63f4fe6e3a09f 1 0 67 64
.63f4fe6e5953e 1 0 50 64
1 0 72 64
.63f4fe6e6510b 4 0 64 127
4 1 64 127
4 2 64 127
.63f4fe6eb4262 4 0 64 0
4 1 64 0
4 2 64 0
.63f4fe6eb6b09 4 0 88 53
2 0 71 91
.63f4fe6eb8ee6 4 0 88 111
2 0 62 74
.63f4fe6eba70c 4 0 88 50
2 0 55 54
.63f4fe6ebad34 1 0 59 64
.63f4fe6ebae68 1 0 57 64
.63f4fe6ec444f 1 0 66 64
.63f4fe6f305a5 4 0 88 66
2 0 66 74
.63f4fe6f33340 4 0 88 52
2 0 54 64
.63f4fe6f3a4e4 1 0 55 64
.63f4fe6f3dcec 1 0 62 64
.63f4fe6f729be 4 0 64 127
4 1 64 127
4 2 64 127
.63f4fe6faa98e 4 0 88 0
2 0 55 53
.63f4fe6fad5fd 4 0 88 109
2 0 64 78
.63f4fe6fb30ba 4 0 64 0
4 1 64 0
4 2 64 0
.63f4fe6fb9cb1 1 0 54 64
.63f4fe6fba466 1 0 66 64
.63f4fe7021e40 4 0 88 53
2 0 62 91
.63f4fe70248f7 4 0 88 64
2 0 54 66
.63f4fe702ae16 1 0 64 64
.63f4fe7033102 1 0 55 64
.63f4fe704e5b6 4 0 64 127
4 1 64 127
4 2 64 127
.63f4fe707095e 1 0 62 64
.63f4fe70a8fce 4 0 88 59
2 0 60 67
.63f4fe70ac1b7 4 0 64 0
4 1 64 0
4 2 64 0
.63f4fe70ad0b9 4 0 88 113
2 0 52 67
.63f4fe70b2b77 1 0 54 64
.63f4fe7109ee3 1 0 71 64
.63f4fe713046a 4 0 88 96
2 0 71 102
.63f4fe716d7cf 4 0 64 127
4 1 64 127
4 2 64 127
.63f4fe71ad26b 4 0 88 20
2 0 69 89
.63f4fe71ae137 4 0 88 8
2 0 64 70
.63f4fe71b3cf2 4 0 64 0
4 1 64 0
4 2 64 0
.63f4fe71bf7e1 1 0 71 64
.63f4fe7227113 4 0 88 53
2 0 67 91
.63f4fe7234652 1 0 69 64
.63f4fe72520eb 4 0 64 127
4 1 64 127
4 2 64 127
.63f4fe7264711 1 0 67 64
.63f4fe729573d 4 0 64 0
4 1 64 0
4 2 64 0
.63f4fe729d003 4 0 88 122
2 0 69 90
.63f4fe72a0803 4 0 88 120
2 0 54 73
.63f4fe72a604f 1 0 52 64
.63f4fe72a9632 1 0 64 64
.63f4fe730db0c 1 0 54 64
.63f4fe731b059 4 0 88 45
2 0 64 87
.63f4fe731f34a 4 0 88 12
2 0 54 75
.63f4fe73349e7 1 0 60 64
.63f4fe733f657 4 0 64 127
4 1 64 127
4 2 64 127
.63f4fe7397527 4 0 88 13
2 0 62 99
4 0 64 0
4 1 64 0
4 2 64 0
.63f4fe73995a3 4 0 88 8
2 0 52 77
.63f4fe73a1c68 1 0 64 64
.63f4fe73a4b7e 1 0 54 64
.63f4fe741bfe0 4 0 88 117
2 0 60 100
.63f4fe7426359 1 0 62 64
.63f4fe7429c3f 4 0 64 127
4 1 64 127
4 2 64 127
.63f4fe746df31 1 0 60 64
.63f4fe74a0e39 4 0 88 91
2 0 59 55
.63f4fe74a4cfc 4 0 64 0
4 1 64 0
4 2 64 0
.63f4fe74b5665 4 0 88 112
2 0 51 96
.63f4fe74c0b78 1 0 52 64
.63f4fe74f217f 1 0 69 64
.63f4fe752b117 4 0 88 118
2 0 69 95
.63f4fe7545f95 4 0 64 127
4 1 64 127
4 2 64 127
.63f4fe75a9074 1 0 69 64
.63f4fe75abdec 4 0 88 85
2 0 67 84
.63f4fe75ac7b5 4 0 64 0
4 1 64 0
4 2 64 0
.63f4fe75b0448 4 0 88 107
2 0 63 62
.63f4fe7626e8a 4 0 88 96
2 0 66 86
.63f4fe76279da 4 0 88 7
2 0 57 90
.63f4fe7635f75 1 0 67 64
.63f4fe764f1e1 1 0 51 64
.63f4fe765674f 4 0 64 127
4 1 64 127
4 2 64 127
.63f4fe7698389 1 0 66 64
.63f4fe76ab745 4 0 64 0
4 1 64 0
4 2 64 0
.63f4fe76abba1 4 0 88 112
2 0 52 82
.63f4fe76ac474 4 0 88 11
2 0 67 81
.63f4fe76adda6 1 0 57 64
.63f4fe76c4bd6 1 0 63 64
.63f4fe76dd40c 4 0 64 127
4 1 64 127
4 2 64 127
.63f4fe76f01ee 1 0 67 64
.63f4fe7733823 4 0 88 125
2 0 69 81
.63f4fe773810a 4 0 64 0
4 1 64 0
4 2 64 0
.63f4fe7739946 4 0 88 33
2 0 57 88
.63f4fe773df15 4 0 64 127
4 1 64 127
4 2 64 127
.63f4fe7743d2e 4 0 64 0
4 1 64 0
4 2 64 0
.63f4fe775b40d 4 0 64 127
4 1 64 127
4 2 64 127
.63f4fe77ad49b 4 0 64 0
4 1 64 0
4 2 64 0
.63f4fe77b0e10 4 0 88 112
2 0 55 82
.63f4fe77b2959 4 0 88 84
2 0 67 93
.63f4fe77ba6fc 1 0 57 64
.63f4fe77ca70c 1 0 69 64
.63f4fe77d93ca 4 0 64 127
4 1 64 127
4 2 64 127
.63f4fe7822802 4 0 64 0
4 1 64 0
4 2 64 0
.63f4fe7831986 4 0 88 6
2 0 54 82
4 0 88 10
2 0 66 92
.63f4fe783a1bc 1 0 55 64
.63f4fe7844829 1 0 67 64
.63f4fe7845991 4 0 64 127
4 1 64 127
4 2 64 127
.63f4fe7848298 1 0 52 64
.63f4fe78a9443 4 0 64 0
4 1 64 0
4 2 64 0
.63f4fe78aa0c8 4 0 88 103
2 0 71 87
.63f4fe78aa2fe 4 0 88 78
2 0 55 89
.63f4fe78b3280 1 0 54 64
.63f4fe78bc591 1 0 66 64
.63f4fe79274e6 4 0 88 8
2 0 69 77
4 0 88 40
2 0 54 80
.63f4fe7935160 1 0 55 64
.63f4fe793be5a 1 0 71 64
.63f4fe7995f05 4 0 88 55
2 0 67 82
.63f4fe799d553 4 0 88 112
2 0 52 82
.63f4fe79a136d 1 0 69 64
.63f4fe79a49c3 1 0 54 64
.63f4fe7a13503 4 0 88 85
2 0 66 95
.63f4fe7a1713e 4 0 88 20
2 0 50 89
.63f4fe7a228d4 1 0 52 64
.63f4fe7a22cb0 1 0 67 64
.63f4fe7a437db 4 0 64 127
4 1 64 127
4 2 64 127
.63f4fe7a8cbc2 4 0 64 0
4 1 64 0
4 2 64 0
.63f4fe7a8fef9 4 0 88 1
2 0 48 86
.63f4fe7a9493f 4 0 88 58
2 0 64 43
.63f4fe7a95980 1 0 50 64
.63f4fe7a9b84d 1 0 66 64
.63f4fe7af3f83 1 0 59 64
.63f4fe7b1bca4 4 0 88 107
2 0 57 96
.63f4fe7b4b2cf 4 0 64 127
4 1 64 127
4 2 64 127
.63f4fe7b6b875 1 0 64 64
.63f4fe7b9e14d 4 0 88 111
2 0 64 74
.63f4fe7b9f1a2 4 0 88 45
2 0 60 87
.63f4fe7ba5fd0 4 0 64 0
4 1 64 0
4 2 64 0
.63f4fe7bf9396 1 0 57 64
.63f4fe7c1e4fa 4 0 88 47
2 0 59 101
.63f4fe7c2ef85 1 0 60 64
.63f4fe7c9647b 4 0 88 87
2 0 57 72
.63f4fe7c96792 4 0 88 60
2 0 60 95
.63f4fe7c9c8c4 1 0 59 64
.63f4fe7cd21b5 1 0 64 64
.63f4fe7cd9a02 4 0 64 127
4 1 64 127
4 2 64 127
.63f4fe7d13446 4 0 88 59
2 0 64 100
.63f4fe7d52aef 1 0 48 64
.63f4fe7d8d685 4 0 88 94
2 0 48 97
.63f4fe7d8ee70 4 0 88 118
2 0 62 95
.63f4fe7d95297 4 0 64 0
4 1 64 0
4 2 64 0
.63f4fe7da5fc1 1 0 64 64
.63f4fe7de5c44 1 0 60 64
.63f4fe7e0c0ff 4 0 88 107
2 0 60 96
.63f4fe7e27ae2 4 0 64 127
4 1 64 127
4 2 64 127
.63f4fe7e39e0d 1 0 57 64
.63f4fe7e790cf 1 0 62 64
.63f4fe7e7c98d 4 0 64 0
4 1 64 0
4 2 64 0
.63f4fe7e86492 4 0 88 15
2 0 59 73
.63f4fe7e87b20 4 0 88 39
2 0 50 75
.63f4fe7e88ce2 1 0 48 64
.63f4fe7f031fa 4 0 88 53
2 0 55 91
.63f4fe7f0c869 1 0 59 64
.63f4fe7f1995c 1 0 60 64
.63f4fe7f2c726 4 0 64 127
4 1 64 127
4 2 64 127
.63f4fe7f6fd52 4 0 64 0
4 1 64 0
4 2 64 0
.63f4fe7f7b7e4 4 0 88 39
2 0 57 92
.63f4fe7f9eba7 4 0 64 127
4 1 64 127
4 2 64 127
.63f4fe7fed98a 4 0 88 103
2 0 59 87
.63f4fe7fef44a 4 0 88 90
2 0 48 88
.63f4fe7ff334d 1 0 50 64
.63f4fe7ff6f73 4 0 64 0
4 1 64 0
4 2 64 0
.63f4fe7ffc785 4 0 64 127
4 1 64 127
4 2 64 127
.63f4fe7ffd55e 1 0 57 64
.63f4fe8065f67 4 0 64 0
4 1 64 0
4 2 64 0
.63f4fe80696ce 4 0 88 33
2 0 60 88
.63f4fe806e27e 4 0 88 82
2 0 47 80
.63f4fe807849a 1 0 48 64
.63f4fe807af0f 1 0 59 64
.63f4fe80cd4c1 1 0 55 64
.63f4fe80f147f 4 0 88 70
2 0 53 85
.63f4fe81217a3 4 0 64 127
4 1 64 127
4 2 64 127
.63f4fe816b826 4 0 88 90
2 0 55 88
.63f4fe81737e9 4 0 64 0
4 1 64 0
4 2 64 0
.63f4fe817870d 1 0 53 64
.63f4fe81e5d1d 4 0 88 93
2 0 56 79
.63f4fe81ed6ef 1 0 55 64
.63f4fe81f8ef2 4 0 88 13
2 0 48 111
.63f4fe8201ce8 1 0 47 64
.63f4fe827b7b5 4 0 88 70
2 0 55 85
.63f4fe827c588 4 0 88 59
2 0 47 100
.63f4fe8289703 1 0 56 64
.63f4fe828cb6c 1 0 48 64
.63f4fe82f7208 4 0 88 20
2 0 53 89
.63f4fe82fdc07 4 0 88 90
2 0 45 88
.63f4fe8303cf4 1 0 55 64
.63f4fe830aba4 1 0 47 64
.63f4fe836e057 4 0 88 6
2 0 44 82
.63f4fe83747e3 1 0 45 64
.63f4fe8378595 4 0 88 53
2 0 52 91
.63f4fe8389f38 1 0 53 64
.63f4fe83e68c3 4 0 88 122
2 0 53 90
.63f4fe83e8277 4 0 88 27
2 0 45 103
.63f4fe83f3d11 1 0 44 64
.63f4fe83f81d2 1 0 52 64
.63f4fe844a2d7 4 0 64 127
4 1 64 127
4 2 64 127
.63f4fe846770f 4 0 64 0
4 1 64 0
4 2 64 0
.63f4fe846a5fc 4 0 88 116
2 0 55 86
.63f4fe846b6ca 4 0 88 27
2 0 47 103
.63f4fe8472757 1 0 53 64
.63f4fe8479c50 1 0 45 64
.63f4fe84e5034 1 0 55 64
.63f4fe84e942f 4 0 88 117
2 0 50 100
.63f4fe850381d 1 0 60 64
.63f4fe850e7a9 4 0 64 127
4 1 64 127
4 2 64 127
.63f4fe8565948 1 0 50 64
.63f4fe856788a 4 0 88 51
2 0 59 78
.63f4fe856946a 4 0 64 0
4 1 64 0
4 2 64 0
.63f4fe856a3a3 4 0 88 13
2 0 53 99
.63f4fe85f3e24 4 0 88 37
2 0 55 97
.63f4fe8604fa7 1 0 53 64
.63f4fe8633798 4 0 64 127
4 1 64 127
4 2 64 127
.63f4fe8673bdc 4 0 88 45
2 0 52 87
.63f4fe8676fdf 4 0 88 107
2 0 48 96
.63f4fe8679c3f 4 0 64 0
4 1 64 0
4 2 64 0
.63f4fe867cbed 1 0 55 64
.63f4fe8681259 1 0 47 64
.63f4fe86f9a2a 4 0 88 107
2 0 57 96
.63f4fe870f080 1 0 59 64
.63f4fe871de21 4 0 64 127
4 1 64 127
4 2 64 127
.63f4fe876b8b5 4 0 88 110
2 0 55 91
.63f4fe8772642 4 0 88 94
2 0 47 97
.63f4fe8772cb7 4 0 64 0
4 1 64 0
4 2 64 0
.63f4fe8778211 1 0 48 64
.63f4fe877cefc 1 0 57 64
.63f4fe87e9f56 4 0 88 88
2 0 54 98
.63f4fe87ed434 1 0 52 64
.63f4fe87f9a53 4 0 64 127
4 1 64 127
4 2 64 127
.63f4fe87f9e3f 1 0 55 64
.63f4fe8861af7 4 0 88 39
2 0 55 92
.63f4fe88623e9 4 0 88 47
2 0 45 101
.63f4fe88630e9 4 0 64 0
4 1 64 0
4 2 64 0
.63f4fe886a8f0 1 0 54 64
.63f4fe886e4c9 1 0 47 64
.63f4fe88e2072 4 0 88 60
2 0 59 95
.63f4fe890733a 4 0 64 127
4 1 64 127
4 2 64 127
.63f4fe89592b6 4 0 88 13
2 0 43 99
.63f4fe8959b52 4 0 88 13
2 0 62 99
.63f4fe895f117 4 0 64 0
4 1 64 0
4 2 64 0
.63f4fe89639f4 1 0 59 64
.63f4fe8967132 1 0 45 64
.63f4fe89d98e8 4 0 88 35
2 0 60 102
.63f4fe89e46b5 1 0 62 64
.63f4fe8a003e4 4 0 64 127
4 1 64 127
4 2 64 127
.63f4fe8a4fa7d 1 0 55 64
.63f4fe8a50e34 4 0 88 85
2 0 64 84
.63f4fe8a52406 4 0 64 0
4 1 64 0
4 2 64 0
.63f4fe8a5366a 4 0 88 96
2 0 42 104
.63f4fe8a68f5b 1 0 43 64
.63f4fe8add976 4 0 88 11
2 0 57 81
.63f4fe8aee5fd 1 0 60 64
.63f4fe8b530a5 4 0 88 41
2 0 55 83
.63f4fe8b63197 1 0 57 64
.63f4fe8bcb831 4 0 88 13
2 0 57 99
.63f4fe8bd9f1b 1 0 55 64
.63f4fe8be3ad4 4 0 64 127
4 1 64 127
4 2 64 127
.63f4fe8c3d9f6 1 0 57 64
.63f4fe8c407f8 4 0 88 91
2 0 54 89
.63f4fe8c42978 4 0 88 45
2 0 50 87
.63f4fe8c4755b 4 0 64 0
4 1 64 0
4 2 64 0
.63f4fe8c7ef1f 1 0 64 64
.63f4fe8cbe8b9 4 0 88 60
2 0 64 95
.63f4fe8cd3f3a 4 0 64 127
4 1 64 127
4 2 64 127
.63f4fe8cec0b9 1 0 42 64
.63f4fe8d2eca9 4 0 64 0
4 1 64 0
4 2 64 0
.63f4fe8d38bd4 4 0 88 109
2 0 57 78
.63f4fe8d3b34d 4 0 88 2
2 0 62 95
.63f4fe8d3bacb 4 0 88 34
2 0 42 96
.63f4fe8d4f085 1 0 64 64
.63f4fe8d63083 1 0 50 64
.63f4fe8db89ef 4 0 88 18
2 0 60 104
.63f4fe8dc7740 1 0 62 64
.63f4fe8dda279 1 0 42 64
.63f4fe8dde893 4 0 64 127
4 1 64 127
4 2 64 127
.63f4fe8e02a4e 1 0 54 64
.63f4fe8e34c93 4 0 88 103
2 0 59 87
.63f4fe8e36727 4 0 88 58
2 0 41 86
.63f4fe8e39601 4 0 64 0
4 1 64 0
4 2 64 0
.63f4fe8e434ea 1 0 60 64
.63f4fe8eb4a85 4 0 88 0
2 0 60 100
.63f4fe8ec0e15 1 0 59 64
.63f4fe8ec3130 4 0 64 127
4 1 64 127
4 2 64 127
.63f4fe8f29abf 4 0 64 0
4 1 64 0
4 2 64 0
.63f4fe8f36cc0 1 0 57 64
.63f4fe8f375b0 4 0 88 60
2 0 62 95
.63f4fe8f3b7e3 4 0 88 65
2 0 59 77
.63f4fe8f46b51 1 0 60 64
.63f4fe8fabd12 1 0 59 64
.63f4fe8fbade3 4 0 88 58
2 0 59 86
.63f4fe8fc20a2 4 0 64 127
4 1 64 127
4 2 64 127
.63f4fe8fc5233 4 0 88 95
2 0 55 79
.63f4fe8fd68b7 1 0 55 64
.63f4fe903b462 4 0 88 119
2 0 55 106
.63f4fe90b8d76 4 0 88 77
2 0 53 104
.63f4fe90ba203 4 0 88 94
2 0 43 40
.63f4fe90d2f7b 1 0 43 64
.63f4fe90d56dc 4 0 64 0
4 1 64 0
4 2 64 0
.63f4fe90db491 4 0 64 127
4 1 64 127
4 2 64 127
.63f4fe911934b 1 0 53 64
.63f4fe912d5af 4 0 64 0
4 1 64 0
4 2 64 0
.63f4fe9131835 4 0 88 59
2 0 52 106
.63f4fe9170c01 4 0 64 127
4 1 64 127
4 2 64 127
.63f4fe91afeae 4 0 88 59
2 0 50 100
.63f4fe91b40fc 1 0 52 64
.63f4fe91ce0ac 1 0 41 64
.63f4fe9229569 4 0 64 0
4 1 64 0
4 2 64 0
.63f4fe9229870 4 0 88 68
2 0 48 105
.63f4fe9229b6f 4 0 88 45
2 0 43 87
.63f4fe92367c5 1 0 50 64
.63f4fe92ad229 1 0 62 64
.63f4fe92b154b 4 0 88 37
2 0 60 97
.63f4fe92c22ec 1 0 59 64
.63f4fe9334f4b 4 0 88 13
2 0 59 85
.63f4fe9335eb2 4 0 88 107
2 0 64 96
.63f4fe933bfd8 1 0 60 64
.63f4fe939654d 1 0 64 64
.63f4fe93a92ad 4 0 64 127
4 1 64 127
4 2 64 127
.63f4fe93baf3d 4 0 88 27
2 0 65 103
.63f4fe93d7dea 1 0 55 64
.63f4fe93dbc2d 1 0 59 64
.63f4fe93f0b7a 1 0 65 64
.63f4fe942a3b3 4 0 88 39
2 0 67 92
4 0 64 0
4 1 64 0
4 2 64 0
.63f4fe942c439 4 0 88 78
2 0 60 89
.63f4fe94aaa3e 4 0 88 45
2 0 64 87
.63f4fe94bdb16 1 0 67 64
.63f4fe94cb3dc 4 0 64 127
4 1 64 127
4 2 64 127
.63f4fe94dbac0 1 0 60 64
.63f4fe9506dbc 1 0 64 64
.63f4fe9527e07 4 0 88 47
2 0 71 101
.63f4fe9528777 4 0 88 22
2 0 67 58
.63f4fe952be42 4 0 64 0
4 1 64 0
4 2 64 0
.63f4fe95a11ca 4 0 88 118
2 0 69 95
.63f4fe95a3bbc 4 0 88 107
2 0 65 96
.63f4fe95af6c6 1 0 67 64
.63f4fe95b65d6 1 0 71 64
.63f4fe95d5e45 4 0 64 127
4 1 64 127
4 2 64 127
.63f4fe95e801d 1 0 43 64
.63f4fe96213b8 4 0 88 19
2 0 70 79
.63f4fe9624f0b 4 0 64 0
4 1 64 0
4 2 64 0
.63f4fe962b9e3 4 0 88 127
2 0 45 73
.63f4fe963b5b1 1 0 69 64
.63f4fe96a6a5c 4 0 88 53
2 0 64 91
.63f4fe96b2fb0 1 0 65 64
.63f4fe96bd55b 4 0 64 127
4 1 64 127
4 2 64 127
.63f4fe96c819b 1 0 70 64
.63f4fe971cf32 4 0 88 1
2 0 69 86
.63f4fe971d819 1 0 64 64
.63f4fe971e7a6 4 0 88 65
2 0 62 90
.63f4fe9723de5 4 0 64 0
4 1 64 0
4 2 64 0
.63f4fe9797f35 4 0 88 122
2 0 65 90
.63f4fe97b3343 1 0 62 64
.63f4fe97cae4e 4 0 64 127
4 1 64 127
4 2 64 127
.63f4fe98140ba 4 0 88 27
2 0 47 103
.63f4fe98170ef 4 0 64 0
4 1 64 0
4 2 64 0
.63f4fe9818b5d 4 0 88 98
2 0 64 83
.63f4fe9819631 1 0 45 64
.63f4fe981ce84 1 0 48 64
.63f4fe98316ed 1 0 65 64
.63f4fe9896951 4 0 88 0
2 0 62 100
.63f4fe98a557f 1 0 64 64
.63f4fe98a6b20 1 0 69 64
.63f4fe98b25dd 4 0 64 127
4 1 64 127
4 2 64 127
.63f4fe9918f48 4 0 88 110
2 0 71 91
4 0 64 0
4 1 64 0
4 2 64 0
.63f4fe991b6fa 4 0 88 110
2 0 60 91
.63f4fe991bf4f 1 0 62 64
.63f4fe995096b 4 0 64 127
4 1 64 127
4 2 64 127
.63f4fe999b3e4 4 0 88 53
2 0 72 91
.63f4fe99a29e0 4 0 64 0
4 1 64 0
4 2 64 0
.63f4fe99a877c 4 0 64 127
4 1 64 127
4 2 64 127
.63f4fe99ad483 1 0 71 64
.63f4fe99b426a 4 0 64 0
4 1 64 0
4 2 64 0
.63f4fe99bcf51 4 0 64 127
4 1 64 127
4 2 64 127
.63f4fe99c3242 1 0 60 64
.63f4fe9a2388c 4 0 64 0
4 1 64 0
4 2 64 0
.63f4fe9a24402 4 0 88 107
2 0 48 96
.63f4fe9a25007 4 0 88 33
2 0 74 88
.63f4fe9a268df 4 0 88 51
2 0 76 78
.63f4fe9a289ed 4 0 88 111
2 0 62 74
.63f4fe9a29693 4 0 88 47
2 0 64 71
.63f4fe9a2dea6 1 0 47 64
.63f4fe9a3225a 1 0 72 64
.63f4fe9a4030e 1 0 76 64
.63f4fe9a49467 1 0 64 64
.63f4fe9ab6671 4 0 88 122
2 0 71 90
.63f4fe9ae7db1 4 0 64 127
4 1 64 127
4 2 64 127
.63f4fe9af524c 1 0 62 64
.63f4fe9b1c802 1 0 74 64
.63f4fe9b36b4e 4 0 88 78
2 0 72 89
.63f4fe9b3725f 4 0 88 125
2 0 64 81
.63f4fe9b3fc86 4 0 64 0
4 1 64 0
4 2 64 0
.63f4fe9b46560 1 0 71 64
.63f4fe9bb7781 4 0 88 48
2 0 65 96
.63f4fe9bc6a6a 1 0 64 64
.63f4fe9c34953 4 0 88 117
2 0 67 100
.63f4fe9c46e0f 1 0 65 64
.63f4fe9caec1d 4 0 88 34
2 0 70 96
.63f4fe9cb77d7 1 0 67 64
.63f4fe9cc2892 4 0 64 127
4 1 64 127
4 2 64 127
.63f4fe9cfb9ac 1 0 48 64
.63f4fe9d15a41 1 0 72 64
.63f4fe9d2eee7 4 0 64 0
4 1 64 0
4 2 64 0
.63f4fe9d31166 1 0 70 64
.63f4fe9d35304 4 0 88 11
2 0 60 81
4 0 88 105
2 0 72 101
.63f4fe9d354ec 4 0 88 72
2 0 48 94
.63f4fe9d357e2 4 0 88 94
2 0 69 97
.63f4fe9dbf429 4 0 88 0
2 0 67 100
.63f4fe9dca3b8 4 0 64 127
4 1 64 127
4 2 64 127
.63f4fe9dd6b99 1 0 69 64
.63f4fe9ddb992 1 0 72 64
.63f4fe9df8645 1 0 67 64
.63f4fe9e51003 4 0 64 0
4 1 64 0
4 2 64 0
.63f4fe9e51218 4 0 88 51
2 0 65 78
.63f4fe9e51bd6 4 0 88 110
2 0 76 91
.63f4fe9ee761f 4 0 88 110
2 0 72 91
.63f4fe9f6990e 4 0 88 45
2 0 69 87
.63f4fe9f7bcf5 1 0 65 64
.63f4fe9fe7ac7 4 0 88 60
2 0 65 95
.63f4fe9ff3135 1 0 69 64
.63f4fea009818 1 0 76 64
.63f4fea00c893 1 0 72 64
.63f4fea00e509 4 0 64 127
4 1 64 127
4 2 64 127
.63f4fea06e818 4 0 88 117
2 0 76 100
.63f4fea077ded 4 0 64 0
4 1 64 0
4 2 64 0
.63f4fea08c5a2 4 0 64 127
4 1 64 127
4 2 64 127
.63f4fea0beca5 1 0 76 64
.63f4fea10292b 4 0 88 87
2 0 79 103
.63f4fea10365a 1 0 65 64
.63f4fea10d40f 4 0 64 0
4 1 64 0
4 2 64 0
.63f4fea113164 4 0 64 127
4 1 64 127
4 2 64 127
.63f4fea183bb8 1 0 79 64
.63f4fea18f567 4 0 88 103
2 0 77 87
.63f4fea191223 4 0 88 69
2 0 68 67
.63f4fea19cdd5 4 0 64 0
4 1 64 0
4 2 64 0
.63f4fea2278eb 1 0 68 64
.63f4fea22bfd5 1 0 77 64
.63f4fea22d211 4 0 88 78
2 0 76 66
.63f4fea237277 4 0 88 21
2 0 67 55
.63f4fea2392de 4 0 88 65
2 0 69 77
.63f4fea248a10 1 0 69 64
.63f4fea255708 4 0 64 127
4 1 64 127
4 2 64 127
.63f4fea2b4c25 1 0 67 64
.63f4fea2b8748 1 0 48 64
.63f4fea2d94ae 4 0 64 0
4 1 64 0
4 2 64 0
.63f4fea2e2108 4 0 88 19
2 0 68 79
.63f4fea2e4463 4 0 88 27
2 0 77 93
.63f4fea2e8d5c 4 0 88 50
2 0 48 54
.63f4fea2f288c 1 0 76 64
.63f4fea387a46 4 0 88 19
2 0 75 79
.63f4fea3ecb4e 4 0 64 127
4 1 64 127
4 2 64 127
.63f4fea3ff761 1 0 75 64
.63f4fea429d08 4 0 88 85
2 0 74 84
.63f4fea43d7ff 1 0 77 64
.63f4fea43eb2a 4 0 64 0
4 1 64 0
4 2 64 0
.63f4fea45c0be 4 0 64 127
4 1 64 127
4 2 64 127
.63f4fea488388 1 0 68 64
.63f4fea4dd89a 4 0 88 118
2 0 72 95
.63f4fea4e8e3e 1 0 74 64
.63f4fea567d06 1 0 48 64
.63f4fea5961b5 4 0 88 103
2 0 71 87
.63f4fea5974bc 4 0 88 84
2 0 77 63
.63f4fea598294 1 0 72 64
.63f4fea598716 4 0 64 0
4 1 64 0
4 2 64 0
.63f4fea5a2127 4 0 88 13
2 0 62 85
.63f4fea5b38ae 1 0 60 64
.63f4fea652d60 4 0 88 118
2 0 74 95
.63f4fea668463 1 0 71 64
.63f4fea6dd2ad 4 0 88 27
2 0 72 93
.63f4fea6f923a 1 0 74 64
.63f4fea75b0f9 4 0 88 84
2 0 71 93
.63f4fea76960b 1 0 72 64
.63f4fea770351 4 0 64 127
4 1 64 127
4 2 64 127
.63f4fea7cdfa9 4 0 64 0
4 1 64 0
4 2 64 0
.63f4fea7d1296 4 0 88 55
2 0 72 82
.63f4fea7d40e4 4 0 88 64
2 0 67 70
.63f4fea7d436f 1 0 71 64
.63f4fea7d7d73 4 0 88 104
2 0 64 71
.63f4fea7d9ed3 1 0 62 64
.63f4fea80b888 4 0 64 127
4 1 64 127
4 2 64 127
.63f4fea819130 1 0 77 64
.63f4fea85acc4 4 0 88 87
2 0 77 103
.63f4fea86213a 1 0 72 64
.63f4fea8daf9b 4 0 88 87
2 0 76 103
.63f4fea8f4697 1 0 77 64
.63f4fea95345c 4 0 88 48
2 0 74 96
.63f4fea9654db 1 0 67 64
.63f4fea98eb32 1 0 76 64
.63f4fea9d63cd 4 0 88 90
2 0 76 88
.63f4fea9d77a1 4 0 64 0
4 1 64 0
4 2 64 0
.63f4fea9d9b4b 4 0 88 39
2 0 69 92
.63f4fea9dc1a6 4 0 88 106
2 0 65 62
.63f4fea9e9bc2 1 0 74 64
.63f4fea9ea839 1 0 64 64
.63f4feaa72055 4 0 88 103
2 0 81 87
.63f4feaa793ad 1 0 76 64
.63f4feab01cb0 4 0 88 39
2 0 80 90
.63f4feab1468e 1 0 81 64
.63f4feabb19f6 4 0 88 24
2 0 81 98
.63f4feabc07c4 1 0 80 64
.63f4feabd8443 4 0 64 127
4 1 64 127
4 2 64 127
.63f4feac0e9ef 1 0 69 64
.63f4feacfa572 4 0 64 0
4 1 64 0
4 2 64 0
.63f4feacfb121 4 0 88 59
2 0 84 100
.63f4feacfbc90 4 0 88 68
2 0 76 81
.63f4feacff78a 1 0 81 64
.63f4fead0081e 4 0 88 65
2 0 67 77
.63f4fead07ca0 1 0 65 64
.63f4feaed409e 4 0 88 98
2 0 72 83
.63f4feaede773 1 0 84 64
.63f4feaee7ee5 1 0 76 64
.63f4feaf65e45 4 0 88 11
2 0 71 81
.63f4feaf77632 1 0 72 64
.63f4feafe9e27 4 0 88 58
2 0 72 86
.63f4feaff7c1e 1 0 71 64
.63f4feb00b942 4 0 64 127
4 1 64 127
4 2 64 127
.63f4feb03b424 1 0 67 64
.63f4feb07ae8c 4 0 64 0
4 1 64 0
4 2 64 0
.63f4feb07f926 4 0 88 32
2 0 69 63
.63f4feb07fc98 4 0 88 56
2 0 67 55
.63f4feb0a338c 1 0 69 64
.63f4feb10de65 4 0 88 11
2 0 71 81
.63f4feb1187a3 1 0 67 64
.63f4feb1b55d4 4 0 88 53
2 0 69 62
.63f4feb1c2bb7 1 0 71 64
.63f4feb27ca70 4 0 88 79
2 0 67 69
.63f4feb28d69c 1 0 69 64
.63f4feb293142 4 0 64 127
4 1 64 127
4 2 64 127
.63f4feb2c93fd 1 0 72 64
.63f4feb3de24d 4 0 88 107
2 0 66 62
.63f4feb3e31cb 1 0 67 64
.63f4feb3f3391 4 0 88 79
2 0 72 69
.63f4feb414693 4 0 88 55
2 0 74 74
.63f4feb415d55 4 0 64 0
4 1 64 0
4 2 64 0
.63f4feb43a518 4 0 88 119
2 0 78 87
.63f4feb4807dc 4 0 88 47
2 0 84 101
.63f4feb5ca7b1 4 0 64 127
4 1 64 127
4 2 64 127
.63f4feb655f33 1 0 78 64
.63f4feb671960 1 0 84 64
.63f4feb67bdf5 1 0 66 64
.63f4feb68b864 1 0 72 64
.63f4feb6966da 1 0 74 64
.63f4feb6d3cd0 4 0 88 0
2 0 86 100
.63f4feb6d6740 4 0 88 82
2 0 74 80
.63f4feb6d7a61 4 0 88 7
2 0 77 90
4 0 88 90
2 0 67 17
.63f4feb6d925f 4 0 88 96
2 0 72 49
.63f4feb6e3bbd 4 0 64 0
4 1 64 0
4 2 64 0
.63f4feb7e40ac 4 0 88 39
2 0 79 92
.63f4feb81ed9d 1 0 77 64
.63f4feb8826d2 4 0 88 109
2 0 81 78
.63f4feb8966fd 1 0 79 64
.63f4feb8a9795 1 0 86 64
.63f4feb8cd0fb 4 0 64 127
4 1 64 127
4 2 64 127
.63f4feb931c70 4 0 88 55
2 0 83 82
.63f4feb941f8d 1 0 81 64
.63f4feb99e2c7 1 0 83 64
.63f4feb9eb1f5 4 0 88 70
2 0 84 85
.63f4feb9ef148 4 0 64 0
4 1 64 0
4 2 64 0
.63f4feba12493 4 0 64 127
4 1 64 127
4 2 64 127
.63f4febaae005 4 0 88 85
2 0 79 84
.63f4febab25fc 1 0 72 64
.63f4febac7085 1 0 84 64
.63f4febb1d02f 1 0 74 64
.63f4febb2998f 1 0 79 64
.63f4febb77be3 4 0 64 0
4 1 64 0
4 2 64 0
.63f4febb7c668 4 0 88 65
2 0 72 77
.63f4febb7d552 4 0 88 58
2 0 77 86
.63f4febb846ac 4 0 88 119
2 0 55 39
.63f4febc7581d 4 0 88 20
2 0 76 89
.63f4febc8161e 1 0 77 64
.63f4febd41611 4 0 88 96
2 0 74 68
.63f4febd5055a 1 0 76 64
.63f4febe33d00 4 0 88 32
2 0 79 72
.63f4febe42085 1 0 74 64
.63f4febeb1fed 4 0 64 127
4 1 64 127
4 2 64 127
.63f4febf50b12 1 0 72 64
.63f4febf8fda1 1 0 67 64
.63f4febfb9352 1 0 55 64
.63f4febfbd4d8 1 0 79 64
.63f4febffd4c6 4 0 88 115
2 0 55 47
.63f4fec01a8da 4 0 88 66
2 0 62 58
.63f4fec0203c0 4 0 64 0
4 1 64 0
4 2 64 0
.63f4fec02fa78 4 0 88 63
2 0 67 64
.63f4fec05d970 4 0 88 15
2 0 72 73
.63f4fec0cd2f3 4 0 88 109
2 0 76 78
.63f4fec1dd9de 4 0 64 127
4 1 64 127
4 2 64 127
.63f4fec270ccb 1 0 72 64
.63f4fec2b1d06 1 0 67 64
.63f4fec2ea760 4 0 88 60
2 0 65 26
.63f4fec3042a5 4 0 88 122
2 0 72 77
.63f4fec30875f 4 0 64 0
4 1 64 0
4 2 64 0
.63f4fec31c5b8 1 0 72 64
.63f4fec320d44 4 0 88 55
2 0 71 74
.63f4fec3304ae 4 0 88 111
2 0 72 58
.63f4fec33b251 4 0 88 108
2 0 71 46
.63f4fec33f613 1 0 72 64
.63f4fec5dc2f6 4 0 64 127
4 1 64 127
4 2 64 127
.63f4fec6256db 4 0 64 0
4 1 64 0
4 2 64 0
.63f4fec626390 4 0 88 111
2 0 72 40
.63f4fec6284c1 1 0 76 64
.63f4fec63abed 1 0 71 64
1 0 71 64
.63f4fec65d18a 4 0 64 127
4 1 64 127
4 2 64 127
.63f4fec6dbc00 1 0 65 64
.63f4fec6f09c7 1 0 62 64
.63f4fec6f9c9c 1 0 55 64
.63f4fec76d9b4 4 0 64 0
4 1 64 0
4 2 64 0
.63f4fec76dce0 4 0 88 127
2 0 65 73
.63f4fec76fc4a 4 0 88 47
2 0 48 71
.63f4fec895e4d 4 0 88 43
2 0 62 46
.63f4fec8a3010 1 0 65 64
.63f4fec9582e2 4 0 88 25
2 0 64 30
.63f4fec970aba 1 0 62 64
.63f4feca2c595 4 0 88 19
2 0 67 35
.63f4fecb187c7 1 0 72 64
.63f4fecb347ab 4 0 64 127
4 1 64 127
4 2 64 127
.63f4fecc56455 4 0 88 22
2 0 72 25
.63f4fecd6cf12 1 0 48 64
.63f4fece076a2 1 0 64 64
.63f4fece1498f 1 0 67 64
.63f4fece1c07f 1 0 72 64
.63f4ff00d96f5 4 0 64 0
4 1 64 0
4 2 64 0
.63f4ff22ec105 4 0 64 127
4 1 64 127
4 2 64 127
.63f4ff2418876 4 0 88 78
2 0 43 25
.63f4ff25462d6 1 0 43 64
.63f4ff2582941 4 0 88 18
2 0 46 40
.63f4ff2665241 1 0 46 64
.63f4ff26e287a 4 0 88 105
2 0 46 38
.63f4ff279f8c0 1 0 46 64
.63f4ff279feb0 4 0 88 8
2 0 50 40
.63f4ff284f95b 1 0 50 64
.63f4ff28e2401 4 0 88 47
2 0 50 47
.63f4ff29883bf 4 0 88 101
2 0 55 38
.63f4ff29ac8a6 1 0 50 64
.63f4ff2a21958 1 0 55 64
.63f4ff2abe469 4 0 88 8
2 0 55 36
.63f4ff2b6b047 4 0 88 68
2 0 58 31
.63f4ff2b89b5f 1 0 55 64
.63f4ff2bcb85f 1 0 58 64
.63f4ff2ca377c 4 0 88 90
2 0 58 33
.63f4ff2cbb239 4 0 64 0
4 1 64 0
4 2 64 0
.63f4ff2ce9ff5 4 0 64 127
4 1 64 127
4 2 64 127
.63f4ff2d426dd 4 0 88 38
2 0 62 32
.63f4ff2d600e1 1 0 58 64
.63f4ff2dd74ae 1 0 62 64
.63f4ff2ef5d80 4 0 88 17
2 0 62 50
.63f4ff2efd6c1 4 0 88 117
2 0 55 38
.63f4ff2efeb27 4 0 88 4
2 0 67 67
.63f4ff2f10ee8 4 0 64 0
4 1 64 0
4 2 64 0
.63f4ff2f120d4 1 0 67 64
.63f4ff2f1581a 4 0 88 107
2 0 66 76
.63f4ff2f2a988 1 0 66 64
.63f4ff2f2bead 4 0 88 68
2 0 67 81
.63f4ff2fa9349 4 0 64 127
4 1 64 127
4 2 64 127
.63f4ff2fe9173 1 0 55 64
.63f4ff2fef6da 1 0 67 64
.63f4ff2ffe1f4 1 0 62 64
.63f4ff304732d 4 0 88 10
2 0 67 64
.63f4ff30e2c26 4 0 88 37
2 0 70 47
.63f4ff30e374a 4 0 88 117
2 0 62 43
.63f4ff30e75ff 4 0 88 13
2 0 58 27
.63f4ff30ec86e 1 0 67 64
.63f4ff30ee6cd 4 0 64 0
4 1 64 0
4 2 64 0
.63f4ff3143669 4 0 64 127
4 1 64 127
4 2 64 127
.63f4ff316f731 1 0 70 64
.63f4ff31dd327 1 0 62 64
.63f4ff31ffea3 1 0 58 64
4 0 88 8
2 0 74 77
.63f4ff3221edf 1 0 74 64
.63f4ff329a357 4 0 64 0
4 1 64 0
4 2 64 0
.63f4ff329c14c 4 0 88 64
2 0 66 66
.63f4ff32a1aaa 4 0 88 55
2 0 63 45
.63f4ff32a3477 4 0 88 10
2 0 60 48
.63f4ff3346bf0 4 0 88 96
2 0 67 68
.63f4ff334face 1 0 66 64
.63f4ff33701b3 4 0 64 127
4 1 64 127
4 2 64 127
.63f4ff33c9b1e 1 0 60 64
.63f4ff33cb5cd 1 0 63 64
.63f4ff33db81e 4 0 88 102
2 0 70 45
.63f4ff33e5d77 1 0 67 64
.63f4ff3425b2e 1 0 70 64
.63f4ff34787f0 4 0 88 59
2 0 70 56
.63f4ff3485bca 4 0 88 120
2 0 60 24
.63f4ff348694d 4 0 88 115
2 0 63 40
.63f4ff3486bce 4 0 64 0
4 1 64 0
4 2 64 0
.63f4ff3490deb 4 0 88 66
2 0 57 13
.63f4ff3495554 1 0 70 64
.63f4ff34a13e1 4 0 88 10
2 0 70 60
.63f4ff34a8dc3 4 0 88 67
2 0 69 8
.63f4ff34af672 1 0 70 64
.63f4ff3579a62 4 0 64 127
4 1 64 127
4 2 64 127
.63f4ff3580ca7 1 0 60 64
.63f4ff35b0878 1 0 63 64
.63f4ff35b3c23 4 0 88 70
2 0 67 85
.63f4ff35b8b3c 1 0 57 64
.63f4ff35c3f3e 1 0 69 64
.63f4ff3621d75 1 0 67 64
.63f4ff3656892 4 0 88 80
2 0 55 48
.63f4ff36623a1 4 0 88 28
2 0 67 53
.63f4ff366cdc0 4 0 64 0
4 1 64 0
4 2 64 0
.63f4ff3673a4d 1 0 67 64
.63f4ff367426b 4 0 88 93
2 0 66 71
.63f4ff3688a7b 4 0 88 24
2 0 67 69
.63f4ff3692a2d 1 0 66 64
.63f4ff373410c 4 0 64 127
4 1 64 127
4 2 64 127
.63f4ff3742b71 4 0 64 0
4 1 64 0
4 2 64 0
.63f4ff374b785 4 0 64 127
4 1 64 127
4 2 64 127
.63f4ff3769338 1 0 67 64
.63f4ff37a4953 4 0 88 55
2 0 67 82
.63f4ff37b826e 1 0 55 64
.63f4ff3836ac7 4 0 88 32
2 0 58 36
.63f4ff38381f7 4 0 88 21
2 0 62 55
.63f4ff383ea6f 4 0 64 0
4 1 64 0
4 2 64 0
.63f4ff38dcdea 4 0 88 84
2 0 74 63
.63f4ff38e6205 1 0 67 64
.63f4ff38e8a7c 4 0 64 127
4 1 64 127
4 2 64 127
.63f4ff38f455c 4 0 64 0
4 1 64 0
4 2 64 0
.63f4ff38fd318 4 0 64 127
4 1 64 127
4 2 64 127
.63f4ff395a31b 1 0 62 64
.63f4ff3971b9a 4 0 88 24
2 0 67 80
.63f4ff397afa0 1 0 74 64
.63f4ff39855f2 1 0 58 64
.63f4ff39a9363 1 0 67 64
.63f4ff3a0d9a1 4 0 88 33
2 0 60 33
.63f4ff3a0e589 4 0 88 65
2 0 63 49
.63f4ff3a251cf 4 0 64 0
4 1 64 0
4 2 64 0
.63f4ff3a29efa 4 0 88 125
2 0 66 65
.63f4ff3a947cd 4 0 88 78
2 0 67 76
.63f4ff3a9b417 1 0 66 64
.63f4ff3adac88 4 0 88 38
2 0 69 79
.63f4ff3ae7ffe 1 0 67 64
.63f4ff3b12ade 4 0 88 114
2 0 70 80
.63f4ff3b1d2a3 1 0 69 64
.63f4ff3b3e5ff 4 0 64 127
4 1 64 127
4 2 64 127
.63f4ff3b56b51 1 0 70 64
.63f4ff3b81853 1 0 63 64
.63f4ff3b8b86a 4 0 88 66
2 0 70 74
.63f4ff3ba28a7 1 0 60 64
.63f4ff3bb584d 1 0 70 64
.63f4ff3be843c 4 0 88 44
2 0 62 33
.63f4ff3bf2fa4 4 0 88 16
2 0 65 32
.63f4ff3bf6675 4 0 88 10
2 0 70 60
.63f4ff3c0b7f6 4 0 64 0
4 1 64 0
4 2 64 0
.63f4ff3c13e8c 4 0 88 18
2 0 69 54
1 0 70 64
.63f4ff3c22661 4 0 88 33
2 0 70 72
.63f4ff3c28c08 1 0 69 64
.63f4ff3c308c3 1 0 70 64
.63f4ff3c313a7 4 0 88 126
2 0 69 55
.63f4ff3d48ffb 4 0 88 11
2 0 67 81
.63f4ff3d59e54 1 0 69 64
.63f4ff3d6dfe3 4 0 64 127
4 1 64 127
4 2 64 127
.63f4ff3d7c607 1 0 65 64
.63f4ff3d9cb64 1 0 67 64
.63f4ff3dab96d 1 0 62 64
.63f4ff3de105e 4 0 88 23
2 0 64 45
.63f4ff3de672f 4 0 88 127
2 0 61 42
.63f4ff3deefbe 4 0 64 0
4 1 64 0
4 2 64 0
.63f4ff3df5e52 4 0 88 32
2 0 67 72
.63f4ff3e16f84 4 0 88 6
2 0 66 82
.63f4ff3e1f931 1 0 67 64
.63f4ff3e36e9b 4 0 88 66
2 0 67 58
.63f4ff3e3ebbd 1 0 66 64
.63f4ff3ec4d05 4 0 64 127
4 1 64 127
4 2 64 127
.63f4ff3ef36e2 1 0 64 64
.63f4ff3f4d171 4 0 88 44
2 0 57 65
.63f4ff3f5ea80 1 0 61 64
.63f4ff3f85e84 1 0 67 64
.63f4ff3f8be3e 1 0 57 64
.63f4ff3fcfc60 4 0 88 96
2 0 57 49
.63f4ff3fdb38b 4 0 64 0
4 1 64 0
4 2 64 0
.63f4ff3fe3833 4 0 88 96
2 0 67 68
.63f4ff3fec204 4 0 88 83
2 0 64 54
.63f4ff4084d8d 4 0 88 65
2 0 61 49
.63f4ff4095024 1 0 57 64
.63f4ff40a55ca 4 0 64 127
4 1 64 127
4 2 64 127
.63f4ff40cc10d 1 0 61 64
.63f4ff40e1998 1 0 64 64
.63f4ff412e1f5 4 0 88 88
2 0 61 52
.63f4ff412eea8 4 0 88 64
2 0 52 70
.63f4ff4143906 4 0 64 0
4 1 64 0
4 2 64 0
.63f4ff4169ac1 4 0 64 127
4 1 64 127
4 2 64 127
.63f4ff41b6feb 1 0 61 64
.63f4ff41c78a1 1 0 52 64
.63f4ff41f06cf 4 0 64 0
4 1 64 0
4 2 64 0
.63f4ff41f29c5 4 0 88 56
2 0 50 53
.63f4ff41f5411 4 0 88 111
2 0 57 58
.63f4ff420ba73 4 0 88 111
2 0 62 58
.63f4ff42dad6d 4 0 64 127
4 1 64 127
4 2 64 127
.63f4ff42e69a0 4 0 64 0
4 1 64 0
4 2 64 0
.63f4ff42f2447 4 0 64 127
4 1 64 127
4 2 64 127
.63f4ff4319c30 1 0 57 64
.63f4ff435767b 4 0 88 55
2 0 57 82
.63f4ff43a74b6 1 0 62 64
.63f4ff43b6c40 1 0 57 64
.63f4ff43e6ae9 1 0 50 64
.63f4ff43f511a 4 0 88 97
2 0 57 65
.63f4ff43f6552 4 0 88 39
2 0 65 68
.63f4ff43f716e 4 0 64 0
4 1 64 0
4 2 64 0
.63f4ff43fda5b 4 0 88 79
2 0 53 69
.63f4ff44012ef 1 0 67 64
.63f4ff44db97e 4 0 64 127
4 1 64 127
4 2 64 127
.63f4ff4527fad 4 0 88 35
2 0 69 102
.63f4ff4533b8d 1 0 57 64
.63f4ff453409c 1 0 65 64
.63f4ff453a1c5 1 0 53 64
.63f4ff45c61f1 4 0 88 46
2 0 58 57
.63f4ff45c84c5 4 0 88 25
2 0 55 30
.63f4ff45c8edb 4 0 64 0
4 1 64 0
4 2 64 0
.63f4ff45f155c 4 0 88 118
2 0 62 95
.63f4ff45fe08c 1 0 69 64
.63f4ff4677cac 4 0 88 12
2 0 61 75
.63f4ff467a803 1 0 62 64
.63f4ff468d96a 4 0 88 112
2 0 62 82
.63f4ff4691dfd 1 0 61 64
.63f4ff46a804f 4 0 88 88
2 0 61 52
.63f4ff46a8b45 1 0 62 64
.63f4ff46b6752 1 0 61 64
.63f4ff46b95f1 4 0 88 72
2 0 62 73
.63f4ff46c39e6 4 0 88 21
2 0 61 70
.63f4ff46ca0da 1 0 62 64
.63f4ff473735a 4 0 88 97
2 0 62 92
.63f4ff473ff3b 1 0 61 64
.63f4ff4754833 4 0 64 127
4 1 64 127
4 2 64 127
.63f4ff475ed52 1 0 55 64
.63f4ff47b9b48 4 0 88 113
2 0 65 67
.63f4ff47c0dcd 4 0 64 0
4 1 64 0
4 2 64 0
.63f4ff47c37b1 4 0 88 47
2 0 57 49
.63f4ff47c6707 1 0 58 64
.63f4ff487de07 4 0 88 11
2 0 64 81
.63f4ff488b980 1 0 62 64
.63f4ff488eb55 1 0 65 64
.63f4ff489f9d6 4 0 64 127
4 1 64 127
4 2 64 127
.63f4ff492daa7 4 0 88 60
2 0 61 81
.63f4ff492ddd3 4 0 88 86
2 0 45 39
.63f4ff493205b 4 0 64 0
4 1 64 0
4 2 64 0
.63f4ff49488b7 1 0 64 64
.63f4ff496f984 4 0 64 127
4 1 64 127
4 2 64 127
.63f4ff49b80f1 1 0 61 64
.63f4ff49c9442 1 0 45 64
.63f4ff49d585f 4 0 88 14
2 0 50 94
.63f4ff49def06 4 0 64 0
4 1 64 0
4 2 64 0
.63f4ff49ec181 4 0 88 72
2 0 61 85
.63f4ff4ad5743 4 0 88 63
2 0 55 64
.63f4ff4ad8d4b 1 0 57 64
.63f4ff4b67595 4 0 88 24
2 0 57 69
.63f4ff4b72360 1 0 55 64
.63f4ff4badd9d 4 0 64 127
4 1 64 127
4 2 64 127
.63f4ff4c074d9 4 0 88 41
2 0 62 83
.63f4ff4c0b349 4 0 88 51
2 0 53 78
.63f4ff4c117a1 4 0 64 0
4 1 64 0
4 2 64 0
.63f4ff4c11ec6 1 0 57 64
.63f4ff4c133f8 1 0 61 64
.63f4ff4c16524 1 0 50 64
.63f4ff4ccfee2 4 0 64 127
4 1 64 127
4 2 64 127
.63f4ff4cdfd39 1 0 53 64
.63f4ff4d400dc 4 0 88 90
2 0 53 88
.63f4ff4d54b5a 1 0 62 64
.63f4ff4db3ccb 1 0 53 64
.63f4ff4dd2ac6 4 0 88 90
2 0 57 88
.63f4ff4de3ca0 4 0 88 24
2 0 65 69
.63f4ff4de9322 4 0 64 0
4 1 64 0
4 2 64 0
.63f4ff4dfd42b 4 0 88 116
2 0 64 86
.63f4ff4e03eed 1 0 65 64
.63f4ff4e102ab 4 0 88 13
2 0 65 99
.63f4ff4e18600 1 0 64 64
.63f4ff4ec5efa 4 0 88 53
2 0 69 91
.63f4ff4efca0b 4 0 64 127
4 1 64 127
4 2 64 127
.63f4ff4efe019 1 0 65 64
.63f4ff4f3f417 4 0 88 78
2 0 65 89
.63f4ff4f87c0c 1 0 57 64
.63f4ff4fcd086 4 0 88 1
2 0 58 44
.63f4ff4fd1b98 4 0 88 42
2 0 62 50
.63f4ff4fd56bf 4 0 64 0
4 1 64 0
4 2 64 0
.63f4ff4fe21b6 1 0 62 64
.63f4ff4fed04e 4 0 88 1
2 0 64 86
.63f4ff4ff6e40 1 0 65 64
.63f4ff50a867c 4 0 88 119
2 0 62 70
.63f4ff50b5ab7 1 0 64 64
.63f4ff50cb905 4 0 64 127
4 1 64 127
4 2 64 127
.63f4ff50e00e3 1 0 69 64
.63f4ff512cfd5 4 0 88 9
2 0 70 68
.63f4ff5175362 1 0 62 64
.63f4ff51b7bd1 4 0 88 19
2 0 55 52
.63f4ff51b9ca6 1 0 58 64
.63f4ff51beb93 4 0 64 0
4 1 64 0
4 2 64 0
.63f4ff51d1da3 4 0 88 78
2 0 62 89
.63f4ff5271414 4 0 88 32
2 0 65 72
.63f4ff527d3de 1 0 62 64
.63f4ff52d2312 4 0 64 127
4 1 64 127
4 2 64 127
.63f4ff52e3c22 4 0 64 0
4 1 64 0
4 2 64 0
.63f4ff52e9916 4 0 64 127
4 1 64 127
4 2 64 127
.63f4ff52f56f0 4 0 88 97
2 0 62 92
.63f4ff530af0e 1 0 65 64
.63f4ff536618d 1 0 62 64
.63f4ff537bc5a 4 0 88 118
2 0 60 64
.63f4ff5393941 4 0 64 0
4 1 64 0
4 2 64 0
.63f4ff53958c3 1 0 55 64
.63f4ff5397568 4 0 88 78
2 0 64 76
.63f4ff53fea75 1 0 70 64
.63f4ff542f046 4 0 88 53
2 0 70 77
.63f4ff5457dd0 4 0 64 127
4 1 64 127
4 2 64 127
.63f4ff5496efd 1 0 64 64
.63f4ff54c2482 4 0 88 23
2 0 65 76
.63f4ff54dca52 1 0 70 64
.63f4ff5553ddf 4 0 64 0
4 1 64 0
4 2 64 0
.63f4ff555d4b3 4 0 88 58
2 0 69 86
.63f4ff55679c8 4 0 88 104
2 0 53 32
.63f4ff560cc10 4 0 88 44
2 0 62 65
.63f4ff561821f 1 0 60 64
.63f4ff5623683 1 0 65 64
.63f4ff5697781 4 0 88 116
2 0 60 86
.63f4ff56a1e7a 1 0 62 64
.63f4ff56a7e46 4 0 64 127
4 1 64 127
4 2 64 127
.63f4ff5715fdf 1 0 60 64
.63f4ff571ed95 4 0 88 106
2 0 59 62
.63f4ff5721636 4 0 88 84
2 0 55 63
.63f4ff5721df3 1 0 53 64
.63f4ff572b9a3 4 0 64 0
4 1 64 0
4 2 64 0
.63f4ff57859ea 1 0 69 64
.63f4ff57b3e73 4 0 88 2
2 0 69 95
.63f4ff583d8fd 4 0 88 39
2 0 65 92
.63f4ff5852cca 1 0 69 64
.63f4ff58799a7 4 0 64 127
4 1 64 127
4 2 64 127
.63f4ff58bbec7 4 0 88 65
2 0 52 46
.63f4ff58cbacd 4 0 64 0
4 1 64 0
4 2 64 0
.63f4ff58ccd92 1 0 55 64
.63f4ff58cf561 4 0 88 24
2 0 67 69
.63f4ff58e508b 1 0 65 64
.63f4ff59662b3 4 0 88 38
2 0 62 79
.63f4ff59ece68 1 0 59 64
.63f4ff59f97c3 4 0 88 24
2 0 60 80
.63f4ff59fa9b0 1 0 62 64
.63f4ff5a3cd64 4 0 64 127
4 1 64 127
4 2 64 127
.63f4ff5a6ba7f 1 0 52 64
.63f4ff5a860a3 4 0 88 1
2 0 57 86
.63f4ff5a87a0c 1 0 60 64
.63f4ff5a883c6 4 0 88 78
2 0 53 76
.63f4ff5a91e6b 4 0 64 0
4 1 64 0
4 2 64 0
.63f4ff5ae7bd6 1 0 67 64
.63f4ff5b17b47 4 0 88 109
2 0 67 78
.63f4ff5b971ae 4 0 88 122
2 0 64 77
.63f4ff5bb1550 1 0 67 64
.63f4ff5be5af8 4 0 64 127
4 1 64 127
4 2 64 127
.63f4ff5c1cb73 4 0 88 85
2 0 65 84
.63f4ff5c2040f 4 0 64 0
4 1 64 0
4 2 64 0
.63f4ff5c21021 4 0 88 127
2 0 50 61
.63f4ff5c28461 1 0 53 64
.63f4ff5c2b363 1 0 64 64
.63f4ff5cbca69 4 0 88 19
2 0 58 79
.63f4ff5ce9a10 1 0 57 64
.63f4ff5d48909 4 0 88 118
2 0 57 95
.63f4ff5d54d3e 1 0 58 64
.63f4ff5d56dbf 4 0 64 127
4 1 64 127
4 2 64 127
.63f4ff5d771c2 1 0 50 64
.63f4ff5dc3d5b 1 0 57 64
.63f4ff5dcd9cb 4 0 88 85
2 0 55 84
.63f4ff5dcf02c 4 0 88 97
2 0 52 92
.63f4ff5dd1f05 4 0 64 0
4 1 64 0
4 2 64 0
.63f4ff5e34761 1 0 65 64
.63f4ff5e64f33 4 0 88 41
2 0 65 83
.63f4ff5eeba8c 4 0 88 78
2 0 62 89
.63f4ff5f01196 1 0 65 64
.63f4ff5f37615 4 0 64 127
4 1 64 127
4 2 64 127
.63f4ff5f8685a 4 0 64 0
4 1 64 0
4 2 64 0
.63f4ff5f880aa 1 0 52 64
.63f4ff5f8a9e4 4 0 88 98
2 0 64 83
.63f4ff5f91855 4 0 88 116
2 0 48 54
.63f4ff5f93c1f 4 0 88 93
2 0 50 47
.63f4ff5f98553 1 0 62 64
.63f4ff5fa83b8 1 0 50 64
.63f4ff6020a6d 4 0 88 108
2 0 58 93
.63f4ff609ff00 1 0 55 64
.63f4ff60b32da 4 0 88 107
2 0 57 96
.63f4ff60c4632 1 0 58 64
.63f4ff60d1a50 4 0 64 127
4 1 64 127
4 2 64 127
.63f4ff60d1dab 1 0 48 64
.63f4ff61561be 4 0 88 38
2 0 50 79
.63f4ff615936b 4 0 88 55
2 0 53 82
.63f4ff615b524 1 0 57 64
.63f4ff615e2e4 4 0 64 0
4 1 64 0
4 2 64 0
.63f4ff619ff6b 1 0 64 64
.63f4ff61eedca 4 0 88 125
2 0 64 81
.63f4ff6286ac4 4 0 88 48
2 0 61 84
.63f4ff62953e1 1 0 64 64
.63f4ff62d2596 4 0 64 127
4 1 64 127
4 2 64 127
.63f4ff631b836 4 0 88 66
2 0 46 88
.63f4ff6321bc9 1 0 50 64
.63f4ff63275bb 4 0 64 0
4 1 64 0
4 2 64 0
.63f4ff6327b1d 1 0 61 64
.63f4ff633445a 4 0 88 74
2 0 62 61
.63f4ff6348824 4 0 88 14
2 0 61 69
.63f4ff634a006 1 0 62 64
.63f4ff636952b 4 0 88 24
2 0 62 98
.63f4ff636b351 1 0 61 64
.63f4ff6437cda 4 0 64 127
4 1 64 127
4 2 64 127
.63f4ff6444aec 1 0 46 64
.63f4ff644f387 4 0 64 0
4 1 64 0
4 2 64 0
.63f4ff6463b85 4 0 64 127
4 1 64 127
4 2 64 127
.63f4ff646766e 4 0 88 18
2 0 46 104
.63f4ff64afdc7 1 0 62 64
.63f4ff64bfe4c 1 0 46 64
.63f4ff64cfae9 1 0 53 64
.63f4ff64f8a8a 4 0 88 47
2 0 65 71
.63f4ff64f8dd1 4 0 88 55
2 0 53 82
.63f4ff64fac18 4 0 88 79
2 0 50 69
.63f4ff650208e 4 0 64 0
4 1 64 0
4 2 64 0
.63f4ff6565968 4 0 64 127
4 1 64 127
4 2 64 127
.63f4ff657cee8 1 0 65 64
.63f4ff65b8742 4 0 88 87
2 0 71 72
.63f4ff6627215 1 0 50 64
.63f4ff662a0c7 1 0 53 64
.63f4ff6642349 1 0 71 64
.63f4ff664a35e 4 0 88 84
2 0 72 93
.63f4ff664b64e 4 0 88 85
2 0 53 84
.63f4ff6653b74 4 0 88 72
2 0 50 42
.63f4ff6655e2b 4 0 88 112
2 0 52 56
.63f4ff6665190 1 0 52 64
.63f4ff66aa07a 1 0 53 64
.63f4ff66c9623 1 0 72 64
.63f4ff66de054 1 0 50 64
.63f4ff66e271d 4 0 64 0
4 1 64 0
4 2 64 0
.63f4ff66e510f 4 0 88 27
2 0 55 93
.63f4ff66e8b22 4 0 88 122
2 0 72 77
.63f4ff66eb930 4 0 88 7
2 0 52 90
.63f4ff67865ac 4 0 88 65
2 0 70 100
.63f4ff67982d6 4 0 64 127
4 1 64 127
4 2 64 127
.63f4ff679889f 1 0 72 64
.63f4ff67b42d0 1 0 70 64
.63f4ff67f58f8 4 0 88 107
2 0 70 62
.63f4ff6804581 1 0 70 64
.63f4ff68077ee 4 0 64 0
4 1 64 0
4 2 64 0
.63f4ff68148cb 4 0 88 60
2 0 70 81
.63f4ff6825a0b 4 0 88 103
2 0 69 87
.63f4ff683a3c2 1 0 70 64
.63f4ff68851b1 4 0 88 118
2 0 70 102
.63f4ff6888644 4 0 64 127
4 1 64 127
4 2 64 127
.63f4ff6890c3c 1 0 55 64
.63f4ff689580b 1 0 69 64
.63f4ff68a40d9 1 0 52 64
.63f4ff68bbb0b 1 0 70 64
.63f4ff68c2ed2 4 0 88 93
2 0 54 71
.63f4ff68c7877 4 0 88 65
2 0 57 90
.63f4ff68cbdfa 4 0 64 0
4 1 64 0
4 2 64 0
.63f4ff68cfdd2 4 0 88 3
2 0 70 67
.63f4ff68d70ab 4 0 88 122
2 0 53 77
.63f4ff68e00f8 1 0 54 64
.63f4ff6974830 4 0 88 53
2 0 69 91
.63f4ff698c8b0 1 0 70 64
.63f4ff69c9eed 4 0 88 48
2 0 67 96
.63f4ff69d4f9a 1 0 69 64
.63f4ff6a15089 4 0 88 122
2 0 65 90
.63f4ff6a19d29 4 0 88 49
2 0 58 62
.63f4ff6a1f134 4 0 88 78
2 0 55 76
.63f4ff6a28ad9 1 0 57 64
.63f4ff6a28ee5 1 0 67 64
.63f4ff6a2b832 1 0 53 64
.63f4ff6a6d5d5 4 0 88 65
2 0 64 90
.63f4ff6a76230 1 0 65 64
.63f4ff6a7a998 4 0 64 127
4 1 64 127
4 2 64 127
.63f4ff6ae93f5 4 0 88 78
2 0 69 89
.63f4ff6ae9d14 4 0 64 0
4 1 64 0
4 2 64 0
.63f4ff6aef9cc 4 0 88 58
2 0 60 86
.63f4ff6af0a47 4 0 88 7
2 0 57 90
.63f4ff6af3ef3 1 0 64 64
.63f4ff6af44ec 1 0 55 64
.63f4ff6af93bb 1 0 58 64
.63f4ff6bb2e5a 4 0 88 122
2 0 62 90
.63f4ff6bb4034 1 0 60 64
.63f4ff6c07d4f 4 0 88 85
2 0 63 92
.63f4ff6c0cb83 1 0 62 64
.63f4ff6c34ff2 4 0 88 92
2 0 69 21
.63f4ff6c5a2ad 1 0 57 64
.63f4ff6c60dd1 4 0 64 127
4 1 64 127
4 2 64 127
.63f4ff6c69b07 4 0 64 0
4 1 64 0
4 2 64 0
.63f4ff6c6ab61 4 0 88 112
2 0 57 82
.63f4ff6c6b5e2 1 0 63 64
.63f4ff6c71d10 4 0 88 51
2 0 60 78
.63f4ff6c7e75b 4 0 88 125
2 0 63 84
.63f4ff6cf1c73 4 0 88 96
2 0 62 102
.63f4ff6cfe228 1 0 60 64
.63f4ff6cffd9e 1 0 63 64
.63f4ff6d13afe 4 0 64 127
4 1 64 127
4 2 64 127
.63f4ff6d22585 1 0 62 64
.63f4ff6d2db4e 1 0 57 64
.63f4ff6d33e26 4 0 64 0
4 1 64 0
4 2 64 0
.63f4ff6d340fa 4 0 88 9
2 0 58 68
.63f4ff6d46bdd 4 0 88 123
2 0 63 48
.63f4ff6d54cb9 4 0 88 20
2 0 62 89
.63f4ff6d56530 1 0 63 64
.63f4ff6d64671 1 0 62 64
.63f4ff6d64ba9 4 0 88 46
2 0 63 73
.63f4ff6d79483 4 0 88 68
2 0 62 81
.63f4ff6d828b9 1 0 63 64
.63f4ff6e04c7b 4 0 88 27
2 0 60 93
.63f4ff6e128cc 1 0 62 64
.63f4ff6e259ef 1 0 69 64
1 0 69 64
.63f4ff6e47d1e 1 0 58 64
.63f4ff6e4d1df 4 0 64 127
4 1 64 127
4 2 64 127
.63f4ff6e6ca34 4 0 88 88
2 0 58 39
.63f4ff6e710d4 4 0 88 97
2 0 57 92
.63f4ff6e7834a 1 0 60 64
.63f4ff6e9e237 4 0 88 4
2 0 57 20
.63f4ff6eb5d14 1 0 57 64
1 0 57 64
.63f4ff6eba526 1 0 58 64
.63f4ff6ec1a5d 4 0 88 59
2 0 57 106
.63f4ff6ec25b2 4 0 64 0
4 1 64 0
4 2 64 0
.63f4ff6ec2d1a 4 0 88 105
2 0 60 101
.63f4ff6f19849 4 0 88 18
2 0 62 104
.63f4ff6f2adec 1 0 60 64
.63f4ff6f4920d 4 0 64 127
4 1 64 127
4 2 64 127
.63f4ff6f6c51c 4 0 88 36
2 0 57 41
4 0 64 0
4 1 64 0
4 2 64 0
.63f4ff6f6e78e 4 0 88 120
2 0 54 73
.63f4ff6f719b3 4 0 88 66
2 0 63 88
.63f4ff6f7bfa3 1 0 62 64
.63f4ff6fe385d 1 0 57 64
1 0 57 64
.63f4ff6febaf7 4 0 88 60
2 0 62 95
.63f4ff6ffed83 1 0 63 64
4 0 64 127
4 1 64 127
4 2 64 127
.63f4ff703dd4b 4 0 88 7
2 0 69 90
.63f4ff7040d8e 4 0 88 20
2 0 60 89
.63f4ff704655a 1 0 62 64
.63f4ff7048125 4 0 64 0
4 1 64 0
4 2 64 0
.63f4ff70887e0 4 0 64 127
4 1 64 127
4 2 64 127
.63f4ff70918b8 4 0 88 125
2 0 63 84
.63f4ff70a7575 1 0 60 64
.63f4ff70e6419 4 0 64 0
4 1 64 0
4 2 64 0
.63f4ff70e93bf 4 0 88 55
2 0 57 82
.63f4ff70e991b 4 0 88 84
2 0 62 93
.63f4ff70ed349 4 0 88 51
2 0 50 78
.63f4ff70f452b 1 0 54 64
.63f4ff70f95ae 1 0 63 64
.63f4ff713a3da 4 0 88 59
2 0 60 100
.63f4ff7145796 1 0 62 64
.63f4ff714ccfd 4 0 64 127
4 1 64 127
4 2 64 127
.63f4ff715994a 1 0 69 64
.63f4ff7175d5a 1 0 57 64
.63f4ff71a3570 1 0 60 64
.63f4ff71a3843 4 0 88 47
2 0 57 71
.63f4ff71a6b0f 4 0 88 65
2 0 72 77
.63f4ff71a7962 4 0 64 0
4 1 64 0
4 2 64 0
.63f4ff71c15ef 1 0 50 64
.63f4ff721295d 4 0 88 61
2 0 70 97
.63f4ff7219e2c 4 0 64 127
4 1 64 127
4 2 64 127
.63f4ff7227c17 1 0 72 64
.63f4ff7266709 4 0 88 96
2 0 69 102
.63f4ff726a195 4 0 88 48
2 0 62 96
.63f4ff7271dbb 4 0 64 0
4 1 64 0
4 2 64 0
.63f4ff7274bf4 1 0 57 64
.63f4ff727ab97 1 0 70 64
.63f4ff72c0d9c 4 0 88 14
2 0 74 94
.63f4ff72d005a 1 0 69 64
.63f4ff72d5642 4 0 64 127
4 1 64 127
4 2 64 127
.63f4ff73283e9 4 0 88 39
2 0 72 92
.63f4ff73333aa 4 0 64 0
4 1 64 0
4 2 64 0
.63f4ff7337547 4 0 88 20
2 0 67 89
.63f4ff733d36a 1 0 74 64
.63f4ff739ced4 1 0 62 64
.63f4ff73a0fac 4 0 88 59
2 0 69 106
.63f4ff73b2670 1 0 72 64
.63f4ff73bfd83 4 0 64 127
4 1 64 127
4 2 64 127
.63f4ff741d95f 4 0 64 0
4 1 64 0
4 2 64 0
.63f4ff7422f8d 4 0 88 100
2 0 70 83
.63f4ff7423566 4 0 88 8
2 0 55 44
.63f4ff7434f5f 1 0 69 64
.63f4ff74d33ce 4 0 64 127
4 1 64 127
4 2 64 127
.63f4ff750155a 1 0 67 64
.63f4ff754ec6a 1 0 55 64
.63f4ff758c593 4 0 88 112
2 0 55 82
.63f4ff760aafe 1 0 55 64
.63f4ff761a343 4 0 88 119
2 0 67 70
.63f4ff761e4dd 4 0 64 0
4 1 64 0
4 2 64 0
.63f4ff7620b19 4 0 88 107
2 0 58 62
.63f4ff76213cf 4 0 88 97
2 0 62 65
.63f4ff7629d8b 1 0 70 64
.63f4ff76bb154 4 0 88 10
2 0 70 92
.63f4ff76d04a4 1 0 67 64
.63f4ff76e2aa2 4 0 64 127
4 1 64 127
4 2 64 127
.63f4ff76eb653 4 0 64 0
4 1 64 0
4 2 64 0
.63f4ff76fd004 4 0 64 127
4 1 64 127
4 2 64 127
.63f4ff7715af0 4 0 88 72
2 0 69 94
.63f4ff7731843 1 0 70 64
.63f4ff774e830 1 0 62 64
.63f4ff7756e65 4 0 88 0
2 0 67 106
.63f4ff775df53 1 0 69 64
.63f4ff77837fc 4 0 88 62
2 0 66 91
.63f4ff778f3c5 1 0 58 64
.63f4ff7792874 1 0 67 64
.63f4ff77a6acb 1 0 66 64
.63f4ff77b5f4d 4 0 88 95
2 0 60 79
.63f4ff77c8d6d 4 0 88 53
2 0 63 77
.63f4ff77d2f0f 4 0 64 0
4 1 64 0
4 2 64 0
.63f4ff77e1403 4 0 88 15
2 0 67 73
.63f4ff77faacf 4 0 88 80
2 0 66 82
.63f4ff7804756 1 0 67 64
.63f4ff7812884 4 0 88 7
2 0 67 90
.63f4ff7815dd5 1 0 66 64
.63f4ff782a751 4 0 88 73
2 0 66 78
.63f4ff783310c 1 0 67 64
.63f4ff783fae4 4 0 88 13
2 0 67 85
.63f4ff784ecae 1 0 67 64
.63f4ff785f9bf 4 0 88 90
2 0 67 88
.63f4ff7868516 1 0 66 64
.63f4ff78e871d 4 0 88 88
2 0 70 98
.63f4ff78f6147 1 0 67 64
.63f4ff79152ea 1 0 63 64
.63f4ff79322f6 4 0 88 97
2 0 69 92
.63f4ff79356eb 4 0 64 127
4 1 64 127
4 2 64 127
.63f4ff7949f37 1 0 70 64
.63f4ff796454d 4 0 88 53
2 0 67 91
.63f4ff7973c34 1 0 69 64
.63f4ff798d4db 1 0 60 64
.63f4ff79a31e0 4 0 88 65
2 0 56 49
.63f4ff79bbe97 4 0 88 44
2 0 57 65
.63f4ff79c048c 1 0 56 64
.63f4ff79c2077 4 0 64 0
4 1 64 0
4 2 64 0
.63f4ff79d8d9a 4 0 88 66
2 0 63 74
.63f4ff79df67c 4 0 88 78
2 0 72 89
.63f4ff79e8515 1 0 67 64
.63f4ff7a550f6 4 0 88 20
2 0 70 86
.63f4ff7a657b5 1 0 72 64
.63f4ff7aa37ab 4 0 88 13
2 0 69 99
.63f4ff7abb251 4 0 64 127
4 1 64 127
4 2 64 127
.63f4ff7abd970 1 0 70 64
.63f4ff7ae4ad3 4 0 88 112
2 0 67 82
.63f4ff7af0b16 1 0 63 64
.63f4ff7af2edc 1 0 69 64
.63f4ff7b2377c 1 0 67 64
.63f4ff7b258ee 4 0 88 7
2 0 62 90
.63f4ff7b3469e 1 0 57 64
.63f4ff7b3c08f 4 0 64 0
4 1 64 0
4 2 64 0
.63f4ff7b3e217 4 0 88 91
2 0 66 89
.63f4ff7b65329 4 0 88 1
2 0 67 86
.63f4ff7b6bda2 1 0 66 64
.63f4ff7b8e2f4 4 0 88 71
2 0 69 99
.63f4ff7b96d93 4 0 64 127
4 1 64 127
4 2 64 127
.63f4ff7b9b6cf 1 0 67 64
.63f4ff7bd13d3 1 0 62 64
.63f4ff7bdef63 4 0 88 28
2 0 55 59
.63f4ff7be8e8d 4 0 64 0
4 1 64 0
4 2 64 0
.63f4ff7bef48c 4 0 88 20
2 0 62 89
.63f4ff7c8672a 4 0 88 12
2 0 63 75
.63f4ff7ca4afa 1 0 62 64
.63f4ff7cdf82a 4 0 88 112
2 0 62 82
.63f4ff7cebc73 1 0 63 64
.63f4ff7d288ec 4 0 88 97
2 0 60 92
.63f4ff7d3311c 1 0 62 64
.63f4ff7d3ef3d 1 0 69 64
.63f4ff7d5ff77 4 0 64 127
4 1 64 127
4 2 64 127
.63f4ff7d6e581 4 0 88 7
2 0 58 95
.63f4ff7d6e94b 4 0 64 0
4 1 64 0
4 2 64 0
.63f4ff7d7194b 4 0 64 127
4 1 64 127
4 2 64 127
.63f4ff7d7b4cd 1 0 60 64
.63f4ff7dad04e 4 0 88 83
2 0 57 98
.63f4ff7db083f 1 0 58 64
.63f4ff7dd4934 1 0 55 64
.63f4ff7ddd040 4 0 88 14
2 0 43 94
.63f4ff7ddd756 1 0 57 64
.63f4ff7e0955c 4 0 88 96
2 0 58 86
.63f4ff7e09e20 4 0 64 0
4 1 64 0
4 2 64 0
.63f4ff7e38cdf 4 0 88 103
2 0 62 87
.63f4ff7e73ef2 4 0 88 41
2 0 67 83
.63f4ff7f2a31a 1 0 58 64
.63f4ff7f62db4 4 0 88 20
2 0 63 86
.63f4ff7f657fa 1 0 62 64
.63f4ff7f89be5 4 0 64 127
4 1 64 127
4 2 64 127
.63f4ff7fae4d3 1 0 63 64
.63f4ff7fdc939 4 0 88 8
2 0 45 77
.63f4ff7fe861e 1 0 43 64
.63f4ff7ff048b 4 0 64 0
4 1 64 0
4 2 64 0
.63f4ff7ff56cf 4 0 88 65
2 0 60 90
.63f4ff8073310 4 0 88 110
2 0 65 91
.63f4ff808d760 1 0 67 64
.63f4ff80c2a9c 4 0 88 60
2 0 63 81
.63f4ff80e9fbb 1 0 65 64
.63f4ff810a33f 1 0 60 64
.63f4ff810b7f7 4 0 88 14
2 0 62 94
.63f4ff81237bb 1 0 63 64
.63f4ff813b601 4 0 64 127
4 1 64 127
4 2 64 127
.63f4ff814a27e 4 0 88 8
2 0 60 105
.63f4ff814e6e1 1 0 62 64
.63f4ff8178978 4 0 88 72
2 0 62 94
.63f4ff8182eb4 1 0 60 64
.63f4ff81b10ce 1 0 45 64
.63f4ff81b4a47 4 0 88 6
2 0 46 82
.63f4ff81c357c 1 0 62 64
.63f4ff81c8c97 4 0 88 114
2 0 63 80
.63f4ff81caecb 4 0 64 0
4 1 64 0
4 2 64 0
.63f4ff81fcb4a 4 0 64 127
4 1 64 127
4 2 64 127
.63f4ff820aa83 4 0 88 58
2 0 62 86
.63f4ff820d836 1 0 63 64
.63f4ff82296e9 1 0 62 64
.63f4ff822a1cb 4 0 88 37
2 0 63 47
.63f4ff8245354 4 0 88 63
2 0 62 64
.63f4ff8248af2 1 0 63 64
.63f4ff8254b9b 4 0 88 60
2 0 63 81
.63f4ff825728a 1 0 62 64
.63f4ff82669cf 1 0 63 64
.63f4ff826b712 4 0 88 120
2 0 62 51
.63f4ff8271f68 4 0 64 0
4 1 64 0
4 2 64 0
.63f4ff827679d 4 0 88 25
2 0 63 83
.63f4ff82917bc 1 0 63 64
.63f4ff82d9e4f 4 0 88 24
2 0 60 98
.63f4ff82e19a4 1 0 62 64
.63f4ff8330d98 4 0 88 37
2 0 62 97
.63f4ff83391b3 1 0 60 64
.63f4ff83884bd 4 0 64 127
4 1 64 127
4 2 64 127
.63f4ff83cbf6e 4 0 88 15
2 0 47 73
.63f4ff83d1ee2 1 0 46 64
.63f4ff83f1c9d 4 0 64 0
4 1 64 0
4 2 64 0
.63f4ff840bca8 4 0 88 85
2 0 56 92
.63f4ff8410502 1 0 62 64
.63f4ff848da65 4 0 88 125
2 0 59 81
.63f4ff84be88c 1 0 56 64
.63f4ff84e20a9 4 0 64 127
4 1 64 127
4 2 64 127
.63f4ff84f5333 4 0 88 12
2 0 58 75
.63f4ff84fdf01 1 0 59 64
.63f4ff85479bc 4 0 88 40
2 0 56 80
.63f4ff854889b 4 0 64 0
4 1 64 0
4 2 64 0
.63f4ff8553b91 1 0 58 64
.63f4ff858d37c 4 0 88 60
2 0 55 95
.63f4ff859475b 4 0 88 45
2 0 62 87
.63f4ff8595794 1 0 56 64
.63f4ff85cf5ce 4 0 64 127
4 1 64 127
4 2 64 127
.63f4ff85d3d14 4 0 88 2
2 0 53 95
.63f4ff85e60ec 1 0 55 64
.63f4ff8609ea4 1 0 53 64
.63f4ff86216aa 4 0 64 0
4 1 64 0
4 2 64 0
.63f4ff8625910 4 0 88 0
2 0 48 100
.63f4ff862f00a 1 0 47 64
.63f4ff8634441 4 0 88 114
2 0 56 90
.63f4ff86875de 4 0 88 55
2 0 55 82
.63f4ff86937b6 1 0 56 64
.63f4ff86b03d0 4 0 88 52
2 0 56 64
.63f4ff86b2c39 1 0 55 64
.63f4ff86c7beb 4 0 88 24
2 0 55 57
.63f4ff86d0326 1 0 56 64
.63f4ff86d7e73 1 0 55 64
.63f4ff86ddac3 4 0 88 114
2 0 56 80
.63f4ff86e6c65 4 0 88 96
2 0 55 68
.63f4ff86f2af1 1 0 56 64
.63f4ff873b461 4 0 88 59
2 0 53 100
.63f4ff8744704 1 0 55 64
.63f4ff8792e6b 4 0 88 112
2 0 55 82
.63f4ff87a54be 1 0 53 64
.63f4ff87f5a32 4 0 88 77
2 0 50 104
.63f4ff8803872 1 0 48 64
.63f4ff8813943 4 0 64 127
4 1 64 127
4 2 64 127
.63f4ff885671d 4 0 88 7
2 0 51 95
.63f4ff8859d3a 4 0 64 0
4 1 64 0
4 2 64 0
.63f4ff8864cd4 1 0 50 64
.63f4ff88d4ddc 4 0 88 107
2 0 48 96
.63f4ff88dc691 1 0 51 64
.63f4ff88f121b 1 0 55 64
.63f4ff88f800f 4 0 64 127
4 1 64 127
4 2 64 127
.63f4ff893327d 4 0 88 23
2 0 55 76
.63f4ff893377a 4 0 88 103
2 0 60 87
.63f4ff893876f 4 0 64 0
4 1 64 0
4 2 64 0
.63f4ff894532d 1 0 48 64
.63f4ff8995623 1 0 62 64
.63f4ff89ae235 4 0 88 90
2 0 53 88
.63f4ff89c7640 1 0 55 64
.63f4ff89fc033 4 0 88 43
2 0 51 87
.63f4ff8a0e04e 1 0 53 64
.63f4ff8a4883e 4 0 88 78
2 0 53 89
.63f4ff8a562cd 1 0 51 64
.63f4ff8a636e8 4 0 64 127
4 1 64 127
4 2 64 127
.63f4ff8a9b087 4 0 64 0
4 1 64 0
4 2 64 0
.63f4ff8aaf9f8 4 0 88 41
2 0 50 83
.63f4ff8ab6abe 1 0 53 64
.63f4ff8b28223 4 0 88 78
2 0 57 89
.63f4ff8b39ae2 1 0 60 64
.63f4ff8b7d01e 4 0 88 33
2 0 59 88
.63f4ff8b8dad2 1 0 57 64
.63f4ff8bca454 4 0 88 48
2 0 60 96
.63f4ff8bcf0fc 1 0 59 64
.63f4ff8be3379 4 0 64 127
4 1 64 127
4 2 64 127
.63f4ff8c16dbb 4 0 88 24
2 0 55 80
.63f4ff8c1b93d 4 0 88 59
2 0 59 100
.63f4ff8c20c65 4 0 64 0
4 1 64 0
4 2 64 0
.63f4ff8c2b741 1 0 60 64
.63f4ff8c38284 1 0 50 64
.63f4ff8c6a03d 4 0 88 18
2 0 57 104
.63f4ff8c76dc8 1 0 59 64
.63f4ff8c7e779 4 0 64 127
4 1 64 127
4 2 64 127
.63f4ff8cb91ec 4 0 64 0
4 1 64 0
4 2 64 0
.63f4ff8cca291 4 0 88 78
2 0 59 89
.63f4ff8cd183d 1 0 57 64
.63f4ff8d3248d 4 0 88 0
2 0 60 100
.63f4ff8d38d91 1 0 59 64
.63f4ff8d4407d 1 0 55 64
.63f4ff8d601c7 4 0 64 127
4 1 64 127
4 2 64 127
.63f4ff8d9b375 4 0 88 103
2 0 59 87
.63f4ff8da71b7 1 0 60 64
.63f4ff8daf354 4 0 64 0
4 1 64 0
4 2 64 0
.63f4ff8dcf720 4 0 64 127
4 1 64 127
4 2 64 127
.63f4ff8df7dd4 4 0 88 118
2 0 57 95
.63f4ff8e00205 1 0 59 64
.63f4ff8e44da7 4 0 88 45
2 0 55 87
.63f4ff8e4bdc3 1 0 57 64
.63f4ff8e506bb 4 0 64 0
4 1 64 0
4 2 64 0
.63f4ff8e7c518 4 0 64 127
4 1 64 127
4 2 64 127
.63f4ff8e95828 4 0 88 28
2 0 53 84
.63f4ff8ea4cb9 1 0 55 64
.63f4ff8eeb7ce 4 0 88 38
2 0 51 99
.63f4ff8ef7746 4 0 64 0
4 1 64 0
4 2 64 0
.63f4ff8efc810 1 0 53 64
.63f4ff8f3e747 4 0 88 14
2 0 60 94
.63f4ff8f918f6 4 0 88 19
2 0 63 79
.63f4ff8fdd7e0 4 0 88 85
2 0 65 84
.63f4ff8fe38f7 1 0 63 64
.63f4ff902c4e8 4 0 88 37
2 0 67 97
.63f4ff90389fa 1 0 65 64
.63f4ff907b9ea 1 0 67 64
.63f4ff9081278 4 0 88 53
2 0 63 77
.63f4ff9088d8c 4 0 64 127
4 1 64 127
4 2 64 127
.63f4ff90d72f9 4 0 88 111
2 0 53 74
.63f4ff90e16b3 1 0 63 64
.63f4ff90e1f14 1 0 51 64
.63f4ff90e3a6e 4 0 64 0
4 1 64 0
4 2 64 0
.63f4ff90ede03 4 0 88 39
2 0 67 75
.63f4ff9152733 4 0 88 100
2 0 68 83
.63f4ff916194a 1 0 67 64
.63f4ff91a2494 4 0 88 95
2 0 67 79
.63f4ff91b2e29 1 0 68 64
.63f4ff91ec8a2 4 0 88 72
2 0 65 73
.63f4ff91ffda5 4 0 64 127
4 1 64 127
4 2 64 127
.63f4ff92080a2 1 0 60 64
.63f4ff923a286 4 0 88 12
2 0 63 75
.63f4ff923a63e 1 0 67 64
.63f4ff9246618 1 0 65 64
.63f4ff927c715 4 0 88 48
2 0 62 96
.63f4ff9282d7c 1 0 63 64
.63f4ff92ba2ee 4 0 88 68
2 0 55 81
.63f4ff92bf47f 1 0 53 64
.63f4ff92d411a 4 0 88 43
2 0 63 87
.63f4ff92d5b98 4 0 64 0
4 1 64 0
4 2 64 0
.63f4ff92df6fb 1 0 62 64
.63f4ff932984e 4 0 88 98
2 0 67 83
.63f4ff933adb9 1 0 63 64
.63f4ff937bad6 4 0 88 13
2 0 65 85
.63f4ff938eff2 1 0 67 64
.63f4ff93c3d47 4 0 88 93
2 0 63 79
.63f4ff93dd147 1 0 65 64
.63f4ff9407ea2 4 0 88 45
2 0 62 87
.63f4ff9412988 1 0 63 64
.63f4ff945664b 4 0 88 69
2 0 63 67
.63f4ff9469af5 1 0 62 64
.63f4ff947bac3 4 0 64 127
4 1 64 127
4 2 64 127
.63f4ff94a7a6f 4 0 88 87
2 0 56 75
.63f4ff94b9e9a 1 0 55 64
.63f4ff94c7dd6 4 0 64 0
4 1 64 0
4 2 64 0
.63f4ff94cb272 4 0 88 65
2 0 60 90
.63f4ff94ce85e 1 0 63 64
.63f4ff9526bbc 4 0 88 96
2 0 63 86
.63f4ff955d291 1 0 60 64
.63f4ff9575f06 4 0 88 78
2 0 72 76
.63f4ff95842d9 1 0 63 64
.63f4ff95ccb0d 4 0 88 37
2 0 71 97
.63f4ff95db32f 1 0 72 64
.63f4ff96250e3 4 0 88 7
2 0 72 90
.63f4ff9631e09 1 0 71 64
.63f4ff96754ce 4 0 88 100
2 0 70 83
.63f4ff9688673 1 0 72 64
.63f4ff969ca39 4 0 64 127
4 1 64 127
4 2 64 127
.63f4ff96ccbfb 4 0 88 65
2 0 53 77
.63f4ff96d67c6 1 0 56 64
.63f4ff96e5e63 4 0 64 0
4 1 64 0
4 2 64 0
.63f4ff96e6675 4 0 88 95
2 0 67 79
.63f4ff96f6e9c 1 0 70 64
.63f4ff9753de8 4 0 88 84
2 0 65 93
.63f4ff975cb19 1 0 67 64
.63f4ff97a6efd 4 0 88 122
2 0 64 77
.63f4ff97b0661 1 0 65 64
.63f4ff97f2f5d 4 0 88 125
2 0 68 84
.63f4ff9800541 1 0 64 64
.63f4ff9845741 4 0 88 65
2 0 62 90
.63f4ff9892b0c 4 0 88 55
2 0 64 82
.63f4ff98a338e 1 0 62 64
.63f4ff98b1f0d 4 0 64 127
4 1 64 127
4 2 64 127
.63f4ff98de595 1 0 68 64
.63f4ff98ec19a 4 0 88 41
2 0 56 51
.63f4ff98edb7f 4 0 88 98
2 0 65 83
.63f4ff98ee7a9 4 0 88 65
2 0 55 77
.63f4ff98f4cad 1 0 53 64
.63f4ff98f53b6 4 0 64 0
4 1 64 0
4 2 64 0
.63f4ff98fd6d4 1 0 64 64
.63f4ff990fc23 1 0 55 64
.63f4ff995769d 4 0 88 53
2 0 62 91
.63f4ff9967237 1 0 65 64
.63f4ff99a9d36 4 0 88 27
2 0 60 93
.63f4ff99b0973 1 0 62 64
.63f4ff99f4c0e 4 0 88 100
2 0 63 83
.63f4ff9a022ab 1 0 60 64
.63f4ff9a450b9 4 0 88 84
2 0 62 93
.63f4ff9a5cbab 1 0 63 64
.63f4ff9a8b89c 4 0 88 48
2 0 60 96
.63f4ff9a8c840 4 0 64 127
4 1 64 127
4 2 64 127
.63f4ff9a90205 1 0 62 64
.63f4ff9ade249 4 0 88 68
2 0 55 51
.63f4ff9adf4e7 4 0 88 7
2 0 59 90
.63f4ff9ae176e 4 0 64 0
4 1 64 0
4 2 64 0
.63f4ff9aed1de 1 0 56 64
.63f4ff9aef002 1 0 60 64
.63f4ff9b35c3e 4 0 88 118
2 0 60 95
.63f4ff9b44c63 1 0 59 64
.63f4ff9b8a854 4 0 88 1
2 0 62 86
.63f4ff9b9a63b 1 0 60 64
.63f4ff9bb38c9 1 0 55 64
.63f4ff9bb4678 4 0 64 127
4 1 64 127
4 2 64 127
.63f4ff9bdafaa 4 0 88 28
2 0 59 84
.63f4ff9bfa923 1 0 62 64
.63f4ff9c3913f 4 0 88 27
2 0 55 103
.63f4ff9c5363b 1 0 59 64
.63f4ff9c55938 4 0 64 0
4 1 64 0
4 2 64 0
.63f4ff9c644be 4 0 64 127
4 1 64 127
4 2 64 127
.63f4ff9c9808c 4 0 88 39
2 0 56 90
.63f4ff9ca36a0 1 0 55 64
.63f4ff9d0d12c 4 0 88 48
2 0 51 84
.63f4ff9d14116 4 0 64 0
4 1 64 0
4 2 64 0
.63f4ff9d17dc1 1 0 56 64
.63f4ff9d7dd62 4 0 88 90
2 0 65 88
.63f4ff9dd723d 4 0 88 125
2 0 67 81
.63f4ff9ddf1e8 1 0 65 64
.63f4ff9e257bc 4 0 88 39
2 0 68 90
.63f4ff9e2e300 1 0 67 64
.63f4ff9e707f7 4 0 88 39
2 0 53 92
.63f4ff9e717fc 4 0 88 26
2 0 70 71
.63f4ff9e75c89 1 0 51 64
.63f4ff9e78e2c 1 0 68 64
.63f4ff9ec2013 1 0 70 64
.63f4ff9ecb99e 4 0 64 127
4 1 64 127
4 2 64 127
.63f4ff9ecc7dc 4 0 88 73
2 0 68 106
.63f4ff9f237d9 4 0 64 0
4 1 64 0
4 2 64 0
.63f4ff9f265aa 4 0 88 90
2 0 50 88
.63f4ff9f2c535 1 0 53 64
.63f4ff9f2d959 4 0 88 127
2 0 77 73
.63f4ff9f916be 4 0 88 125
2 0 75 84
.63f4ff9fa2598 1 0 77 64
.63f4ff9fe5a02 4 0 88 85
2 0 74 84
.63f4ff9fef9d8 1 0 75 64
.63f4ffa02ccd5 4 0 88 20
2 0 75 86
.63f4ffa036f47 4 0 64 127
4 1 64 127
4 2 64 127
.63f4ffa03b660 1 0 74 64
.63f4ffa0775c6 4 0 64 0
4 1 64 0
4 2 64 0
.63f4ffa080dd6 4 0 88 33
2 0 77 88
.63f4ffa081be4 4 0 88 78
2 0 55 76
.63f4ffa08806d 1 0 75 64
.63f4ffa09914f 1 0 50 64
.63f4ffa0d5249 4 0 64 127
4 1 64 127
4 2 64 127
.63f4ffa0d81fb 4 0 88 116
2 0 74 86
.63f4ffa0df01b 1 0 77 64
.63f4ffa0fd75a 1 0 68 64
.63f4ffa12a885 1 0 74 64
.63f4ffa136550 4 0 88 13
2 0 48 85
.63f4ffa13eaa2 1 0 55 64
.63f4ffa13ed7f 4 0 88 8
2 0 79 77
.63f4ffa14181f 4 0 64 0
4 1 64 0
4 2 64 0
.63f4ffa14207c 4 0 88 112
2 0 72 56
.63f4ffa1a0b31 4 0 88 18
2 0 77 104
.63f4ffa1b7b69 1 0 79 64
.63f4ffa1c5717 4 0 64 127
4 1 64 127
4 2 64 127
.63f4ffa1eef44 4 0 88 96
2 0 75 86
.63f4ffa1fa29f 4 0 64 0
4 1 64 0
4 2 64 0
.63f4ffa202249 1 0 77 64
.63f4ffa24338a 4 0 88 107
2 0 74 96
.63f4ffa24f1e9 4 0 64 127
4 1 64 127
4 2 64 127
.63f4ffa250882 1 0 72 64
.63f4ffa255ffc 1 0 75 64
.63f4ffa291f33 4 0 88 38
2 0 71 79
.63f4ffa298502 4 0 64 0
4 1 64 0
4 2 64 0
.63f4ffa2b5a93 4 0 64 127
4 1 64 127
4 2 64 127
.63f4ffa2cc82b 1 0 74 64
.63f4ffa2e6720 4 0 88 108
2 0 74 45
.63f4ffa2e7bc9 4 0 88 118
2 0 72 50
.63f4ffa2ed4bb 4 0 64 0
4 1 64 0
4 2 64 0
.63f4ffa301d6c 4 0 64 127
4 1 64 127
4 2 64 127
.63f4ffa312b87 1 0 72 64
.63f4ffa3310ee 1 0 71 64
.63f4ffa33c6bd 1 0 48 64
.63f4ffa344110 4 0 88 107
2 0 75 62
.63f4ffa346f4e 1 0 74 64
.63f4ffa34a801 4 0 88 45
2 0 67 87
.63f4ffa34b08d 4 0 64 0
4 1 64 0
4 2 64 0
.63f4ffa34ed0d 4 0 88 8
2 0 48 77
.63f4ffa3be039 4 0 88 110
2 0 60 91
.63f4ffa3cae48 1 0 48 64
.63f4ffa419b42 4 0 88 33
2 0 62 88
.63f4ffa42ea1c 1 0 60 64
.63f4ffa4680b6 4 0 88 26
2 0 63 71
.63f4ffa46f43b 1 0 62 64
.63f4ffa4c058a 4 0 88 24
2 0 60 80
.63f4ffa4c4407 4 0 88 96
2 0 74 68
.63f4ffa4c66c0 1 0 63 64
.63f4ffa4c91ae 1 0 75 64
.63f4ffa522ea0 4 0 88 48
2 0 58 84
.63f4ffa52f508 1 0 60 64
.63f4ffa548e5e 4 0 64 127
4 1 64 127
4 2 64 127
.63f4ffa5771e2 1 0 67 64
.63f4ffa598bce 4 0 88 20
2 0 65 89
.63f4ffa59ae2f 4 0 64 0
4 1 64 0
4 2 64 0
.63f4ffa59e1fe 4 0 88 52
2 0 56 64
.63f4ffa5a25e8 1 0 58 64
.63f4ffa607656 4 0 88 46
2 0 68 73
.63f4ffa61ff1e 1 0 65 64
.63f4ffa663ae9 4 0 88 116
2 0 67 86
.63f4ffa677b3b 1 0 68 64
.63f4ffa6b72b7 4 0 88 33
2 0 65 88
.63f4ffa6bc77d 1 0 67 64
.63f4ffa6c5d09 4 0 64 127
4 1 64 127
4 2 64 127
.63f4ffa6ed9e9 1 0 74 64
.63f4ffa7049f6 4 0 88 87
2 0 63 75
.63f4ffa7057c1 4 0 88 45
2 0 72 87
.63f4ffa7120a2 4 0 64 0
4 1 64 0
4 2 64 0
.63f4ffa756916 4 0 88 116
2 0 71 86
.63f4ffa75bf34 4 0 88 95
2 0 62 79
.63f4ffa761e4d 1 0 72 64
.63f4ffa76372d 1 0 63 64
.63f4ffa77339e 1 0 56 64
.63f4ffa78d0be 4 0 64 127
4 1 64 127
4 2 64 127
.63f4ffa7b9a8f 4 0 88 10
2 0 63 92
.63f4ffa7bed5f 4 0 64 0
4 1 64 0
4 2 64 0
.63f4ffa7bf186 4 0 88 33
2 0 72 88
.63f4ffa7c13b1 1 0 62 64
.63f4ffa7c815a 1 0 65 64
.63f4ffa7ce364 4 0 88 5
2 0 56 20
.63f4ffa7cf27c 1 0 71 64
.63f4ffa82b983 4 0 88 100
2 0 68 83
.63f4ffa888aa8 4 0 88 45
2 0 67 87
.63f4ffa89aeb0 1 0 68 64
.63f4ffa8b4898 1 0 63 64
.63f4ffa8d4ebd 4 0 88 20
2 0 65 89
.63f4ffa8d9b62 1 0 67 64
.63f4ffa8ef956 4 0 64 127
4 1 64 127
4 2 64 127
.63f4ffa922582 4 0 88 93
2 0 63 79
.63f4ffa92bce2 1 0 65 64
.63f4ffa971e8c 4 0 88 107
2 0 62 96
.63f4ffa97bba1 1 0 63 64
1 0 56 64
.63f4ffa9bf9dd 4 0 64 0
4 1 64 0
4 2 64 0
.63f4ffa9c51ce 4 0 88 44
2 0 55 65
.63f4ffa9cbbe0 4 0 88 29
2 0 63 49
.63f4ffa9d2dc9 4 0 88 48
2 0 62 34
.63f4ffa9d4ec5 1 0 72 64
.63f4ffa9da75b 1 0 63 64
.63f4ffaa2ccdb 4 0 88 51
2 0 60 78
.63f4ffaa81c86 4 0 88 78
2 0 62 76
.63f4ffaa97a49 1 0 60 64
.63f4ffaacbec2 4 0 88 53
2 0 63 77
.63f4ffaad65e4 1 0 62 64
1 0 62 64
1 0 62 64
.63f4ffab1bcff 4 0 88 7
2 0 62 90
.63f4ffab227bb 1 0 63 64
.63f4ffab5fa9f 4 0 64 127
4 1 64 127
4 2 64 127
.63f4ffab646a1 4 0 88 1
2 0 60 86
.63f4ffab793c1 1 0 62 64
.63f4ffaba07bb 1 0 55 64
.63f4ffabafd06 4 0 88 99
2 0 58 72
.63f4ffabb86dc 4 0 88 15
2 0 55 73
.63f4ffabba41c 1 0 60 64
.63f4ffabba700 4 0 64 0
4 1 64 0
4 2 64 0
.63f4ffac164f3 4 0 88 116
2 0 64 86
.63f4ffac6540d 4 0 88 2
2 0 65 95
.63f4ffac7a26c 1 0 64 64
.63f4ffacb5c51 4 0 88 107
2 0 67 96
.63f4ffacc5148 1 0 65 64
.63f4ffacdc96f 4 0 64 127
4 1 64 127
4 2 64 127
.63f4ffad014dd 4 0 88 78
2 0 69 89
.63f4ffad041db 4 0 88 48
2 0 62 96
.63f4ffad0ce71 1 0 67 64
.63f4ffad0e60b 4 0 64 0
4 1 64 0
4 2 64 0
.63f4ffad2d3ad 1 0 58 64
.63f4ffad431d4 4 0 64 127
4 1 64 127
4 2 64 127
.63f4ffad4c63d 4 0 88 46
2 0 70 73
.63f4ffad5f5ce 1 0 69 64
.63f4ffad6ad4e 1 0 55 64
.63f4ffad6f5d8 1 0 70 64
.63f4ffad7d717 1 0 62 64
.63f4ffad9e29c 4 0 88 64
2 0 54 66
.63f4ffada04dc 4 0 88 127
2 0 72 73
.63f4ffada0d76 4 0 64 0
4 1 64 0
4 2 64 0
.63f4ffada1f15 4 0 88 106
2 0 62 62
.63f4ffae0871c 4 0 88 95
2 0 69 75
.63f4ffae55fc4 4 0 88 84
2 0 67 93
.63f4ffae5eab2 1 0 72 64
.63f4ffae64c59 1 0 69 64
.63f4ffae9ed83 4 0 88 85
2 0 70 92
.63f4ffaea889c 1 0 67 64
.63f4ffaeb64b2 1 0 62 64
.63f4ffaec2fc1 4 0 64 127
4 1 64 127
4 2 64 127
.63f4ffaeed992 4 0 88 20
2 0 60 89
.63f4ffaeef9a7 4 0 88 110
2 0 69 91
.63f4ffaef7b0e 4 0 64 0
4 1 64 0
4 2 64 0
.63f4ffaf3247e 4 0 64 127
4 1 64 127
4 2 64 127
.63f4ffaf36428 1 0 70 64
.63f4ffaf3c19e 4 0 88 122
2 0 67 90
.63f4ffaf483c4 1 0 69 64
.63f4ffaf584a6 1 0 60 64
.63f4ffaf8ca3d 4 0 88 116
2 0 72 86
.63f4ffaf8d14f 4 0 64 0
4 1 64 0
4 2 64 0
.63f4ffaf90903 4 0 88 14
2 0 63 69
.63f4ffaf975c5 1 0 67 64
.63f4ffaff0a89 4 0 88 48
2 0 70 84
.63f4ffaff4be0 4 0 88 8
2 0 62 77
.63f4ffaffffb0 1 0 63 64
.63f4ffb0112af 1 0 72 64
.63f4ffb03c9c4 4 0 88 27
2 0 69 93
.63f4ffb03f1fd 4 0 88 84
2 0 60 93
.63f4ffb045425 1 0 62 64
.63f4ffb04fec8 1 0 70 64
.63f4ffb08bd84 4 0 88 33
2 0 63 76
.63f4ffb08cd4b 4 0 88 94
2 0 72 97
.63f4ffb09824d 1 0 60 64
.63f4ffb09913d 1 0 69 64
.63f4ffb0baea1 4 0 64 127
4 1 64 127
4 2 64 127
.63f4ffb0d1af4 4 0 88 10
2 0 70 92
.63f4ffb0d241b 1 0 63 64
.63f4ffb0d2a66 4 0 88 28
2 0 62 59
.63f4ffb0e5de6 1 0 72 64
.63f4ffb0e9c13 4 0 64 0
4 1 64 0
4 2 64 0
.63f4ffb1237a0 4 0 88 85
2 0 60 53
.63f4ffb124cc7 4 0 88 11
2 0 69 81
.63f4ffb1274fd 4 0 64 127
4 1 64 127
4 2 64 127
.63f4ffb1320a1 1 0 54 64
.63f4ffb13853b 1 0 62 64
.63f4ffb139ce9 1 0 70 64
.63f4ffb16eb1e 4 0 88 20
2 0 55 61
.63f4ffb182289 4 0 64 0
4 1 64 0
4 2 64 0
.63f4ffb182d88 4 0 88 66
2 0 58 74
.63f4ffb18ce62 1 0 60 64
.63f4ffb191f4f 4 0 88 24
2 0 74 80
.63f4ffb1a9af3 1 0 69 64
.63f4ffb1f1843 4 0 88 104
2 0 57 71
.63f4ffb1f31cf 4 0 88 72
2 0 72 94
.63f4ffb1f77ee 1 0 58 64
.63f4ffb208420 1 0 55 64
.63f4ffb217960 4 0 64 127
4 1 64 127
4 2 64 127
.63f4ffb245caf 4 0 88 85
2 0 70 92
.63f4ffb2466dc 4 0 64 0
4 1 64 0
4 2 64 0
.63f4ffb247cfe 4 0 88 23
2 0 55 76
.63f4ffb256f0b 1 0 57 64
.63f4ffb25cddc 1 0 74 64
.63f4ffb25d950 1 0 72 64
.63f4ffb266b75 4 0 64 127
4 1 64 127
4 2 64 127
.63f4ffb298c10 4 0 88 118
2 0 74 95
.63f4ffb29a63f 4 0 88 100
2 0 58 83
.63f4ffb2a44a8 4 0 64 0
4 1 64 0
4 2 64 0
.63f4ffb2aa10b 1 0 55 64
.63f4ffb2b2f7b 1 0 70 64
.63f4ffb2e3625 4 0 88 1
2 0 57 86
.63f4ffb2e7470 4 0 88 107
2 0 72 96
.63f4ffb2ee768 1 0 58 64
.63f4ffb3149a5 1 0 74 64
.63f4ffb329df5 4 0 88 85
2 0 70 95
.63f4ffb32a982 4 0 88 7
2 0 55 90
.63f4ffb330d94 4 0 64 127
4 1 64 127
4 2 64 127
.63f4ffb33a84d 1 0 57 64
.63f4ffb345203 1 0 72 64
.63f4ffb378f1b 4 0 88 64
2 0 53 70
.63f4ffb380e63 1 0 55 64
.63f4ffb385e37 4 0 64 0
4 1 64 0
4 2 64 0
.63f4ffb39d533 4 0 88 116
2 0 69 86
.63f4ffb3ad6ac 1 0 70 64
.63f4ffb3f2414 4 0 88 39
2 0 62 92
.63f4ffb447302 4 0 88 45
2 0 60 87
.63f4ffb4532bd 1 0 62 64
.63f4ffb493a8e 4 0 88 2
2 0 64 95
.63f4ffb49fd34 1 0 60 64
.63f4ffb4e0503 4 0 88 59
2 0 62 67
.63f4ffb4e1da1 1 0 64 64
.63f4ffb529dd4 4 0 88 110
2 0 60 91
.63f4ffb52e4df 1 0 62 64
.63f4ffb537892 4 0 64 127
4 1 64 127
4 2 64 127
.63f4ffb542e64 1 0 53 64
.63f4ffb57c2ad 4 0 88 78
2 0 59 66
.63f4ffb57fe08 4 0 88 97
2 0 52 65
.63f4ffb5831fb 1 0 60 64
.63f4ffb5839b6 4 0 64 0
4 1 64 0
4 2 64 0
.63f4ffb5d7ea2 4 0 88 107
2 0 62 96
.63f4ffb625dac 4 0 88 111
2 0 64 74
.63f4ffb63623e 1 0 62 64
.63f4ffb6689c9 4 0 88 39
2 0 65 92
.63f4ffb6762a1 1 0 64 64
.63f4ffb6b629d 4 0 88 33
2 0 64 88
.63f4ffb6c6173 1 0 65 64
.63f4ffb6ec0f4 4 0 64 127
4 1 64 127
4 2 64 127
.63f4ffb6f4150 1 0 69 64
.63f4ffb701c60 4 0 88 37
2 0 62 97
.63f4ffb7078ab 1 0 64 64
.63f4ffb711e68 1 0 52 64
.63f4ffb745588 4 0 88 63
2 0 52 64
.63f4ffb74cb19 4 0 64 0
4 1 64 0
4 2 64 0
.63f4ffb751589 4 0 88 7
2 0 68 95
.63f4ffb75ceb9 1 0 62 64
.63f4ffb7b1db5 4 0 88 48
2 0 62 96
.63f4ffb8058c1 4 0 88 109
2 0 64 78
.63f4ffb8154f2 1 0 62 64
.63f4ffb83a12d 4 0 64 127
4 1 64 127
4 2 64 127
.63f4ffb848c3f 4 0 88 84
2 0 65 93
.63f4ffb850f66 1 0 64 64
.63f4ffb86593f 1 0 59 64
.63f4ffb891fee 4 0 64 0
4 1 64 0
4 2 64 0
.63f4ffb8980bd 4 0 88 55
2 0 64 82
.63f4ffb8a16f2 4 0 88 24
2 0 59 98
.63f4ffb8a8096 1 0 65 64
.63f4ffb8c2049 1 0 52 64
.63f4ffb8cc97f 4 0 64 127
4 1 64 127
4 2 64 127
.63f4ffb8f141c 4 0 88 60
2 0 62 95
.63f4ffb8f5476 1 0 64 64
.63f4ffb938fb4 4 0 64 0
4 1 64 0
4 2 64 0
.63f4ffb93bddc 4 0 88 2
2 0 45 47
.63f4ffb94df3e 4 0 88 13
2 0 60 85
.63f4ffb95d9a8 1 0 62 64
.63f4ffb981048 1 0 59 64
.63f4ffb9a93ed 4 0 88 107
2 0 59 96
.63f4ffb9b2b12 1 0 60 64
.63f4ffb9f7380 4 0 88 48
2 0 60 96
.63f4ffb9fa55c 4 0 64 127
4 1 64 127
4 2 64 127
.63f4ffba01a52 1 0 68 64
.63f4ffba06eaa 1 0 59 64
.63f4ffba481d9 4 0 88 45
2 0 65 87
.63f4ffba496b3 4 0 64 0
4 1 64 0
4 2 64 0
.63f4ffba4ae60 4 0 88 33
2 0 62 88
.63f4ffba50017 1 0 60 64
.63f4ffba6f916 4 0 64 127
4 1 64 127
4 2 64 127
.63f4ffbaa1e1d 4 0 88 65
2 0 60 90
.63f4ffbaa212c 4 0 88 23
2 0 64 76
.63f4ffbaa73c0 4 0 64 0
4 1 64 0
4 2 64 0
.63f4ffbaa980b 1 0 62 64
.63f4ffbab410b 1 0 65 64
.63f4ffbaf0d3b 4 0 88 72
2 0 62 94
.63f4ffbaf41c2 4 0 88 8
2 0 59 77
.63f4ffbaf654e 4 0 64 127
4 1 64 127
4 2 64 127
.63f4ffbafd5bc 1 0 60 64
.63f4ffbaffb24 1 0 64 64
.63f4ffbb16983 1 0 45 64
.63f4ffbb1b085 1 0 62 64
.63f4ffbb3e1d5 4 0 88 83
2 0 45 54
.63f4ffbb4b578 4 0 64 0
4 1 64 0
4 2 64 0
.63f4ffbb566e9 4 0 88 38
2 0 57 79
.63f4ffbb595a7 4 0 88 4
2 0 60 67
.63f4ffbb619f1 1 0 59 64
.63f4ffbbbb6ae 4 0 88 84
2 0 47 93
.63f4ffbbcfdad 1 0 45 64
.63f4ffbc13494 4 0 88 47
2 0 48 101
.63f4ffbc26c8c 1 0 47 64
.63f4ffbca270c 4 0 88 97
2 0 53 65
.63f4ffbca44b9 4 0 88 14
2 0 52 94
.63f4ffbcb9e6d 1 0 53 64
.63f4ffbcbf19f 1 0 48 64
.63f4ffbcf59fa 4 0 88 18
2 0 50 104
.63f4ffbd0b013 1 0 52 64
.63f4ffbd201ac 4 0 64 127
4 1 64 127
4 2 64 127
.63f4ffbd4383c 4 0 88 87
2 0 48 103
.63f4ffbd51710 1 0 50 64
.63f4ffbda34b3 4 0 88 85
2 0 53 84
.63f4ffbda9cd2 4 0 64 0
4 1 64 0
4 2 64 0
.63f4ffbdad832 1 0 57 64
.63f4ffbdb6b57 1 0 48 64
.63f4ffbdf8a69 4 0 88 1
2 0 57 86
.63f4ffbe157d5 1 0 60 64
.63f4ffbe4d8be 4 0 88 33
2 0 58 72
.63f4ffbe70972 1 0 57 64
.63f4ffbe99dff 4 0 88 7
2 0 60 90
.63f4ffbe9e8d8 1 0 58 64
.63f4ffbeba512 4 0 64 127
4 1 64 127
4 2 64 127
.63f4ffbee60e5 4 0 88 66
2 0 58 88
.63f4ffbeec177 4 0 88 94
2 0 52 97
.63f4ffbef209f 4 0 64 0
4 1 64 0
4 2 64 0
.63f4ffbefe60e 1 0 53 64
.63f4ffbefea2a 1 0 60 64
.63f4ffbf3b3e1 4 0 64 127
4 1 64 127
4 2 64 127
.63f4ffbf41b48 4 0 88 18
2 0 57 104
.63f4ffbf4feb6 1 0 58 64
.63f4ffbf90335 4 0 64 0
4 1 64 0
4 2 64 0
.63f4ffbf938d3 4 0 88 77
2 0 50 104
.63f4ffbfa20ec 1 0 52 64
.63f4ffbfa9d45 4 0 88 39
2 0 55 92
.63f4ffbfb0af2 1 0 57 64
.63f4ffc00dc7b 4 0 88 13
2 0 53 85
.63f4ffc01dde7 1 0 55 64
.63f4ffc05902e 4 0 88 53
2 0 52 91
.63f4ffc05e2fa 1 0 53 64
.63f4ffc0a3d5b 4 0 88 122
2 0 55 90
.63f4ffc0b8b3d 1 0 52 64
.63f4ffc0f4573 4 0 88 118
2 0 53 95
.63f4ffc105b76 1 0 55 64
.63f4ffc13ef64 4 0 88 37
2 0 52 97
.63f4ffc14571e 1 0 53 64
.63f4ffc14ab02 4 0 64 127
4 1 64 127
4 2 64 127
.63f4ffc18ba46 4 0 88 14
2 0 49 69
.63f4ffc195c71 4 0 88 70
2 0 57 85
1 0 50 64
.63f4ffc1a28eb 4 0 64 0
4 1 64 0
4 2 64 0
.63f4ffc1adfbc 1 0 52 64
.63f4ffc213c6e 4 0 88 100
2 0 58 83
.63f4ffc224fcb 1 0 57 64
.63f4ffc26e930 4 0 88 53
2 0 57 91
.63f4ffc27e328 1 0 58 64
.63f4ffc2c1cd4 4 0 88 45
2 0 55 87
.63f4ffc2d5d7a 1 0 57 64
.63f4ffc312ca8 4 0 88 90
2 0 53 88
.63f4ffc3267aa 1 0 55 64
.63f4ffc35d17d 4 0 88 59
2 0 52 100
.63f4ffc35fd5f 4 0 64 127
4 1 64 127
4 2 64 127
.63f4ffc3648ae 1 0 53 64
.63f4ffc39df0e 1 0 52 64
.63f4ffc3b6b11 4 0 88 18
2 0 50 104
.63f4ffc3bda42 4 0 64 0
4 1 64 0
4 2 64 0
.63f4ffc3bf69a 1 0 49 64
.63f4ffc41cb07 4 0 88 13
2 0 62 99
.63f4ffc46e59b 4 0 88 118
2 0 64 95
.63f4ffc48009b 1 0 62 64
.63f4ffc4a80fb 4 0 64 127
4 1 64 127
4 2 64 127
.63f4ffc4be95a 4 0 88 0
2 0 65 100
.63f4ffc4ccfed 1 0 64 64
.63f4ffc506f9b 4 0 88 35
2 0 57 102
.63f4ffc50ab69 4 0 88 107
2 0 67 96
.63f4ffc50ba09 4 0 64 0
4 1 64 0
4 2 64 0
.63f4ffc51c12b 1 0 65 64
.63f4ffc54c267 4 0 64 127
4 1 64 127
4 2 64 127
.63f4ffc55b89c 4 0 88 60
2 0 65 95
.63f4ffc568612 1 0 67 64
.63f4ffc5729ca 1 0 57 64
.63f4ffc5aac08 4 0 88 74
2 0 57 59
.63f4ffc5b1371 1 0 50 64
.63f4ffc5b475a 4 0 88 85
2 0 53 84
.63f4ffc5b5c17 4 0 88 97
2 0 69 92
4 0 64 0
4 1 64 0
4 2 64 0
.63f4ffc5c02ab 1 0 65 64
.63f4ffc6194e8 4 0 88 107
2 0 67 96
.63f4ffc64573f 1 0 69 64
.63f4ffc6669ab 4 0 88 27
2 0 65 93
.63f4ffc674e87 1 0 67 64
.63f4ffc68e740 4 0 64 127
4 1 64 127
4 2 64 127
.63f4ffc6b0278 4 0 88 100
2 0 69 108
.63f4ffc6ba0a7 1 0 65 64
.63f4ffc6c5517 1 0 53 64
.63f4ffc6e73b4 1 0 57 64
.63f4ffc6f39b4 4 0 88 94
2 0 57 97
.63f4ffc6f7a53 4 0 88 35
2 0 67 102
.63f4ffc6fa1a8 4 0 88 13
2 0 53 85
.63f4ffc7098f3 4 0 64 0
4 1 64 0
4 2 64 0
.63f4ffc740dd2 4 0 88 87
2 0 65 103
.63f4ffc74125e 4 0 64 127
4 1 64 127
4 2 64 127
.63f4ffc744b57 1 0 69 64
.63f4ffc74df4c 1 0 57 64
.63f4ffc7528e1 1 0 67 64
.63f4ffc75abb3 1 0 53 64
.63f4ffc767170 1 0 65 64
.63f4ffc778f79 4 0 88 39
2 0 55 68
.63f4ffc79282e 4 0 88 6
2 0 58 82
.63f4ffc7990fe 4 0 64 0
4 1 64 0
4 2 64 0
.63f4ffc7a71a8 4 0 88 14
2 0 64 94
.63f4ffc80118d 4 0 88 90
2 0 62 88
.63f4ffc812e79 1 0 64 64
.63f4ffc84a767 4 0 88 66
2 0 61 88
.63f4ffc856176 1 0 62 64
.63f4ffc895d31 4 0 88 96
2 0 62 102
.63f4ffc8a53ae 1 0 61 64
.63f4ffc8ac781 4 0 64 127
4 1 64 127
4 2 64 127
.63f4ffc8b8fc0 1 0 58 64
.63f4ffc8dfc65 4 0 88 27
2 0 64 93
.63f4ffc8e4a36 4 0 88 112
2 0 58 96
.63f4ffc8e9b63 1 0 62 64
.63f4ffc8ecfc1 4 0 64 0
4 1 64 0
4 2 64 0
.63f4ffc918e7e 4 0 64 127
4 1 64 127
4 2 64 127
.63f4ffc929196 4 0 88 114
2 0 61 90
.63f4ffc93dbde 1 0 64 64
.63f4ffc947006 1 0 58 64
.63f4ffc948e53 1 0 55 64
.63f4ffc95ca82 1 0 61 64
.63f4ffc96a09d 4 0 88 41
2 0 58 102
.63f4ffc982690 4 0 64 0
4 1 64 0
4 2 64 0
.63f4ffc98963a 4 0 88 85
2 0 62 84
.63f4ffc9995b3 1 0 62 64
.63f4ffc9a1156 4 0 88 80
2 0 61 82
.63f4ffc9b5295 4 0 88 7
2 0 63 95
.63f4ffc9bf6fd 1 0 61 64
.63f4ffc9c1e85 4 0 88 13
2 0 62 99
.63f4ffc9ca255 1 0 63 64
.63f4ffca124d3 4 0 88 37
2 0 57 97
.63f4ffca1ff06 1 0 58 64
.63f4ffca65357 4 0 88 1
2 0 55 86
.63f4ffca7a5b6 1 0 57 64
.63f4ffcab2cad 4 0 88 96
2 0 58 86
.63f4ffcac793e 1 0 55 64
.63f4ffcafdc09 4 0 88 60
2 0 57 95
.63f4ffcb0ab8e 1 0 58 64
.63f4ffcb36f37 4 0 64 127
4 1 64 127
4 2 64 127
.63f4ffcb4ed04 4 0 88 2
2 0 55 95
.63f4ffcb4ff0f 1 0 62 64
.63f4ffcb62da7 1 0 57 64
.63f4ffcb9b801 4 0 88 52
2 0 54 64
.63f4ffcba2b54 1 0 55 64
.63f4ffcbbace7 4 0 64 0
4 1 64 0
4 2 64 0
.63f4ffcbbd8ed 4 0 88 1
2 0 69 86
.63f4ffcbd7645 4 0 88 24
2 0 67 98
.63f4ffcbda18c 1 0 69 64
.63f4ffcbe945c 4 0 88 127
2 0 69 73
.63f4ffcbf9479 1 0 67 64
.63f4ffcc2e8d4 4 0 88 31
2 0 57 109
.63f4ffcc42b03 1 0 54 64
.63f4ffcc80973 4 0 88 116
2 0 55 86
.63f4ffccc69ac 1 0 57 64
.63f4ffccc7d69 4 0 88 7
2 0 54 95
.63f4ffccd9a42 1 0 55 64
.63f4ffcd1c703 4 0 88 72
2 0 52 94
.63f4ffcd25f6e 1 0 54 64
.63f4ffcd6bae4 4 0 88 41
2 0 54 102
.63f4ffcd7241f 4 0 64 127
4 1 64 127
4 2 64 127
.63f4ffcd7cd3b 1 0 52 64
.63f4ffcd7d107 1 0 69 64
.63f4ffcdb696d 4 0 88 48
2 0 55 96
.63f4ffcdc50fc 1 0 54 64
.63f4ffcdc74f2 4 0 64 0
4 1 64 0
4 2 64 0
.63f4ffcdcf5e0 4 0 88 48
2 0 72 96
.63f4ffcdee51c 4 0 88 57
2 0 70 94
.63f4ffcdf96c1 1 0 72 64
.63f4ffce05e95 4 0 88 118
2 0 72 95
.63f4ffce1e1ab 1 0 70 64
.63f4ffce44dff 4 0 88 88
2 0 54 98
.63f4ffce537ab 1 0 55 64
.63f4ffce9898b 4 0 88 2
2 0 55 95
.63f4ffcea907c 1 0 54 64
.63f4ffcee8277 4 0 88 33
2 0 58 93
.63f4ffcef8240 1 0 55 64
.63f4ffcf36426 4 0 88 60
2 0 57 95
.63f4ffcf439d0 1 0 58 64
.63f4ffcf87cb3 4 0 88 0
2 0 55 100
.63f4ffcf9646d 4 0 64 127
4 1 64 127
4 2 64 127
.63f4ffcf9a92f 1 0 57 64
.63f4ffcfd6b1c 4 0 88 103
2 0 53 87
.63f4ffcfd6fe7 4 0 88 83
2 0 54 51
.63f4ffcfd77fc 1 0 55 64
.63f4ffcfdc7b3 4 0 64 0
4 1 64 0
4 2 64 0
.63f4ffcfe7f11 1 0 54 64
.63f4ffcfeab28 4 0 88 71
2 0 74 99
.63f4ffcff7d7a 1 0 72 64
.63f4ffd0408e9 4 0 88 59
2 0 52 100
.63f4ffd04a6a9 1 0 53 64
.63f4ffd09229f 4 0 88 96
2 0 53 102
.63f4ffd0a95cf 1 0 52 64
.63f4ffd0e3843 4 0 88 39
2 0 57 92
.63f4ffd0f2552 1 0 53 64
.63f4ffd133557 4 0 88 83
2 0 55 98
.63f4ffd146d24 1 0 57 64
.63f4ffd17a0b5 1 0 74 64
.63f4ffd17f7a2 4 0 64 127
4 1 64 127
4 2 64 127
.63f4ffd181b9c 4 0 88 117
2 0 53 100
.63f4ffd195712 1 0 55 64
.63f4ffd1cc866 4 0 88 14
2 0 51 89
.63f4ffd1cf942 1 0 53 64
.63f4ffd1d9dcb 4 0 88 28
2 0 79 59
.63f4ffd1da642 4 0 64 0
4 1 64 0
4 2 64 0
.63f4ffd1ee9c9 4 0 88 13
2 0 77 99
.63f4ffd1f7a9d 1 0 79 64
.63f4ffd208f88 4 0 88 117
2 0 79 100
.63f4ffd21731a 1 0 77 64
.63f4ffd25d099 4 0 88 105
2 0 50 101
.63f4ffd26b65c 1 0 51 64
.63f4ffd2b1b88 4 0 88 97
2 0 53 92
.63f4ffd2c7eef 1 0 50 64
.63f4ffd30a5ae 4 0 88 10
2 0 51 92
.63f4ffd31c9d3 1 0 53 64
.63f4ffd358285 4 0 88 39
2 0 50 92
.63f4ffd362853 1 0 51 64
.63f4ffd3a3a42 4 0 88 34
2 0 51 96
.63f4ffd3b2e44 1 0 50 64
.63f4ffd3bad9c 4 0 64 127
4 1 64 127
4 2 64 127
.63f4ffd3ee657 4 0 88 80
2 0 49 82
.63f4ffd3f8220 4 0 88 86
2 0 48 46
.63f4ffd3f853c 1 0 51 64
.63f4ffd401355 4 0 64 0
4 1 64 0
4 2 64 0
.63f4ffd40252f 4 0 88 72
2 0 81 94
.63f4ffd406f5b 1 0 48 64
.63f4ffd40df31 1 0 79 64
.63f4ffd46686d 4 0 88 117
2 0 77 100
.63f4ffd47969e 1 0 81 64
.63f4ffd4b824f 4 0 88 97
2 0 79 92
.63f4ffd4c410e 1 0 77 64
.63f4ffd4fab38 4 0 88 18
2 0 81 104
.63f4ffd5087e5 1 0 79 64
.63f4ffd5178b3 4 0 64 127
4 1 64 127
4 2 64 127
.63f4ffd54f872 4 0 88 14
2 0 79 94
.63f4ffd556bb1 4 0 88 50
2 0 52 107
.63f4ffd55afe9 4 0 64 0
4 1 64 0
4 2 64 0
.63f4ffd567b11 1 0 49 64
.63f4ffd56996e 1 0 81 64
.63f4ffd5a5ab5 4 0 88 71
2 0 77 99
.63f4ffd5b53ed 1 0 79 64
.63f4ffd611fcd 4 0 88 27
2 0 79 93
.63f4ffd612638 4 0 88 97
2 0 50 92
.63f4ffd617304 1 0 77 64
.63f4ffd623976 1 0 52 64
.63f4ffd67c0b5 4 0 88 18
2 0 77 104
.63f4ffd688f46 1 0 79 64
.63f4ffd6cbea6 4 0 88 48
2 0 76 96
.63f4ffd6d877c 1 0 77 64
.63f4ffd71b250 4 0 88 118
2 0 79 95
.63f4ffd7220aa 1 0 76 64
.63f4ffd7702d3 4 0 88 96
2 0 77 102
.63f4ffd771a08 4 0 88 27
2 0 48 103
.63f4ffd77e9f4 1 0 50 64
.63f4ffd784a6b 1 0 79 64
.63f4ffd7cafed 4 0 88 50
2 0 76 107
.63f4ffd7d9be5 4 0 64 127
4 1 64 127
4 2 64 127
.63f4ffd7da8bc 1 0 77 64
.63f4ffd7e8d6b 1 0 76 64
.63f4ffd80e320 4 0 88 76
2 0 46 68
.63f4ffd81871c 1 0 48 64
.63f4ffd8304de 4 0 88 65
2 0 81 90
.63f4ffd8376b4 4 0 64 0
4 1 64 0
4 2 64 0
.63f4ffd8591ac 4 0 88 72
2 0 79 94
.63f4ffd85a131 1 0 81 64
.63f4ffd86c929 1 0 79 64
.63f4ffd86ce55 4 0 88 45
2 0 81 87
.63f4ffd87e770 4 0 88 96
2 0 79 102
.63f4ffd88052d 1 0 81 64
.63f4ffd892c34 4 0 88 0
2 0 81 106
.63f4ffd89e881 1 0 79 64
.63f4ffd8e91a3 4 0 88 13
2 0 74 99
.63f4ffd9385f6 4 0 88 119
2 0 73 87
.63f4ffd9498f1 1 0 74 64
.63f4ffd98cbd8 4 0 88 0
2 0 76 100
.63f4ffd992f48 1 0 73 64
.63f4ffd9c5f00 4 0 64 127
4 1 64 127
4 2 64 127
.63f4ffd9cc37c 1 0 46 64
.63f4ffd9d0fbc 1 0 81 64
.63f4ffd9dbf3b 4 0 88 43
2 0 46 87
.63f4ffd9dc292 1 0 76 64
.63f4ffd9dd8c8 4 0 88 2
2 0 74 95
.63f4ffd9de972 4 0 88 59
2 0 81 100
.63f4ffd9e040b 4 0 64 0
4 1 64 0
4 2 64 0
.63f4ffd9ecee4 4 0 88 79
2 0 45 21
.63f4ffd9fdeb8 1 0 45 64
.63f4ffda4003d 4 0 88 108
2 0 73 93
.63f4ffda4bf2e 1 0 74 64
.63f4ffda586d2 4 0 64 127
4 1 64 127
4 2 64 127
.63f4ffdaa43f0 4 0 88 48
2 0 74 96
.63f4ffdaa48f8 4 0 64 0
4 1 64 0
4 2 64 0
.63f4ffdaa982c 4 0 88 48
2 0 45 96
.63f4ffdaac925 1 0 73 64
.63f4ffdab6400 1 0 46 64
.63f4ffdb030fd 1 0 81 64
.63f4ffdb150cc 4 0 88 103
2 0 79 87
.63f4ffdb30a38 1 0 74 64
.63f4ffdb72126 4 0 88 8
2 0 77 105
.63f4ffdb8002a 1 0 79 64
.63f4ffdbbfdf1 4 0 88 84
2 0 76 93
.63f4ffdbd1a38 1 0 77 64
.63f4ffdc1c9c9 4 0 88 71
2 0 74 99
.63f4ffdc2795e 1 0 76 64
.63f4ffdc6773c 4 0 88 87
2 0 77 103
.63f4ffdc76892 4 0 64 127
4 1 64 127
4 2 64 127
.63f4ffdc7bb6a 1 0 74 64
.63f4ffdc8d8ba 1 0 45 64
.63f4ffdcbdffa 4 0 88 97
2 0 45 65
.63f4ffdccb70d 4 0 64 0
4 1 64 0
4 2 64 0
.63f4ffdccff94 4 0 88 96
2 0 73 86
.63f4ffdd3985c 4 0 88 117
2 0 76 100
.63f4ffdd458b7 1 0 73 64
.63f4ffdd89b8e 4 0 88 14
2 0 74 94
.63f4ffdd9e266 1 0 76 64
.63f4ffddd4bd2 4 0 88 25
2 0 73 83
.63f4ffdde7018 1 0 74 64
.63f4ffde23d7a 4 0 88 27
2 0 71 103
.63f4ffde2bab3 1 0 73 64
.63f4ffde6ef56 4 0 88 35
2 0 74 102
.63f4ffde7df1d 1 0 77 64
.63f4ffde82ee9 4 0 64 127
4 1 64 127
4 2 64 127
.63f4ffde85098 1 0 71 64
.63f4ffdea16ce 1 0 45 64
.63f4ffdec5c70 4 0 88 82
2 0 45 80
.63f4ffdec935f 4 0 64 0
4 1 64 0
4 2 64 0
.63f4ffdecba40 4 0 88 23
2 0 68 107
.63f4ffdecfa03 1 0 74 64
.63f4ffdf2e616 4 0 88 104
2 0 71 71
.63f4ffdf7cf20 4 0 88 39
2 0 69 92
.63f4ffdf85a7e 1 0 68 64
.63f4ffdfa3be8 1 0 71 64
.63f4ffdfc7259 4 0 88 57
2 0 68 94
.63f4ffdfcdfff 4 0 64 127
4 1 64 127
4 2 64 127
.63f4ffdfd3a11 1 0 69 64
.63f4ffe00f735 4 0 88 14
2 0 69 94
.63f4ffe0173d1 4 0 64 0
4 1 64 0
4 2 64 0
.63f4ffe01e9a5 1 0 68 64
.63f4ffe04c081 4 0 64 127
4 1 64 127
4 2 64 127
.63f4ffe05be51 4 0 88 80
2 0 73 82
.63f4ffe07ea3f 1 0 69 64
.63f4ffe08378d 1 0 45 64
.63f4ffe0acb65 4 0 64 0
4 1 64 0
4 2 64 0
.63f4ffe0ae341 4 0 88 53
2 0 77 91
.63f4ffe0b20a3 4 0 88 13
2 0 45 85
.63f4ffe0bc207 1 0 73 64
.63f4ffe10bc37 4 0 88 90
2 0 71 88
.63f4ffe156768 4 0 88 45
2 0 69 87
.63f4ffe163d91 1 0 71 64
.63f4ffe173f8b 4 0 64 127
4 1 64 127
4 2 64 127
.63f4ffe1a8b65 4 0 64 0
4 1 64 0
4 2 64 0
.63f4ffe1ac61f 4 0 88 97
2 0 72 92
.63f4ffe1b5946 1 0 69 64
.63f4ffe1da865 4 0 64 127
4 1 64 127
4 2 64 127
.63f4ffe202e8d 4 0 88 45
2 0 71 87
.63f4ffe20c2cd 1 0 72 64
.63f4ffe21afb3 4 0 64 0
4 1 64 0
4 2 64 0
.63f4ffe25a60f 4 0 88 48
2 0 69 96
.63f4ffe266dfd 1 0 71 64
.63f4ffe26a177 4 0 64 127
4 1 64 127
4 2 64 127
.63f4ffe26a504 1 0 77 64
.63f4ffe28fb99 1 0 45 64
.63f4ffe2ac08f 4 0 88 40
2 0 68 80
.63f4ffe2af601 1 0 69 64
.63f4ffe2b1ea9 4 0 88 71
2 0 76 99
.63f4ffe2b6582 4 0 64 0
4 1 64 0
4 2 64 0
.63f4ffe2b9f98 4 0 88 45
2 0 45 87
.63f4ffe3183af 4 0 88 72
2 0 73 85
.63f4ffe32322e 1 0 68 64
.63f4ffe3664be 4 0 88 6
2 0 70 82
.63f4ffe37998a 1 0 73 64
.63f4ffe3b3b5d 4 0 88 103
2 0 69 87
.63f4ffe3bf113 1 0 70 64
.63f4ffe3c0ef1 4 0 64 127
4 1 64 127
4 2 64 127
.63f4ffe3f83f1 1 0 76 64
.63f4ffe404562 4 0 64 0
4 1 64 0
4 2 64 0
.63f4ffe406ea4 4 0 88 73
2 0 70 78
.63f4ffe40a952 4 0 88 95
2 0 74 79
.63f4ffe415303 1 0 69 64
.63f4ffe4588bb 4 0 88 83
2 0 67 98
.63f4ffe45eee9 1 0 70 64
.63f4ffe46211d 4 0 64 127
4 1 64 127
4 2 64 127
.63f4ffe475150 1 0 74 64
.63f4ffe490e5b 1 0 45 64
.63f4ffe4b0b53 1 0 67 64
.63f4ffe4b4082 4 0 64 0
4 1 64 0
4 2 64 0
.63f4ffe4b552f 4 0 88 45
2 0 76 87
.63f4ffe4b5b16 4 0 88 122
2 0 45 77
.63f4ffe4b68f9 4 0 88 70
2 0 69 85
.63f4ffe519fa7 1 0 69 64
.63f4ffe51c343 4 0 88 114
2 0 70 90
.63f4ffe5734de 4 0 88 24
2 0 67 80
.63f4ffe598a6e 1 0 76 64
.63f4ffe59cdb4 1 0 70 64
.63f4ffe5c6628 4 0 88 116
2 0 65 86
.63f4ffe5d99cc 1 0 67 64
.63f4ffe5dbfd6 4 0 64 127
4 1 64 127
4 2 64 127
.63f4ffe5f54a3 1 0 45 64
.63f4ffe61eac6 4 0 88 127
2 0 45 61
4 0 88 127
2 0 74 73
.63f4ffe61f5e2 4 0 64 0
4 1 64 0
4 2 64 0
.63f4ffe6243b2 1 0 65 64
.63f4ffe62616f 4 0 88 60
2 0 69 95
.63f4ffe67afd1 4 0 88 116
2 0 64 86
.63f4ffe68c069 1 0 69 64
.63f4ffe6dc6f3 4 0 88 53
2 0 65 91
.63f4ffe6ea56b 1 0 64 64
.63f4ffe73d55d 4 0 88 14
2 0 69 94
.63f4ffe745948 1 0 65 64
.63f4ffe78ede3 4 0 88 24
2 0 65 80
.63f4ffe79bd8c 1 0 74 64
.63f4ffe7dcc34 4 0 64 127
4 1 64 127
4 2 64 127
.63f4ffe7e2c9c 4 0 88 97
2 0 62 92
.63f4ffe7ec2a4 1 0 65 64
.63f4ffe7f49fc 1 0 69 64
.63f4ffe815ef3 1 0 45 64
.63f4ffe83631a 4 0 88 100
2 0 70 83
.63f4ffe837890 4 0 64 0
4 1 64 0
4 2 64 0
.63f4ffe83b831 1 0 62 64
.63f4ffe840ed3 4 0 88 64
2 0 64 70
4 0 88 64
2 0 45 70
.63f4ffe8967e9 4 0 88 48
2 0 61 84
.63f4ffe8a2ad5 1 0 64 64
.63f4ffe8f1937 4 0 88 7
2 0 62 90
.63f4ffe8ff6d7 1 0 61 64
.63f4ffe955362 4 0 88 116
2 0 65 86
.63f4ffe95d3af 1 0 62 64
.63f4ffe97cd45 4 0 64 127
4 1 64 127
4 2 64 127
.63f4ffe9a5d74 4 0 64 0
4 1 64 0
4 2 64 0
.63f4ffe9aba9a 4 0 64 127
4 1 64 127
4 2 64 127
.63f4ffe9b4168 4 0 88 82
2 0 62 80
.63f4ffe9c7158 1 0 70 64
.63f4ffea24f8a 4 0 88 78
2 0 59 89
.63f4ffea28a1a 1 0 62 64
.63f4ffea3dc9f 1 0 65 64
.63f4ffea623db 1 0 45 64
.63f4ffea91ed3 1 0 59 64
.63f4ffeaa60e1 4 0 88 39
2 0 71 75
.63f4ffeaa6a68 4 0 88 28
2 0 62 84
.63f4ffeaa7416 4 0 88 53
2 0 56 77
.63f4ffeaa75d8 4 0 88 47
2 0 45 71
.63f4ffeaa7a99 4 0 64 0
4 1 64 0
4 2 64 0
.63f4ffeb401e4 4 0 88 118
2 0 65 95
.63f4ffeb70542 1 0 62 64
.63f4ffeb89518 4 0 64 127
4 1 64 127
4 2 64 127
.63f4ffeba4b56 1 0 56 64
.63f4ffebadd48 1 0 45 64
.63f4ffebd33de 1 0 65 64
.63f4ffebf0d02 4 0 88 70
2 0 45 85
.63f4ffebf4446 4 0 88 2
2 0 57 95
.63f4ffebfb8f2 4 0 64 0
4 1 64 0
4 2 64 0
.63f4ffebfefc2 4 0 88 83
2 0 65 98
.63f4ffec8f141 4 0 88 41
2 0 64 83
.63f4ffeca00a1 1 0 65 64
.63f4ffecbd638 4 0 88 116
2 0 62 86
.63f4ffecc3544 1 0 64 64
.63f4ffece49b1 4 0 88 20
2 0 64 89
.63f4ffed18b72 4 0 88 59
2 0 65 100
.63f4ffed24ee9 1 0 64 64
.63f4ffed5869f 4 0 88 14
2 0 64 94
.63f4ffed62bc7 1 0 65 64
.63f4ffed7eb7c 4 0 88 68
2 0 65 81
.63f4ffed827b9 1 0 64 64
.63f4ffed9c066 4 0 88 8
2 0 64 70
.63f4ffeda1859 1 0 65 64
.63f4ffedb389e 4 0 88 55
2 0 65 82
.63f4ffedb9add 1 0 64 64
.63f4ffedc5e06 4 0 88 84
2 0 64 93
.63f4ffedd4939 1 0 65 64
.63f4ffeddec4d 4 0 88 103
2 0 65 87
.63f4ffede059d 1 0 64 64
.63f4ffeded496 4 0 88 7
2 0 64 90
.63f4ffedee4e6 1 0 65 64
.63f4ffee06dc4 1 0 62 64
.63f4ffee445db 4 0 88 72
2 0 62 94
.63f4ffee4dec6 1 0 64 64
.63f4ffee92a75 4 0 88 116
2 0 64 86
.63f4ffeea7e95 1 0 62 64
.63f4ffeeff64e 4 0 88 11
2 0 65 81
.63f4ffef1b763 1 0 64 64
.63f4ffef7611a 4 0 88 39
2 0 62 68
.63f4ffeffb1ac 4 0 88 93
2 0 61 71
.63f4fff00d841 1 0 62 64
.63f4fff096790 4 0 88 78
2 0 62 76
.63f4fff0a32be 1 0 61 64
.63f4fff0b5b23 4 0 64 127
4 1 64 127
4 2 64 127
.63f4fff0f49f9 1 0 62 64
.63f4fff12937a 4 0 88 109
2 0 59 78
.63f4fff20bbfb 1 0 71 64
.63f4fff219d1e 1 0 65 64
.63f4fff285e04 1 0 45 64
.63f4fff358502 4 0 88 49
2 0 46 62
.63f4fff364f2a 1 0 57 64
.63f4fff36c158 4 0 64 0
4 1 64 0
4 2 64 0
.63f4fff375fed 4 0 88 33
2 0 61 76
.63f4fff383068 1 0 59 64
.63f4fff3a4821 4 0 88 41
2 0 64 83
.63f4fff3e6e34 4 0 88 24
2 0 69 80
.63f4fff507d9b 4 0 88 119
2 0 65 70
.63f4fff51c498 1 0 64 64
.63f4fff532384 4 0 64 127
4 1 64 127
4 2 64 127
.63f4fff5453ce 1 0 61 64
.63f4fff5978a8 4 0 88 2
2 0 43 47
.63f4fff59e999 1 0 46 64
.63f4fff5b6105 4 0 64 0
4 1 64 0
4 2 64 0
.63f4fff5c5fe6 4 0 88 14
2 0 63 69
.63f4fff673817 4 0 88 109
2 0 62 78
.63f4fff6874aa 1 0 63 64
.63f4fff6dfb88 4 0 88 58
2 0 60 86
.63f4fff6e8da2 1 0 62 64
.63f4fff740ef9 4 0 88 125
2 0 62 81
.63f4fff75403c 1 0 60 64
.63f4fff7c0039 4 0 88 43
2 0 63 52
.63f4fff7cfc92 1 0 65 64
.63f4fff7d03a2 1 0 62 64
.63f4fff7fd289 4 0 64 127
4 1 64 127
4 2 64 127
.63f4fff8698a0 4 0 64 0
4 1 64 0
4 2 64 0
.63f4fff8701d2 4 0 88 8
2 0 60 77
.63f4fff89b60a 4 0 64 127
4 1 64 127
4 2 64 127
.63f4fff8c9046 1 0 69 64
.63f4fff8ec5a8 1 0 60 64
.63f4fff9090f7 1 0 43 64
.63f4fff93b370 4 0 88 86
2 0 43 46
.63f4fff93f646 4 0 64 0
4 1 64 0
4 2 64 0
.63f4fff9441c5 4 0 88 79
2 0 58 59
.63f4fff982d9b 4 0 64 127
4 1 64 127
4 2 64 127
.63f4fff9e0975 4 0 64 0
4 1 64 0
4 2 64 0
.63f4fff9e5bf5 4 0 88 24
2 0 57 80
.63f4fff9ea736 1 0 58 64
.63f4fffa74b83 4 0 88 123
2 0 58 48
.63f4fffa8bfa4 1 0 63 64
.63f4fffb11462 4 0 88 74
2 0 63 55
.63f4fffb1dd58 1 0 57 64
.63f4fffbc5983 4 0 88 84
2 0 67 63
.63f4fffbf0003 4 0 64 127
4 1 64 127
4 2 64 127
.63f4fffc08128 1 0 58 64
.63f4fffc5a34c 1 0 63 64
.63f4fffc673ec 1 0 67 64
.63f4fffcb6a9e 4 0 88 33
2 0 70 76
.63f4fffef1e13 1 0 43 64
.63f4ffff2af1a 1 0 70 64
.63f4ffff5716d 4 0 88 114
2 0 70 90
.63f4ffff79633 1 0 70 64
.63f4ffff85630 4 0 88 53
2 0 55 91
.63f4ffff871e0 4 0 88 125
2 0 51 84
.63f4ffff8825d 4 0 64 0
4 1 64 0
4 2 64 0
4 0 88 114
2 0 70 80
.63f4ffff89c1d 4 0 88 78
2 0 43 89
.63f4ffff8a68a 4 0 88 95
2 0 67 79
4 0 88 66
2 0 58 74
.63f4ffff8d19e 4 0 88 2
2 0 63 56
.63f50000464ac 1 0 63 64
.63f50000467ca 4 0 64 127
4 1 64 127
4 2 64 127
.63f500005ed92 4 0 88 46
2 0 63 57
.63f5000096823 1 0 67 64
.63f50000b1f0e 1 0 58 64
.63f50000c02bd 1 0 63 64
.63f50000ec3ec 4 0 88 7
2 0 62 90
.63f5000110a8a 4 0 64 0
4 1 64 0
4 2 64 0
.63f5000130e3f 4 0 64 127
4 1 64 127
4 2 64 127
.63f50001546a6 4 0 88 85
2 0 63 92
.63f500015dd37 1 0 62 64
.63f500017a3d2 1 0 43 64
.63f50001896a3 4 0 88 92
2 0 60 109
.63f500019885e 1 0 63 64
.63f50001b59de 1 0 55 64
.63f50001c9299 1 0 70 64
.63f50001dd552 4 0 88 50
2 0 45 54
.63f50001e694a 1 0 51 64
.63f50001ecc14 4 0 88 13
2 0 57 85
.63f50001f93bd 1 0 60 64
.63f50002010d8 4 0 64 0
4 1 64 0
4 2 64 0
4 0 88 78
2 0 62 76
.63f50002031e0 4 0 88 122
2 0 69 77
.63f5000277639 4 0 88 13
2 0 64 85
.63f500028787e 1 0 62 64
.63f50002ef59e 4 0 88 95
2 0 65 79
.63f50002f5f65 1 0 64 64
.63f5000362461 1 0 57 64
.63f5000372fb8 4 0 88 24
2 0 62 80
.63f50004071ac 4 0 88 95
2 0 57 79
.63f500040bcf9 1 0 62 64
.63f500049c8d1 4 0 88 23
2 0 62 76
.63f500053619c 4 0 88 53
2 0 53 62
.63f5000538741 1 0 57 64
.63f500054fae7 4 0 64 127
4 1 64 127
4 2 64 127
.63f50005f4325 4 0 88 110
2 0 57 42
.63f50006aa52e 4 0 88 74
2 0 50 59
.63f50006b7a87 1 0 53 64
.63f5000714cab 1 0 45 64
.63f5000773991 4 0 64 0
4 1 64 0
4 2 64 0
.63f5000778095 4 0 88 28
2 0 52 59
.63f500077998f 4 0 88 67
2 0 45 50
.63f500077ec90 1 0 50 64
.63f500080ee4e 4 0 64 127
4 1 64 127
4 2 64 127
.63f500085bd9e 4 0 88 127
2 0 55 48
.63f5000860dff 4 0 64 0
4 1 64 0
4 2 64 0
.63f50008d6712 1 0 62 64
.63f50008d90d2 4 0 64 127
4 1 64 127
4 2 64 127
.63f50009466b5 4 0 88 73
2 0 62 52
.63f5000954233 4 0 64 0
4 1 64 0
4 2 64 0
.63f50009a7c51 1 0 65 64
.63f50009b1e82 4 0 64 127
4 1 64 127
4 2 64 127
.63f50009e57f1 1 0 62 64
.63f5000a349bb 4 0 88 97
2 0 62 43
.63f5000a47fdc 1 0 62 64
.63f5000a562ce 4 0 88 58
2 0 61 61
.63f5000a64a2a 4 0 64 0
4 1 64 0
4 2 64 0
.63f5000a69bee 4 0 88 39
2 0 62 75
.63f5000a72743 1 0 61 64
.63f5000a84911 4 0 88 109
2 0 61 46
.63f5000a8ac95 1 0 62 64
.63f5000b7ddf8 4 0 64 127
4 1 64 127
4 2 64 127
.63f5000bb0215 1 0 69 64
.63f5000bbf6fb 1 0 55 64
.63f5000bc09d4 1 0 52 64
.63f5000bc3717 1 0 45 64
.63f5000bf1be9 1 0 57 64
.63f5000c00a43 1 0 61 64
.63f5000dcf301 4 0 88 103
2 0 38 48
.63f5000dd5298 4 0 88 54
2 0 50 42
.63f5000dd83f2 4 0 88 93
2 0 48 47
.63f5000de5340 4 0 64 0
4 1 64 0
4 2 64 0
.63f5000de9549 4 0 88 122
2 0 62 77
.63f5000dedbaf 4 0 88 11
2 0 57 81
.63f5000df021c 4 0 88 24
2 0 53 57
.63f5000e03c94 1 0 48 64
.63f5000e8d7d4 4 0 88 48
2 0 58 84
.63f5000e8de50 4 0 88 45
2 0 55 87
.63f5000e92fb9 1 0 57 64
.63f5000e9605d 1 0 53 64
.63f5000ec9be1 4 0 64 127
4 1 64 127
4 2 64 127
.63f5000f09a21 1 0 58 64
.63f5000f260b4 4 0 88 20
2 0 57 89
.63f5000f2b93a 4 0 88 53
2 0 60 91
.63f5000f30514 4 0 64 0
4 1 64 0
4 2 64 0
.63f5000f30856 1 0 55 64
.63f5000fd367a 4 0 88 89
2 0 58 54
4 0 88 28
2 0 55 53
.63f5000fdde0a 1 0 60 64
.63f5000fe45b2 1 0 57 64
.63f500108ba07 1 0 58 64
.63f50010908e4 4 0 88 112
2 0 53 56
.63f5001097660 4 0 88 49
2 0 58 62
.63f5001098fe8 1 0 55 64
.63f50010a2aa0 1 0 58 64
.63f50010ae271 4 0 88 42
2 0 57 40
.63f50011571ee 4 0 64 127
4 1 64 127
4 2 64 127
.63f5001178d67 1 0 53 64
.63f50011af166 4 0 88 99
2 0 55 52
.63f50011b4db0 4 0 64 0
4 1 64 0
4 2 64 0
.63f50011b70b4 4 0 88 48
2 0 52 34
.63f50011cfd3a 1 0 57 64
.63f50012b6b8e 4 0 64 127
4 1 64 127
4 2 64 127
.63f50013389d7 1 0 50 64
.63f5001340299 1 0 55 64
.63f5001344d21 1 0 38 64
.63f500136fced 4 0 88 28
2 0 38 84
.63f500137944a 1 0 62 64
.63f500137b061 1 0 52 64
.63f50013916c6 4 0 88 7
2 0 45 90
.63f500139b3d7 4 0 64 0
4 1 64 0
4 2 64 0
.63f50013a6ab6 4 0 88 45
2 0 60 37
.63f50013a99dd 4 0 88 91
2 0 48 55
.63f50013a9e0c 4 0 88 84
2 0 50 63
.63f50013bfdb8 1 0 48 64
.63f50013c836b 4 0 88 26
2 0 54 48
.63f50013de0bc 1 0 60 64
.63f50013f8ae8 4 0 88 33
2 0 57 88
.63f500145ee70 4 0 88 63
2 0 62 64
.63f500185847e 4 0 64 127
4 1 64 127
4 2 64 127
.63f500187eb34 1 0 45 64
.63f500188fb29 1 0 54 64
.63f5001890b5c 1 0 50 64
.63f5001893345 1 0 62 64
.63f5001894572 1 0 38 64
.63f500189749e 1 0 57 64
.63f5001f5de1b 4 0 88 19
2 0 50 15
.63f50020ca445 4 0 88 0
2 0 52 43
.63f50020d75c3 1 0 50 64
.63f500212b4d2 4 0 64 0
4 1 64 0
4 2 64 0
.63f500213fa8d 4 0 88 17
2 0 53 50
.63f5002146c6d 1 0 52 64
.63f5002154549 4 0 64 127
4 1 64 127
4 2 64 127
.63f5002179870 1 0 53 64
.63f500221b275 4 0 88 23
2 0 53 49
.63f500223011b 4 0 64 0
4 1 64 0
4 2 64 0
.63f5002245554 4 0 88 66
2 0 55 58
.63f5002252404 1 0 53 64
.63f5002277891 4 0 88 68
2 0 57 51
.63f500227d1f4 1 0 55 64
.63f50022e5bd7 4 0 64 127
4 1 64 127
4 2 64 127
.63f50022f45d6 4 0 64 0
4 1 64 0
4 2 64 0
.63f50022f7420 4 0 64 127
4 1 64 127
4 2 64 127
.63f50022fd2b2 1 0 57 64
.63f50023a9fda 4 0 88 118
2 0 53 64
.63f50023f0610 4 0 64 0
4 1 64 0
4 2 64 0
.63f500240f2a7 4 0 88 21
2 0 55 55
.63f500241905d 1 0 53 64
.63f500243c896 4 0 64 127
4 1 64 127
4 2 64 127
.63f5002460337 1 0 55 64
.63f50024de671 4 0 88 15
2 0 55 73
.63f50024ef41b 4 0 64 0
4 1 64 0
4 2 64 0
.63f50024fef48 1 0 55 64
.63f5002501dac 4 0 88 119
2 0 57 70
.63f5002536246 4 0 88 127
2 0 58 60
.63f50025432cc 1 0 57 64
.63f5002642125 4 0 88 84
2 0 55 63
.63f500264fe26 1 0 58 64
.63f50026a50b2 4 0 88 95
2 0 57 75
.63f50026b9211 1 0 55 64
.63f50026e15df 4 0 64 127
4 1 64 127
4 2 64 127
.63f50026ea73c 1 0 57 64
.63f500277b85e 4 0 88 23
2 0 57 76
.63f500279709a 4 0 64 0
4 1 64 0
4 2 64 0
.63f50027a2bc3 4 0 88 21
2 0 58 70
.63f50027b5038 1 0 57 64
.63f50027d38e2 4 0 88 98
2 0 60 83
.63f50027daaef 1 0 58 64
.63f50028c2f1a 4 0 88 74
2 0 57 59
.63f50028c6ff1 1 0 60 64
.63f500292ace6 4 0 88 88
2 0 58 50
.63f5002943bfa 1 0 57 64
.63f500295d2dc 4 0 64 127
4 1 64 127
4 2 64 127
.63f50029716a8 1 0 58 64
.63f5002a0ca4e 4 0 88 107
2 0 58 76
.63f5002a15cd0 4 0 64 0
4 1 64 0
4 2 64 0
.63f5002a79ab3 4 0 88 59
2 0 62 67
.63f5002ae9452 4 0 88 111
2 0 64 58
.63f5002aff03a 1 0 62 64
.63f5002bc2fd8 4 0 88 106
2 0 62 62
.63f5002bcb90c 1 0 58 64
.63f5002c1a998 1 0 64 64
.63f5002c2237e 4 0 64 127
4 1 64 127
4 2 64 127
.63f5002c97743 4 0 64 0
4 1 64 0
4 2 64 0
.63f5002c97c1e 4 0 88 122
2 0 64 77
.63f5002c9ced8 4 0 88 60
2 0 61 81
.63f5002c9ef97 1 0 62 64
.63f5002cc20f6 4 0 88 117
2 0 65 100
.63f5002ccad28 1 0 64 64
.63f5002cf506c 4 0 88 45
2 0 67 87
.63f5002cfef5e 1 0 65 64
.63f5002d77df1 4 0 88 94
2 0 64 51
.63f5002d87045 1 0 61 64
.63f5002dcb1f6 4 0 64 127
4 1 64 127
4 2 64 127
.63f5002dceb1e 1 0 64 64
.63f5002de1f22 4 0 88 41
2 0 64 83
.63f5002def286 1 0 67 64
.63f5002e44bb6 4 0 88 36
2 0 62 56
.63f5002e461bf 4 0 64 0
4 1 64 0
4 2 64 0
.63f5002e48b16 4 0 88 24
2 0 65 66
.63f5002e552fd 1 0 64 64
.63f5002ea101e 4 0 64 127
4 1 64 127
4 2 64 127
.63f5002eb1764 1 0 65 64
.63f5002f2aae4 4 0 64 0
4 1 64 0
4 2 64 0
.63f5002f30300 4 0 88 90
2 0 65 88
.63f5002f34a05 4 0 88 117
2 0 64 43
.63f5002f3dc3d 4 0 88 60
2 0 62 34
.63f5002f4fcaa 1 0 62 64
1 0 62 64
.63f5002f576b6 4 0 88 48
2 0 67 96
.63f5002f66318 1 0 65 64
.63f5002f8c627 4 0 88 97
2 0 69 92
.63f5002f9c24a 1 0 67 64
.63f5002fef044 4 0 64 127
4 1 64 127
4 2 64 127
.63f5002ff1fc8 1 0 64 64
.63f500302312b 4 0 88 97
2 0 64 65
.63f5003023b84 4 0 88 44
2 0 65 65
.63f500304b7b8 1 0 65 64
.63f5003072dc2 4 0 64 0
4 1 64 0
4 2 64 0
.63f5003081358 4 0 88 65
2 0 65 90
.63f500308a49c 4 0 64 127
4 1 64 127
4 2 64 127
.63f500308e121 1 0 69 64
.63f50030ec760 4 0 88 53
2 0 67 91
.63f50030edec4 4 0 64 0
4 1 64 0
4 2 64 0
1 0 65 64
.63f500312b75f 4 0 64 127
4 1 64 127
4 2 64 127
.63f5003146f99 1 0 67 64
.63f500316d63b 1 0 64 64
.63f50031a7bc8 4 0 88 120
2 0 64 49
.63f50031ade2f 4 0 88 60
2 0 67 95
.63f50031b8193 4 0 64 0
4 1 64 0
4 2 64 0
.63f50031d460e 4 0 88 48
2 0 69 96
.63f50031dd264 1 0 67 64
.63f5003204588 4 0 88 25
2 0 70 83
.63f500321088e 1 0 69 64
.63f5003281d41 4 0 88 50
2 0 61 50
.63f5003284da3 1 0 64 64
.63f50032eb673 4 0 88 37
2 0 69 97
.63f50032f7271 1 0 70 64
.63f500335255f 4 0 88 32
2 0 57 63
.63f5003352d0d 4 0 88 55
2 0 67 82
.63f500335d022 1 0 69 64
.63f5003365caf 1 0 61 64
.63f500339eb2e 4 0 88 21
2 0 59 55
.63f50033b485f 4 0 88 33
2 0 70 72
.63f50033c14a3 1 0 67 64
.63f50033c21bd 1 0 59 64
.63f5003410c0a 4 0 64 127
4 1 64 127
4 2 64 127
.63f500342ea31 4 0 88 94
2 0 62 51
4 0 88 68
2 0 69 81
.63f5003439c7e 4 0 64 0
4 1 64 0
4 2 64 0
.63f500343ba26 1 0 70 64
.63f5003443cbd 1 0 57 64
.63f50034b30b9 4 0 88 51
2 0 67 78
.63f50034c47c0 1 0 69 64
.63f50035135ba 4 0 88 122
2 0 65 77
.63f5003519226 1 0 67 64
.63f50035712d5 4 0 88 116
2 0 64 86
.63f5003580d20 1 0 65 64
.63f500359961c 4 0 64 127
4 1 64 127
4 2 64 127
.63f50035d6049 4 0 88 1
2 0 65 86
.63f50035d8bd2 4 0 88 60
2 0 50 95
.63f50035dcb7d 4 0 64 0
4 1 64 0
4 2 64 0
.63f50035dd802 1 0 64 64
.63f50035e36d5 1 0 62 64
.63f500363d5e7 4 0 88 110
2 0 67 91
.63f50036463ae 4 0 64 127
4 1 64 127
4 2 64 127
.63f5003648895 1 0 65 64
.63f500365fea6 1 0 50 64
.63f500369559a 4 0 64 0
4 1 64 0
4 2 64 0
.63f50036a1d5d 4 0 88 33
2 0 69 88
.63f50036a3271 4 0 88 110
2 0 50 91
.63f50036a8d3e 1 0 67 64
.63f50036d0b22 4 0 88 107
2 0 52 96
.63f50036e159f 1 0 50 64
.63f5003706169 4 0 88 37
2 0 53 97
.63f50037147ae 1 0 52 64
.63f500377549c 4 0 88 39
2 0 67 92
.63f500378ac38 1 0 69 64
.63f50037d0cb9 4 0 88 70
2 0 64 85
.63f50037e360b 4 0 64 127
4 1 64 127
4 2 64 127
.63f50037e400d 1 0 67 64
.63f50038267e4 4 0 88 63
2 0 50 64
.63f500382af80 4 0 88 33
2 0 65 88
.63f500383279c 4 0 64 0
4 1 64 0
4 2 64 0
.63f500383a3b9 1 0 64 64
.63f500384182b 1 0 53 64
.63f500388aa3f 4 0 88 98
2 0 67 83
.63f5003890392 4 0 64 127
4 1 64 127
4 2 64 127
.63f500389a4d8 1 0 65 64
.63f50038a9290 1 0 67 64
.63f50038e18b3 4 0 88 94
2 0 52 97
.63f50038e3f3f 1 0 50 64
.63f50038e8a85 4 0 88 48
2 0 67 96
.63f50038eb1a0 4 0 64 0
4 1 64 0
4 2 64 0
.63f500391507f 4 0 88 117
2 0 53 100
.63f500391e118 1 0 52 64
.63f500394a922 4 0 88 47
2 0 55 101
.63f5003953ab2 1 0 53 64
.63f50039acd80 4 0 88 97
2 0 69 92
.63f50039bcde3 1 0 67 64
.63f5003a10a7d 4 0 88 14
2 0 70 89
.63f5003a1f87b 1 0 69 64
.63f5003a2a6ff 4 0 64 127
4 1 64 127
4 2 64 127
.63f5003a70c19 4 0 64 0
4 1 64 0
4 2 64 0
.63f5003a71043 4 0 88 45
2 0 72 87
.63f5003a72b88 4 0 88 24
2 0 52 98
.63f5003a7c966 1 0 55 64
.63f5003a7cf99 1 0 70 64
.63f5003ac8f26 4 0 88 71
2 0 69 99
.63f5003ada3fe 4 0 64 127
4 1 64 127
4 2 64 127
.63f5003adac58 1 0 72 64
.63f5003aeed4e 1 0 69 64
.63f5003b218c6 4 0 88 8
2 0 53 77
.63f5003b2954c 4 0 64 0
4 1 64 0
4 2 64 0
.63f5003b2a109 1 0 52 64
.63f5003b2d0cf 4 0 88 118
2 0 69 95
.63f5003b562b0 4 0 88 85
2 0 70 92
.63f5003b6bf31 1 0 69 64
.63f5003b8dbd3 4 0 88 27
2 0 72 93
.63f5003b997ce 1 0 70 64
.63f5003bec113 4 0 88 47
2 0 55 101
.63f5003bf8471 1 0 53 64
.63f5003c4d94d 4 0 88 59
2 0 74 100
.63f5003c57845 1 0 72 64
.63f5003cb1c6b 4 0 88 85
2 0 75 92
.63f5003cb5c31 4 0 88 41
2 0 57 83
.63f5003cbe0b1 1 0 74 64
.63f5003cc9910 1 0 55 64
.63f5003d18787 4 0 88 2
2 0 72 95
.63f5003d273a4 1 0 75 64
.63f5003d3baf1 4 0 64 127
4 1 64 127
4 2 64 127
.63f5003d7b0e1 4 0 88 53
2 0 74 91
.63f5003d7d015 4 0 88 33
2 0 58 93
.63f5003d7f0a0 4 0 64 0
4 1 64 0
4 2 64 0
.63f5003d848d5 1 0 57 64
.63f5003d89a7e 1 0 72 64
.63f5003dac8ff 4 0 88 24
2 0 60 98
.63f5003db5605 1 0 58 64
.63f5003de2011 4 0 88 97
2 0 62 92
.63f5003df4d68 1 0 60 64
.63f5003e499ad 4 0 88 20
2 0 72 89
.63f5003e57f62 1 0 74 64
.63f5003ea12d6 4 0 88 48
2 0 65 96
.63f5003eb5a4f 1 0 62 64
.63f5003f052a5 4 0 88 113
2 0 67 67
.63f5003f15e46 1 0 65 64
.63f5003f62d7e 4 0 88 28
2 0 64 84
.63f5003f7229b 1 0 67 64
.63f5003f79f18 4 0 64 127
4 1 64 127
4 2 64 127
.63f5003fb1fac 4 0 88 99
2 0 70 72
.63f5003fbcecc 4 0 88 82
2 0 65 80
.63f5003fc0420 4 0 64 0
4 1 64 0
4 2 64 0
.63f5003fc5d6c 1 0 72 64
.63f5003fd31fe 1 0 64 64
.63f5003fef73c 4 0 88 48
2 0 67 96
.63f50040007c1 1 0 65 64
.63f500402675e 4 0 88 39
2 0 69 75
.63f50040333d0 1 0 67 64
.63f500409a9fb 4 0 88 127
2 0 72 73
.63f50040a87e8 1 0 70 64
.63f50040f70b7 4 0 88 18
2 0 67 54
.63f500410cde8 1 0 69 64
.63f5004158521 4 0 88 23
2 0 65 76
.63f50041651ca 1 0 67 64
.63f50041b779f 4 0 88 122
2 0 67 90
.63f50041c18fe 1 0 65 64
.63f500421bd30 4 0 88 27
2 0 64 93
.63f50042237e9 1 0 67 64
.63f5004283ced 4 0 88 37
2 0 67 97
.63f5004291ced 1 0 72 64
.63f50042dbc88 4 0 88 71
2 0 69 99
.63f50042e8ec5 1 0 67 64
.63f5004334133 4 0 88 33
2 0 70 93
.63f50043380c7 4 0 64 127
4 1 64 127
4 2 64 127
.63f500434324f 1 0 69 64
.63f5004353c41 1 0 70 64
.63f5004390b35 4 0 88 15
2 0 70 39
4 0 88 58
2 0 72 86
.63f500439816d 4 0 88 47
2 0 60 71
.63f500439d7a9 1 0 64 64
.63f500439e969 4 0 64 0
4 1 64 0
4 2 64 0
.63f50043c1d35 4 0 88 48
2 0 74 96
.63f50043d1c0b 1 0 72 64
.63f50043f7007 4 0 88 59
2 0 76 100
.63f5004408278 1 0 74 64
.63f500443cf3b 1 0 70 64
.63f5004455b11 4 0 88 65
2 0 69 90
.63f50044b8a9c 4 0 88 8
2 0 67 70
.63f50044cd22c 1 0 69 64
.63f5004513f6b 4 0 88 21
2 0 70 70
.63f500451861e 4 0 88 84
2 0 77 93
.63f500451eba3 1 0 67 64
.63f50045248dd 1 0 76 64
.63f500457a25c 4 0 88 20
2 0 67 89
.63f5004585a7f 1 0 70 64
.63f5004587d99 1 0 60 64
.63f500458dcca 4 0 64 127
4 1 64 127
4 2 64 127
.63f50045e11a8 4 0 88 47
2 0 65 71
.63f50045e2453 4 0 88 32
2 0 69 72
.63f50045e83a4 1 0 67 64
.63f50045f74bf 4 0 64 0
4 1 64 0
4 2 64 0
.63f500464cc51 4 0 88 99
2 0 70 72
.63f500465ae41 1 0 69 64
.63f50046a841b 4 0 88 74
2 0 69 61
.63f50046aff07 1 0 70 64
.63f50047016d6 4 0 88 78
2 0 76 89
.63f50047108b1 1 0 77 64
.63f5004718620 1 0 65 64
.63f50047250c7 4 0 64 127
4 1 64 127
4 2 64 127
.63f5004768496 4 0 88 103
2 0 74 87
.63f500476cca0 4 0 88 65
2 0 67 90
.63f50047742c5 4 0 64 0
4 1 64 0
4 2 64 0
.63f50047770c0 1 0 69 64
.63f5004778a0d 1 0 76 64
.63f50047cac5e 4 0 88 59
2 0 72 100
.63f50047d25eb 1 0 74 64
.63f50047dabbf 4 0 64 127
4 1 64 127
4 2 64 127
.63f5004829d68 4 0 64 0
4 1 64 0
4 2 64 0
.63f500482b613 4 0 88 127
2 0 65 73
.63f500482c29b 4 0 88 60
2 0 71 95
.63f5004839ab8 1 0 67 64
.63f5004848946 1 0 72 64
.63f50048582d3 4 0 88 51
2 0 72 78
.63f5004869638 1 0 71 64
.63f5004891faf 4 0 88 11
2 0 74 81
.63f50048a6c37 1 0 72 64
.63f50048fda24 4 0 88 72
2 0 64 73
.63f5004907efe 1 0 65 64
.63f500495de1e 4 0 88 48
2 0 67 96
.63f50049c72de 4 0 88 60
2 0 72 95
.63f50049d77f1 1 0 74 64
.63f5004a285c0 4 0 88 96
2 0 70 86
.63f5004a36618 1 0 72 64
.63f5004a6dffd 4 0 64 127
4 1 64 127
4 2 64 127
.63f5004a76bd8 4 0 64 0
4 1 64 0
4 2 64 0
.63f5004a8225a 4 0 88 58
2 0 62 86
.63f5004a831b9 4 0 88 85
2 0 69 84
.63f5004a84121 1 0 67 64
.63f5004a8ea3e 1 0 64 64
.63f5004a963a2 1 0 70 64
.63f5004ae5ee1 4 0 88 48
2 0 67 96
.63f5004aecbc3 1 0 69 64
.63f5004af7b10 4 0 64 127
4 1 64 127
4 2 64 127
.63f5004b41153 1 0 67 64
.63f5004b42a3f 4 0 88 97
2 0 60 92
.63f5004b43d5e 4 0 64 0
4 1 64 0
4 2 64 0
.63f5004b48f82 1 0 62 64
.63f5004b504b3 4 0 88 27
2 0 67 93
.63f5004b801ed 4 0 88 14
2 0 69 94
.63f5004b919fd 1 0 67 64
.63f5004bb856b 4 0 88 96
2 0 70 86
.63f5004bc6331 1 0 69 64
.63f5004c1c642 4 0 88 109
2 0 64 78
.63f5004c2c19a 1 0 60 64
.63f5004c7cad9 4 0 88 59
2 0 65 100
.63f5004cb2214 4 0 64 127
4 1 64 127
4 2 64 127
.63f5004cd9ad9 1 0 64 64
.63f5004cdf85c 4 0 88 98
2 0 69 83
.63f5004ce58e7 4 0 88 35
2 0 60 102
.63f5004cf024c 1 0 70 64
.63f5004cf2891 4 0 64 0
4 1 64 0
4 2 64 0
.63f5004d1f189 1 0 65 64
.63f5004d4aaf5 4 0 88 97
2 0 67 92
.63f5004d5eb3c 1 0 69 64
.63f5004d64d30 4 0 64 127
4 1 64 127
4 2 64 127
.63f5004da45df 4 0 88 125
2 0 65 81
.63f5004da7e30 4 0 88 33
2 0 58 72
.63f5004da8344 4 0 64 0
4 1 64 0
4 2 64 0
.63f5004dae95d 1 0 67 64
.63f5004db67ef 1 0 60 64
.63f5004e14a90 4 0 88 7
2 0 64 90
.63f5004e1dfec 1 0 65 64
.63f5004e742c8 4 0 88 110
2 0 62 91
.63f5004e7c8d0 1 0 64 64
.63f5004ed89b1 4 0 88 78
2 0 64 89
.63f5004edecff 4 0 64 127
4 1 64 127
4 2 64 127
.63f5004ee2f74 1 0 62 64
.63f5004f36b7a 4 0 64 0
4 1 64 0
4 2 64 0
.63f5004f3eba8 4 0 88 60
2 0 67 95
.63f5004f4808e 1 0 64 64
.63f5004f5115b 4 0 64 127
4 1 64 127
4 2 64 127
.63f5004f85d50 4 0 64 0
4 1 64 0
4 2 64 0
.63f5004fa02d0 4 0 88 71
2 0 62 99
.63f5004fad6eb 1 0 58 64
.63f5004faed2f 4 0 64 127
4 1 64 127
4 2 64 127
.63f50050039ee 4 0 88 70
2 0 69 85
.63f5005007bf7 4 0 88 4
2 0 65 67
4 0 88 37
2 0 60 97
.63f5005008606 1 0 62 64
.63f500500ca75 4 0 64 0
4 1 64 0
4 2 64 0
1 0 67 64
.63f5005037de1 4 0 88 7
2 0 62 90
.63f5005041d23 1 0 60 64
.63f500506a35b 4 0 88 58
2 0 64 86
.63f50050731d9 1 0 65 64
.63f5005079c55 1 0 62 64
.63f50050d1b35 4 0 88 90
2 0 67 88
.63f50050e89e8 1 0 69 64
.63f500513c9d0 4 0 88 107
2 0 60 96
.63f500514693c 1 0 64 64
.63f5005154c65 4 0 64 127
4 1 64 127
4 2 64 127
.63f500519b184 4 0 64 0
4 1 64 0
4 2 64 0
.63f500519c336 4 0 88 41
2 0 65 83
.63f50051a6c4f 1 0 60 64
.63f50051fec2c 4 0 88 87
2 0 63 75
.63f500520c5b7 1 0 65 64
.63f5005230888 4 0 64 127
4 1 64 127
4 2 64 127
.63f50052597df 4 0 88 23
2 0 65 76
.63f500525f642 4 0 64 0
4 1 64 0
4 2 64 0
.63f500526659d 4 0 88 112
2 0 62 82
.63f500526dac9 1 0 67 64
.63f500526f3c0 1 0 63 64
.63f50052c3d89 4 0 88 48
2 0 60 96
.63f50052d7033 1 0 62 64
.63f50052f1e8f 4 0 64 127
4 1 64 127
4 2 64 127
.63f5005323b3b 4 0 64 0
4 1 64 0
4 2 64 0
.63f5005326987 4 0 88 11
2 0 62 81
.63f500532d108 4 0 88 21
2 0 58 70
.63f5005336c40 1 0 60 64
.63f5005340a05 1 0 65 64
.63f500538ddc0 4 0 88 48
2 0 57 96
.63f500539a110 1 0 58 64
.63f50053ad6c2 4 0 64 127
4 1 64 127
4 2 64 127
.63f50053dc6f9 1 0 62 64
.63f50053e16d5 4 0 88 33
2 0 63 58
.63f50053e35ff 4 0 88 87
2 0 67 72
.63f50053e51be 4 0 88 90
2 0 55 88
.63f50053eb6cd 1 0 57 64
.63f50053f0ce0 4 0 64 0
4 1 64 0
4 2 64 0
.63f5005416328 4 0 88 59
2 0 57 100
.63f500542e05b 1 0 55 64
.63f5005448bd9 4 0 88 72
2 0 58 85
.63f5005458d7b 1 0 57 64
.63f50054b3d6f 4 0 88 2
2 0 60 95
.63f50054bb05a 1 0 63 64
.63f5005515780 4 0 88 13
2 0 57 99
.63f5005520be9 1 0 58 64
.63f50055813e8 4 0 88 53
2 0 65 91
.63f500558207f 4 0 88 13
2 0 55 85
.63f500558c244 1 0 67 64
.63f50055915ca 1 0 57 64
.63f50055e647b 4 0 88 97
2 0 53 92
.63f50055f6be1 1 0 55 64
.63f500560ee08 4 0 64 127
4 1 64 127
4 2 64 127
.63f500564b24b 4 0 88 65
2 0 52 90
.63f50056546ed 1 0 53 64
.63f500565e004 4 0 64 0
4 1 64 0
4 2 64 0
.63f500566e971 1 0 60 64
.63f50056afb95 4 0 88 87
2 0 58 75
.63f50057187fd 4 0 88 83
2 0 60 98
.63f500572c109 1 0 58 64
.63f500576f7ab 1 0 65 64
.63f500577c55d 4 0 88 27
2 0 62 93
.63f500578ff61 1 0 60 64
.63f500579d599 4 0 64 127
4 1 64 127
4 2 64 127
.63f50057da9e1 4 0 88 66
2 0 63 74
.63f50057dc8ba 4 0 88 84
2 0 53 63
.63f50057ddc45 4 0 64 0
4 1 64 0
4 2 64 0
.63f50057e8d65 1 0 52 64
.63f50057e9967 1 0 62 64
.63f50058483e5 4 0 88 103
2 0 60 87
.63f5005869e48 1 0 63 64
.63f50058aab3b 4 0 88 14
2 0 62 94
.63f50058b5fef 1 0 60 64
.63f500590d76c 4 0 88 2
2 0 57 95
.63f50059349d9 4 0 64 127
4 1 64 127
4 2 64 127
.63f500597404c 4 0 88 82
2 0 55 80
.63f5005976879 4 0 88 65
2 0 50 90
.63f500597aedf 4 0 64 0
4 1 64 0
4 2 64 0
.63f5005980022 1 0 53 64
.63f5005986fbb 1 0 57 64
.63f50059d7a73 4 0 88 1
2 0 57 86
.63f50059ea3bb 1 0 55 64
.63f5005a3a6be 4 0 88 80
2 0 58 82
.63f5005a434f1 1 0 57 64
.63f5005a9d2df 4 0 88 78
2 0 55 76
.63f5005aa5c98 4 0 64 127
4 1 64 127
4 2 64 127
.63f5005ab03a5 1 0 58 64
.63f5005af7da2 4 0 64 0
4 1 64 0
4 2 64 0
.63f5005af8f93 4 0 88 97
2 0 60 92
.63f5005afad86 4 0 88 93
2 0 51 71
.63f5005afb1f9 1 0 62 64
.63f5005afc2bd 1 0 55 64
.63f5005aff5eb 1 0 50 64
.63f5005b5f9e9 4 0 88 27
2 0 57 93
.63f5005b7352d 1 0 60 64
.63f5005bcc08d 4 0 88 100
2 0 58 83
.63f5005bdcde7 1 0 57 64
.63f5005c2e02a 4 0 88 90
2 0 50 88
.63f5005c3ad17 1 0 51 64
.63f5005c98d7c 4 0 88 96
2 0 48 102
.63f5005ca9738 1 0 50 64
.63f5005ce89bd 4 0 88 70
2 0 50 47
.63f5005d06404 1 0 48 64
.63f5005d2a697 4 0 64 127
4 1 64 127
4 2 64 127
.63f5005d596ee 4 0 88 37
2 0 60 97
.63f5005d6478e 4 0 88 66
2 0 51 88
.63f5005d68014 1 0 58 64
.63f5005d736a5 1 0 50 64
.63f5005d739db 4 0 64 0
4 1 64 0
4 2 64 0
.63f5005dc4ea8 4 0 88 87
2 0 48 103
.63f5005dd2586 1 0 51 64
.63f5005de5eaf 4 0 64 127
4 1 64 127
4 2 64 127
.63f5005e262f6 4 0 88 7
2 0 50 90
.63f5005e29102 4 0 88 118
2 0 57 95
.63f5005e350f3 4 0 64 0
4 1 64 0
4 2 64 0
.63f5005e3639a 1 0 48 64
.63f5005e580e9 4 0 88 41
2 0 51 102
.63f5005e68287 1 0 50 64
.63f5005e8e6f3 4 0 88 7
2 0 53 90
.63f5005e99f44 1 0 57 64
.63f5005eb27eb 1 0 51 64
.63f5005ef37d8 4 0 88 60
2 0 59 95
.63f5005f0de0a 1 0 60 64
.63f5005f5663b 4 0 88 27
2 0 57 93
.63f5005f65b89 1 0 59 64
.63f5005fba401 4 0 88 82
2 0 59 80
.63f5005fbd5f5 4 0 88 109
2 0 50 107
.63f5005fc5df2 1 0 57 64
.63f5006020069 4 0 88 0
2 0 48 106
.63f500603445d 1 0 50 64
.63f50060531aa 4 0 64 127
4 1 64 127
4 2 64 127
.63f50060823d9 4 0 88 28
2 0 62 84
.63f5006089af7 4 0 88 35
2 0 47 102
.63f500608db19 4 0 64 0
4 1 64 0
4 2 64 0
.63f500608df35 1 0 59 64
.63f500609355c 1 0 48 64
.63f50060eae14 4 0 88 92
2 0 48 109
.63f50060fac99 1 0 47 64
.63f5006105d31 4 0 64 127
4 1 64 127
4 2 64 127
.63f5006148a33 4 0 88 14
2 0 56 69
.63f500614c463 4 0 88 24
2 0 50 98
.63f500615207c 4 0 64 0
4 1 64 0
4 2 64 0
.63f50061550c8 1 0 48 64
.63f5006159167 1 0 53 64
.63f50061b9c17 4 0 88 68
2 0 55 81
.63f50061ce0db 1 0 56 64
.63f500621b5ef 4 0 88 27
2 0 53 93
.63f500621ff04 1 0 55 64
.63f500627fdb8 4 0 88 27
2 0 55 93
.63f500628cece 1 0 53 64
.63f50062a5df2 4 0 64 127
4 1 64 127
4 2 64 127
.63f50062ea70b 4 0 88 119
2 0 48 106
.63f50062ec7f1 4 0 88 114
2 0 51 90
.63f50062ef9b0 1 0 50 64
.63f50062f200c 4 0 64 0
4 1 64 0
4 2 64 0
.63f50062f3c07 1 0 55 64
.63f5006352ad3 4 0 88 84
2 0 55 93
.63f500635ff4f 1 0 62 64
.63f50063b6191 4 0 88 58
2 0 60 86
.63f5006410c29 4 0 88 65
2 0 46 100
.63f50064233a9 1 0 48 64
.63f500642eff1 1 0 55 64
.63f50064316be 4 0 64 127
4 1 64 127
4 2 64 127
.63f50064458dd 1 0 51 64
.63f5006472e53 4 0 88 114
2 0 44 90
.63f50064755d7 4 0 88 65
2 0 55 77
.63f500647a0e8 1 0 46 64
.63f50064808f6 4 0 64 0
4 1 64 0
4 2 64 0
.63f50064a3ff3 4 0 88 10
2 0 46 92
.63f50064c28af 1 0 44 64
.63f50064ded3c 4 0 88 50
2 0 48 107
.63f50064ec682 1 0 46 64
.63f500653e183 4 0 88 33
2 0 51 93
.63f500653e4ae 1 0 55 64
.63f50065a05d6 4 0 88 85
2 0 44 92
.63f50065a48d5 4 0 88 65
2 0 55 77
.63f50065c4c9c 1 0 60 64
.63f50065e604a 4 0 64 127
4 1 64 127
4 2 64 127
.63f500660fde7 4 0 88 127
2 0 58 77
.63f5006610eba 4 0 88 97
2 0 43 92
.63f5006611e78 4 0 64 0
4 1 64 0
4 2 64 0
.63f5006615edc 1 0 44 64
.63f5006626f7e 1 0 55 64
.63f500666403d 1 0 51 64
.63f500667b321 4 0 88 40
2 0 51 80
.63f500668b342 1 0 48 64
.63f50066b030c 4 0 64 127
4 1 64 127
4 2 64 127
.63f50066df0ae 4 0 64 0
4 1 64 0
4 2 64 0
.63f50066e7c6f 4 0 88 61
2 0 49 97
.63f50066ef848 1 0 51 64
.63f500674a796 4 0 88 114
2 0 51 90
.63f5006754496 4 0 64 127
4 1 64 127
4 2 64 127
.63f5006756473 1 0 49 64
.63f50067a64b6 4 0 64 0
4 1 64 0
4 2 64 0
.63f50067a8c46 4 0 88 107
2 0 48 96
.63f50067ada10 4 0 88 85
2 0 41 84
.63f50067b2688 1 0 51 64
.63f50067b4bca 1 0 43 64
.63f500680ba8f 1 0 58 64
.63f500681e65e 4 0 88 81
2 0 58 69
.63f500687e76e 4 0 88 80
2 0 56 82
.63f500689d48e 1 0 58 64
.63f50068da46e 4 0 88 55
2 0 55 82
.63f50068e61c1 1 0 56 64
.63f5006905e9f 4 0 64 127
4 1 64 127
4 2 64 127
.63f500693b2c4 4 0 88 96
2 0 56 86
.63f500693e8d2 4 0 88 87
2 0 43 103
.63f5006940765 4 0 64 0
4 1 64 0
4 2 64 0
.63f5006946651 1 0 41 64
.63f50069482f5 1 0 55 64
.63f500696f9a6 4 0 88 85
2 0 44 95
.63f5006978e65 1 0 43 64
.63f500699fd89 4 0 88 38
2 0 46 99
.63f50069acb66 1 0 44 64
.63f50069b2dfc 1 0 48 64
.63f50069fa9e1 4 0 88 47
2 0 48 101
.63f5006a6288f 4 0 88 83
2 0 43 98
.63f5006a75a42 1 0 46 64
.63f5006a91735 4 0 64 127
4 1 64 127
4 2 64 127
.63f5006abbe1b 1 0 56 64
.63f5006abf951 4 0 88 10
2 0 44 98
.63f5006ac4b01 4 0 88 100
2 0 51 83
.63f5006ac7b74 4 0 88 58
2 0 55 86
1 0 48 64
.63f5006ac9134 4 0 64 0
4 1 64 0
4 2 64 0
.63f5006acacdd 1 0 43 64
.63f5006af923b 4 0 88 65
2 0 46 100
.63f5006b0b04b 1 0 44 64
.63f5006b2fc24 4 0 88 92
2 0 48 109
.63f5006b42b56 1 0 46 64
.63f5006b908e1 4 0 88 125
2 0 49 84
.63f5006b97d3a 1 0 51 64
.63f5006bef402 4 0 88 114
2 0 44 80
.63f5006c0b958 1 0 48 64
.63f5006c25cbf 4 0 64 127
4 1 64 127
4 2 64 127
.63f5006c55277 4 0 88 66
2 0 46 88
.63f5006c568be 4 0 88 24
2 0 53 98
.63f5006c63cc4 1 0 55 64
.63f5006c663b8 4 0 64 0
4 1 64 0
4 2 64 0
.63f5006c66791 1 0 44 64
.63f5006c8d693 4 0 88 109
2 0 48 107
.63f5006c9918c 1 0 49 64
.63f5006c9fd86 1 0 46 64
.63f5006cc0746 4 0 88 3
2 0 49 109
.63f5006cd1b84 1 0 48 64
.63f5006d19cd1 4 0 88 27
2 0 52 93
.63f5006d26308 1 0 53 64
.63f5006d7fd32 4 0 88 35
2 0 48 102
.63f5006d8d74b 1 0 49 64
.63f5006de3201 4 0 88 91
2 0 46 89
.63f5006df38af 1 0 48 64
.63f5006e3b5bf 4 0 88 7
2 0 49 95
.63f5006e3ded9 4 0 64 127
4 1 64 127
4 2 64 127
.63f5006e4083c 1 0 52 64
.63f5006e4b18d 1 0 46 64
.63f5006ea2fac 4 0 88 58
2 0 48 86
.63f5006ea3525 4 0 88 83
2 0 52 98
.63f5006ea3929 4 0 88 122
2 0 55 90
.63f5006ea47c8 4 0 64 0
4 1 64 0
4 2 64 0
.63f5006eac597 1 0 49 64
.63f5006f0b113 4 0 88 34
2 0 46 96
.63f5006f1bb74 1 0 48 64
.63f5006f2b4dc 4 0 64 127
4 1 64 127
4 2 64 127
.63f5006f6eb6d 4 0 64 0
4 1 64 0
4 2 64 0
.63f5006f70721 4 0 88 116
2 0 44 99
.63f5006f801a2 1 0 46 64
.63f5006f92427 1 0 52 64
.63f5006fd2d8c 4 0 88 31
2 0 48 109
.63f5006fe2676 1 0 55 64
.63f5006fecb13 4 0 64 127
4 1 64 127
4 2 64 127
.63f5007032876 4 0 88 83
2 0 53 98
.63f5007032f61 4 0 64 0
4 1 64 0
4 2 64 0
.63f500705c94b 4 0 88 72
2 0 52 94
.63f500706491d 1 0 53 64
.63f500707c425 4 0 64 127
4 1 64 127
4 2 64 127
.63f500708ca5a 4 0 88 97
2 0 53 92
.63f500709af06 1 0 52 64
.63f50070bb559 4 0 88 116
2 0 55 86
.63f50070cce4b 1 0 53 64
.63f50070ee8a1 4 0 64 0
4 1 64 0
4 2 64 0
.63f50070f6110 4 0 88 99
2 0 56 72
.63f50070f7691 1 0 48 64
.63f50070fbb59 4 0 88 41
2 0 41 83
.63f5007103dbf 1 0 44 64
.63f50071086b6 1 0 55 64
.63f500716cacf 4 0 88 13
2 0 53 99
.63f50071d218a 4 0 88 13
2 0 52 99
.63f50071dbea8 1 0 53 64
.63f50072347e7 4 0 88 39
2 0 53 92
.63f500723c86e 4 0 64 127
4 1 64 127
4 2 64 127
.63f5007243f1e 1 0 52 64
.63f500725265a 1 0 41 64
.63f500729303b 4 0 88 14
2 0 49 89
.63f5007296399 4 0 88 78
2 0 43 89
.63f500729c8df 1 0 53 64
.63f500729d333 4 0 64 0
4 1 64 0
4 2 64 0
.63f50072fdf56 4 0 88 24
2 0 53 98
.63f500735e57a 1 0 56 64
.63f50073687f0 4 0 88 35
2 0 52 102
.63f5007374e2b 1 0 53 64
.63f50073b399e 4 0 64 127
4 1 64 127
4 2 64 127
.63f50073c87e4 4 0 88 105
2 0 53 101
.63f50073d1052 1 0 52 64
.63f50073d1dc7 1 0 43 64
.63f5007420037 4 0 64 0
4 1 64 0
4 2 64 0
.63f5007422ec9 4 0 88 96
2 0 56 86
.63f500742a369 4 0 88 91
2 0 39 89
.63f500742f599 1 0 53 64
.63f500743ab63 1 0 49 64
.63f500749bee9 4 0 88 118
2 0 53 95
.63f5007505b56 4 0 88 94
2 0 50 97
.63f5007512c64 1 0 53 64
.63f5007566d27 4 0 88 24
2 0 53 80
.63f500756e8b2 1 0 50 64
.63f5007585782 4 0 64 127
4 1 64 127
4 2 64 127
.63f50075cbe83 4 0 88 61
2 0 46 97
.63f50075d7832 4 0 64 0
4 1 64 0
4 2 64 0
.63f50075e09bf 1 0 39 64
.63f50075f3af4 1 0 53 64
.63f5007636041 4 0 88 85
2 0 51 92
.63f5007698444 4 0 88 59
2 0 50 100
.63f500769dcac 1 0 51 64
.63f50076fc3ae 4 0 88 61
2 0 51 97
.63f50076fc77f 4 0 64 127
4 1 64 127
4 2 64 127
.63f5007707747 1 0 56 64
.63f500770d92c 1 0 50 64
.63f5007755e7e 4 0 88 14
2 0 55 94
.63f50077588e8 4 0 88 112
2 0 39 96
.63f500775a382 4 0 64 0
4 1 64 0
4 2 64 0
.63f50077620a9 1 0 51 64
.63f5007765894 1 0 46 64
.63f50077699da 4 0 88 60
2 0 41 26
.63f500777dc25 1 0 41 64
.63f50077c3ef8 4 0 88 85
2 0 51 92
.63f500782b588 4 0 88 59
2 0 50 100
.63f500783106d 1 0 51 64
.63f500788f2e3 4 0 88 7
2 0 51 95
.63f500789786b 1 0 50 64
.63f50078a55c1 4 0 64 127
4 1 64 127
4 2 64 127
.63f50078f18b7 4 0 64 0
4 1 64 0
4 2 64 0
.63f50078f1cb3 4 0 88 96
2 0 48 102
.63f50078fd30d 1 0 51 64
.63f50079405f5 1 0 55 64
.63f500795318d 4 0 88 66
2 0 51 88
.63f50079988b6 4 0 64 127
4 1 64 127
4 2 64 127
.63f50079b907f 4 0 88 65
2 0 50 90
.63f50079bf22c 4 0 88 3
2 0 44 109
.63f50079c0383 1 0 51 64
.63f50079cccf2 1 0 39 64
.63f50079d0332 4 0 64 0
4 1 64 0
4 2 64 0
.63f5007a1c742 4 0 88 116
2 0 51 99
.63f5007a27cfb 1 0 50 64
.63f5007a42812 4 0 64 127
4 1 64 127
4 2 64 127
.63f5007a80038 4 0 64 0
4 1 64 0
4 2 64 0
.63f5007a812df 4 0 88 84
2 0 55 93
.63f5007a83186 4 0 88 125
2 0 38 81
.63f5007a8b0df 1 0 51 64
.63f5007abb4bb 1 0 44 64
.63f5007ad7596 1 0 48 64
.63f5007af0ab4 4 0 88 27
2 0 48 93
.63f5007b56223 4 0 88 24
2 0 47 98
.63f5007b61ce6 1 0 48 64
.63f5007bb173b 4 0 88 47
2 0 48 101
.63f5007bbd2b3 1 0 47 64
.63f5007bc24f8 4 0 64 127
4 1 64 127
4 2 64 127
.63f5007c13f74 4 0 88 122
2 0 47 90
4 0 88 41
2 0 43 108
.63f5007c196da 1 0 48 64
.63f5007c1a2d6 4 0 64 0
4 1 64 0
4 2 64 0
.63f5007c1bdb0 1 0 38 64
.63f5007c7c642 4 0 88 43
2 0 51 87
.63f5007c83fbc 1 0 55 64
.63f5007cddebc 4 0 88 117
2 0 50 100
.63f5007ceb734 1 0 51 64
.63f5007d3d82d 4 0 88 108
2 0 51 93
.63f5007d43452 1 0 50 64
.63f5007d4af80 4 0 64 127
4 1 64 127
4 2 64 127
.63f5007d99701 4 0 88 48
2 0 53 96
.63f5007d9d70a 4 0 88 14
2 0 36 94
.63f5007d9fe87 4 0 64 0
4 1 64 0
4 2 64 0
.63f5007da90d9 1 0 51 64
.63f5007e003ca 4 0 88 94
2 0 50 97
.63f5007e2064c 1 0 47 64
.63f5007e6802b 4 0 88 24
2 0 48 98
.63f5007e70f29 1 0 50 64
.63f5007ec667b 4 0 88 117
2 0 50 100
.63f5007ec7cc9 4 0 64 127
4 1 64 127
4 2 64 127
.63f5007ed15c7 1 0 53 64
.63f5007ed8585 1 0 48 64
.63f5007eecd64 1 0 36 64
.63f5007ef5255 1 0 43 64
.63f5007f21835 4 0 88 80
2 0 51 82
.63f5007f24c4d 1 0 50 64
.63f5007f25956 4 0 64 0
4 1 64 0
4 2 64 0
.63f5007f2e5f9 4 0 88 23
2 0 48 110
.63f5007f5ce0a 4 0 88 96
2 0 50 102
.63f5007f6d76d 1 0 48 64
.63f5007f74b53 4 0 64 127
4 1 64 127
4 2 64 127
.63f5007f8b291 4 0 88 112
2 0 52 56
.63f5007f8b958 1 0 51 64
.63f5007f8c19b 4 0 88 110
2 0 50 44
.63f5007f97eaf 4 0 64 0
4 1 64 0
4 2 64 0
.63f5007faa65d 4 0 88 82
2 0 51 109
.63f5007fb9055 1 0 52 64
.63f5007fb9c46 1 0 50 64
1 0 50 64
.63f5007ffd148 4 0 88 59
2 0 55 106
.63f500803861f 4 0 88 83
2 0 57 98
.63f5008045f3c 1 0 55 64
.63f5008067349 4 0 88 72
2 0 59 94
.63f5008072715 1 0 57 64
.63f5008088250 4 0 64 127
4 1 64 127
4 2 64 127
.63f50080902be 4 0 88 59
2 0 60 100
.63f5008092b26 1 0 59 64
.63f50080c50cd 4 0 88 59
2 0 62 100
.63f50080c8035 4 0 88 27
2 0 55 103
.63f50080ce70e 4 0 64 0
4 1 64 0
4 2 64 0
.63f50080d0e1b 1 0 60 64
.63f50080d1047 1 0 51 64
.63f50080f8716 4 0 88 20
2 0 63 86
.63f500810425c 1 0 62 64
.63f50081079fe 4 0 88 118
2 0 57 95
.63f500810806d 4 0 88 111
2 0 59 74
.63f500811846a 1 0 55 64
.63f5008128caa 4 0 88 13
2 0 65 99
.63f50081381be 1 0 63 64
.63f5008138957 4 0 88 31
2 0 60 109
.63f5008146fa3 1 0 57 64
.63f500816f08f 1 0 60 64
.63f500817879e 4 0 88 5
2 0 60 112
.63f500819cdd3 1 0 60 64
.63f50081aab3a 4 0 88 78
2 0 62 89
.63f50081d308d 1 0 65 64
.63f50081de48d 4 0 88 114
2 0 63 90
.63f50081e1ddc 4 0 64 127
4 1 64 127
4 2 64 127
.63f50081ebb25 1 0 62 64
.63f500820b516 4 0 88 87
2 0 65 103
.63f5008213cb6 1 0 63 64
.63f500823b3c7 4 0 88 33
2 0 67 88
.63f5008246fb5 1 0 65 64
.63f500826f356 4 0 88 37
2 0 69 97
.63f500827229f 4 0 88 27
2 0 62 93
.63f500827755d 4 0 64 0
4 1 64 0
4 2 64 0
.63f500827ab51 1 0 67 64
.63f50082a017f 1 0 59 64
.63f50082a1f7a 4 0 88 72
2 0 63 85
.63f50082b1a32 1 0 62 64
.63f50082d5e0e 4 0 88 127
2 0 65 73
.63f50082e8a0a 1 0 63 64
.63f5008312fa1 4 0 88 83
2 0 71 98
.63f50083217f5 1 0 69 64
.63f50083477b1 4 0 88 117
2 0 72 100
.63f50083561c1 1 0 71 64
.63f500837d59d 4 0 88 60
2 0 71 95
.63f50083a7f37 1 0 72 64
.63f50083aeb91 4 0 88 0
2 0 69 100
.63f50083b6ade 4 0 64 127
4 1 64 127
4 2 64 127
.63f50083bf3f8 1 0 71 64
.63f50083d97d9 4 0 88 118
2 0 71 95
.63f50083ee4dc 1 0 69 64
.63f500840baa0 4 0 64 0
4 1 64 0
4 2 64 0
.63f500840c159 4 0 88 93
2 0 63 79
.63f500840c785 4 0 88 27
2 0 72 93
.63f5008410ab0 1 0 65 64
.63f500841b99a 1 0 71 64
.63f500844cf81 4 0 88 64
2 0 67 70
.63f500844dfc3 4 0 88 8
2 0 69 77
.63f5008472e03 1 0 63 64
.63f5008474626 1 0 69 64
.63f500848425b 4 0 88 45
2 0 65 87
.63f5008492667 1 0 67 64
.63f50084b51d3 4 0 88 116
2 0 63 99
.63f50084b8858 4 0 64 127
4 1 64 127
4 2 64 127
.63f50084c01b0 1 0 65 64
.63f50084d5d87 4 0 64 0
4 1 64 0
4 2 64 0
.63f50084ea5a0 4 0 88 8
2 0 62 105
.63f50084fc9b1 1 0 63 64
.63f500851be50 4 0 88 13
2 0 60 99
.63f500852dc4c 1 0 62 64
.63f500854818d 4 0 64 127
4 1 64 127
4 2 64 127
.63f500854e0cf 4 0 88 47
2 0 59 101
.63f500855c083 1 0 60 64
.63f5008577b6b 4 0 88 13
2 0 60 99
.63f50085832af 1 0 59 64
.63f50085aaff0 4 0 88 107
2 0 56 76
.63f50085b186d 4 0 64 0
4 1 64 0
4 2 64 0
.63f50085e1771 4 0 88 47
2 0 65 101
.63f5008612349 4 0 88 78
2 0 67 89
.63f500861e76f 1 0 65 64
.63f5008633fcd 1 0 72 64
.63f5008641e27 4 0 88 59
2 0 69 100
.63f5008652690 1 0 67 64
.63f500866161e 4 0 64 127
4 1 64 127
4 2 64 127
.63f50086752a2 4 0 88 48
2 0 71 96
.63f5008676c41 4 0 88 119
2 0 63 87
.63f500867bb3d 4 0 64 0
4 1 64 0
4 2 64 0
.63f500867f731 1 0 69 64
.63f500868c0f7 1 0 60 64
.63f50086a8e21 4 0 88 78
2 0 72 89
.63f50086ad933 1 0 71 64
.63f50086d9217 4 0 88 72
2 0 74 94
.63f50086e7f3a 1 0 72 64
.63f500870592c 4 0 64 127
4 1 64 127
4 2 64 127
4 0 88 114
2 0 75 90
.63f5008718513 1 0 74 64
.63f500873963e 4 0 88 14
2 0 77 94
.63f500873c191 4 0 88 78
2 0 65 89
.63f50087400a1 4 0 64 0
4 1 64 0
4 2 64 0
.63f50087437bd 1 0 75 64
.63f5008746ef5 1 0 63 64
.63f500876479d 1 0 56 64
.63f500876b8ab 4 0 88 65
2 0 79 90
.63f5008770e42 4 0 88 68
2 0 67 105
.63f50087796f3 1 0 77 64
.63f5008781fc3 1 0 65 64
.63f50087a5d48 4 0 88 45
2 0 68 105
.63f50087b4182 1 0 67 64
.63f50087d385d 4 0 88 119
2 0 75 87
.63f500880b408 4 0 88 14
2 0 74 94
.63f500881ef7f 1 0 75 64
.63f50088304a3 4 0 64 127
4 1 64 127
4 2 64 127
.63f500883df0d 1 0 79 64
.63f500883ef1b 4 0 88 13
2 0 72 99
.63f5008848799 1 0 74 64
.63f500886fdca 4 0 88 8
2 0 67 105
.63f50088712bd 4 0 88 2
2 0 71 95
.63f5008874a2c 1 0 68 64
.63f500887c7bc 4 0 64 0
4 1 64 0
4 2 64 0
.63f50088828d4 1 0 72 64
.63f5008893eeb 4 0 64 127
4 1 64 127
4 2 64 127
.63f500889af3b 4 0 88 13
2 0 65 99
.63f50088a51df 4 0 88 117
2 0 72 100
.63f50088afc76 1 0 67 64
.63f50088b4229 1 0 71 64
.63f50088d37ed 1 0 65 64
.63f50088d4589 4 0 88 109
2 0 67 107
.63f50088d7485 4 0 64 0
4 1 64 0
4 2 64 0
.63f50088e3d14 4 0 88 87
2 0 74 103
.63f50088f25c2 1 0 72 64
.63f500891d554 4 0 88 73
2 0 75 106
.63f50089237fc 4 0 64 127
4 1 64 127
4 2 64 127
.63f500892df1c 1 0 74 64
.63f50089533fc 4 0 88 107
2 0 55 96
.63f5008954202 4 0 88 0
2 0 74 106
.63f500895540d 4 0 64 0
4 1 64 0
4 2 64 0
.63f5008971f8f 1 0 75 64
.63f5008984a3e 4 0 88 39
2 0 72 75
.63f50089a39c9 1 0 74 64
.63f50089ba118 4 0 88 107
2 0 71 96
.63f50089ce237 1 0 72 64
.63f50089e8f02 4 0 88 18
2 0 69 104
.63f50089f174e 1 0 71 64
.63f5008a19312 4 0 88 47
2 0 71 101
.63f5008a2cd57 1 0 69 64
.63f5008a33f87 4 0 64 127
4 1 64 127
4 2 64 127
.63f5008a429df 1 0 67 64
.63f5008a46494 4 0 88 24
2 0 72 98
.63f5008a51586 1 0 71 64
.63f5008a7d410 4 0 64 0
4 1 64 0
4 2 64 0
.63f5008a7e384 4 0 88 0
2 0 67 106
.63f5008a82ecf 1 0 55 64
.63f5008aca814 4 0 88 61
2 0 68 97
.63f5008ad246e 1 0 67 64
.63f5008afd10e 4 0 88 84
2 0 67 93
.63f5008b03419 1 0 68 64
.63f5008b2fbe3 4 0 88 39
2 0 65 92
.63f5008b3fb13 1 0 67 64
.63f5008b60797 4 0 88 20
2 0 63 86
.63f5008b731d9 1 0 65 64
.63f5008b90b1c 4 0 88 122
2 0 62 90
.63f5008b9252e 1 0 63 64
.63f5008bc468f 4 0 88 53
2 0 63 77
.63f5008bdd253 1 0 62 64
.63f5008bdfb76 4 0 64 127
4 1 64 127
4 2 64 127
.63f5008beeea1 4 0 88 28
2 0 65 84
.63f5008c02c1f 1 0 63 64
.63f5008c0fac9 1 0 65 64
.63f5008c262a2 4 0 88 125
2 0 65 81
.63f5008c28334 4 0 88 78
2 0 55 89
.63f5008c28fa5 4 0 64 0
4 1 64 0
4 2 64 0
.63f5008c600e2 4 0 88 14
2 0 67 94
.63f5008c8b795 4 0 88 120
2 0 68 73
.63f5008c9d847 1 0 67 64
.63f5008cb2bc1 4 0 64 127
4 1 64 127
4 2 64 127
.63f5008cbe641 4 0 88 122
2 0 67 90
.63f5008cc5d1f 1 0 65 64
.63f5008cd1ba2 1 0 68 64
.63f5008cf3369 4 0 64 0
4 1 64 0
4 2 64 0
.63f5008cf399a 4 0 88 2
2 0 65 95
.63f5008cf5dda 4 0 88 58
2 0 57 86
.63f5008cfa24e 1 0 67 64
.63f5008cfc0cf 1 0 55 64
.63f5008cfd205 4 0 88 86
2 0 59 46
.63f5008cfe162 1 0 72 64
.63f5008d2682c 1 0 59 64
.63f5008d279f2 4 0 88 20
2 0 63 86
.63f5008d38cbe 1 0 65 64
.63f5008d58a6e 4 0 88 78
2 0 59 89
.63f5008d59209 4 0 88 118
2 0 62 95
.63f5008d6246f 1 0 57 64
.63f5008d63611 1 0 63 64
.63f5008d85b35 4 0 64 127
4 1 64 127
4 2 64 127
.63f5008d8c4fb 4 0 88 85
2 0 63 95
.63f5008d9805e 1 0 62 64
.63f5008dbc9eb 4 0 88 90
2 0 65 88
.63f5008dbe55f 4 0 88 59
2 0 60 100
.63f5008dc0421 4 0 64 0
4 1 64 0
4 2 64 0
.63f5008dc5579 1 0 63 64
.63f5008dc7607 1 0 59 64
.63f5008defab3 4 0 88 60
2 0 59 95
.63f5008df38e2 4 0 88 47
2 0 62 71
.63f5008dfdcd9 4 0 64 127
4 1 64 127
4 2 64 127
.63f5008e01b44 1 0 60 64
.63f5008e14ef5 1 0 62 64
.63f5008e23af7 4 0 88 100
2 0 60 108
.63f5008e23e25 4 0 64 0
4 1 64 0
4 2 64 0
.63f5008e2beec 1 0 59 64
.63f5008e4b29c 4 0 88 122
2 0 62 90
.63f5008e5f52f 1 0 60 64
.63f5008e7bc01 4 0 88 119
2 0 63 87
.63f5008e84acd 1 0 65 64
.63f5008eac768 4 0 88 39
2 0 65 92
.63f5008ebc046 1 0 63 64
.63f5008eddbe6 4 0 88 14
2 0 67 94
.63f5008eeaf01 1 0 65 64
.63f5008eec642 1 0 62 64
.63f5008f0d999 4 0 88 37
2 0 65 97
.63f5008f11340 4 0 64 127
4 1 64 127
4 2 64 127
.63f5008f3a811 1 0 67 64
.63f5008f41230 4 0 88 92
2 0 60 109
.63f5008f44a13 4 0 88 91
2 0 63 89
.63f5008f4ec72 4 0 64 0
4 1 64 0
4 2 64 0
.63f5008f5857b 1 0 65 64
.63f5008f74e5a 4 0 88 13
2 0 62 99
.63f5008f7de19 1 0 63 64
.63f5008fa5802 4 0 88 112
2 0 63 96
.63f5008fa5b86 4 0 88 0
2 0 48 100
.63f5008fb4af2 1 0 62 64
.63f5008fd583f 4 0 88 110
2 0 65 91
.63f5008fd9b2c 1 0 63 64
.63f5009006a2e 4 0 88 40
2 0 63 80
.63f500901715d 1 0 60 64
.63f5009037884 4 0 88 37
2 0 62 97
.63f500904dc45 1 0 63 64
4 0 64 127
4 1 64 127
4 2 64 127
.63f500906a98e 4 0 88 107
2 0 60 96
.63f50090717b2 1 0 62 64
.63f5009073cd9 4 0 64 0
4 1 64 0
4 2 64 0
.63f500909b941 4 0 88 14
2 0 59 94
.63f50090ad14c 1 0 60 64
.63f50090cd6fc 4 0 88 34
2 0 63 96
.63f50090d088b 1 0 59 64
.63f50090e2a63 1 0 65 64
.63f50090e954c 4 0 88 44
2 0 59 45
.63f500910073f 4 0 88 35
2 0 50 102
.63f5009114bc1 1 0 48 64
.63f500912dc22 4 0 88 7
2 0 51 95
.63f5009145d69 1 0 50 64
.63f500915f2be 4 0 88 87
2 0 53 103
.63f500916bb2b 1 0 51 64
.63f5009196fee 4 0 88 24
2 0 50 98
.63f500919834c 4 0 88 112
2 0 62 82
.63f500919c15b 1 0 63 64
.63f50091a4172 4 0 88 41
2 0 51 102
.63f50091af431 1 0 50 64
.63f50091b235e 1 0 53 64
.63f50091d325f 4 0 88 13
2 0 50 99
.63f50091dee46 1 0 51 64
.63f5009204f1b 4 0 88 85
2 0 51 92
.63f5009219e28 1 0 50 64
.63f5009231253 4 0 64 127
4 1 64 127
4 2 64 127
.63f5009239f20 4 0 88 68
2 0 53 105
.63f50092456b8 1 0 59 64
.63f500924d17a 1 0 51 64
.63f50092629bd 4 0 88 59
2 0 60 100
.63f5009266a33 4 0 88 83
2 0 55 98
.63f500926ccaf 1 0 62 64
.63f5009271839 1 0 53 64
.63f500927a607 4 0 64 0
4 1 64 0
4 2 64 0
.63f5009293013 4 0 88 112
2 0 56 96
.63f500929e626 1 0 55 64
.63f50092c6a66 4 0 88 10
2 0 58 92
.63f50092d6cc0 1 0 56 64
.63f50092fa1e7 4 0 88 110
2 0 59 91
.63f5009302c24 1 0 60 64
.63f500932c059 4 0 88 84
2 0 60 93
.63f500933d0b5 1 0 59 64
.63f500934d54c 4 0 64 127
4 1 64 127
4 2 64 127
.63f500935b168 4 0 88 107
2 0 62 96
.63f50093623dd 1 0 60 64
.63f500938d483 4 0 88 47
2 0 60 101
.63f5009392ec6 4 0 88 122
2 0 56 105
.63f50093939d5 4 0 64 0
4 1 64 0
4 2 64 0
.63f500939a8fb 1 0 62 64
.63f500939b7d9 1 0 58 64
.63f50093c2ab9 4 0 88 13
2 0 59 85
.63f50093cc0db 1 0 60 64
.63f50093f5c13 4 0 88 18
2 0 60 104
.63f50093ff41c 1 0 59 64
.63f5009451666 4 0 88 14
2 0 55 94
.63f500945c7cf 1 0 56 64
.63f500947e4d3 4 0 88 98
2 0 53 83
.63f500948ef5c 1 0 55 64
.63f50094b4709 4 0 88 88
2 0 56 98
.63f50094b4fe9 1 0 53 64
.63f50094ea876 4 0 88 41
2 0 55 83
.63f50094fef0a 1 0 56 64
.63f5009518c90 4 0 88 107
2 0 53 96
.63f5009528b68 1 0 55 64
.63f500953c862 4 0 64 127
4 1 64 127
4 2 64 127
.63f500954d33a 4 0 88 24
2 0 52 98
.63f50095592bc 1 0 53 64
.63f500957fe99 4 0 64 0
4 1 64 0
4 2 64 0
.63f500959eed4 4 0 88 8
2 0 50 105
.63f50095afda9 1 0 52 64
.63f50095d9bb2 4 0 88 0
2 0 55 100
.63f5009609002 4 0 88 80
2 0 56 82
.63f500961d70a 1 0 60 64
.63f5009620a78 1 0 55 64
.63f500963a5bf 4 0 88 108
2 0 58 93
.63f500963e4f2 4 0 64 127
4 1 64 127
4 2 64 127
.63f5009644df6 1 0 56 64
.63f500966cb6d 4 0 88 71
2 0 60 99
.63f500966dfb5 1 0 58 64
.63f50096711bc 4 0 88 71
2 0 52 99
.63f5009676097 4 0 64 0
4 1 64 0
4 2 64 0
.63f50096804a7 1 0 50 64
.63f50096a10ed 4 0 88 13
2 0 62 99
.63f50096af7f8 1 0 60 64
.63f50096d4a9c 4 0 88 58
2 0 64 86
.63f50096e0f6b 1 0 62 64
.63f5009703ec9 4 0 88 78
2 0 65 89
.63f5009712471 1 0 64 64
.63f5009737f28 1 0 65 64
.63f5009738f2f 4 0 88 53
2 0 64 62
.63f500973c85e 4 0 88 116
2 0 67 86
.63f500976e555 4 0 88 14
2 0 60 94
.63f5009774dfb 1 0 64 64
.63f50097ccc2f 1 0 60 64
.63f50097cdc34 4 0 88 39
2 0 61 90
.63f50097d88af 4 0 64 127
4 1 64 127
4 2 64 127
.63f5009805cdc 4 0 88 105
2 0 55 101
.63f5009806440 4 0 88 94
2 0 60 97
.63f50098103e0 4 0 64 0
4 1 64 0
4 2 64 0
.63f50098155ec 1 0 61 64
.63f500981b2ad 1 0 67 64
.63f500981c001 1 0 52 64
.63f500983835d 4 0 88 38
2 0 58 99
.63f5009841f67 1 0 60 64
.63f50098698e2 4 0 88 66
2 0 56 88
.63f50098789b8 1 0 58 64
.63f5009879aa2 4 0 64 127
4 1 64 127
4 2 64 127
.63f500987baa2 1 0 55 64
.63f5009896193 4 0 88 95
2 0 55 75
.63f500989a77f 1 0 56 64
.63f50098cb5b6 4 0 88 119
2 0 56 87
.63f50098ceaba 4 0 64 0
4 1 64 0
4 2 64 0
.63f50098dd89f 1 0 55 64
.63f5009903eff 4 0 88 59
2 0 53 100
.63f500993601d 4 0 88 0
2 0 52 100
.63f500993d91f 1 0 53 64
.63f5009943ac0 1 0 56 64
.63f500996d650 4 0 88 117
2 0 53 100
.63f500997be18 1 0 52 64
.63f500999dd66 4 0 88 24
2 0 55 98
.63f50099a4abb 1 0 53 64
.63f50099cd933 4 0 88 43
2 0 56 87
.63f50099d93ca 1 0 55 64
.63f50099fee01 4 0 88 96
2 0 58 86
.63f5009a1399f 1 0 56 64
.63f5009a30e92 4 0 88 27
2 0 60 103
.63f5009a3e170 1 0 58 64
.63f5009a3fcda 4 0 64 127
4 1 64 127
4 2 64 127
.63f5009a5f893 4 0 88 13
2 0 64 85
.63f5009a6bcc6 4 0 64 0
4 1 64 0
4 2 64 0
.63f5009a75207 1 0 60 64
.63f5009a8fabe 4 0 88 107
2 0 65 96
.63f5009a9cd5a 1 0 64 64
.63f5009ac3695 4 0 88 78
2 0 67 89
.63f5009ac3aae 4 0 64 127
4 1 64 127
4 2 64 127
.63f5009acfc75 1 0 65 64
.63f5009af2503 4 0 88 39
2 0 68 90
.63f5009b009a3 1 0 67 64
.63f5009b1b9f7 4 0 64 0
4 1 64 0
4 2 64 0
.63f5009b25d6a 4 0 88 20
2 0 70 86
.63f5009b2692c 4 0 88 13
2 0 60 85
.63f5009b27118 4 0 88 11
2 0 53 81
.63f5009b2d816 1 0 68 64
.63f5009b5550d 4 0 88 103
2 0 67 87
.63f5009b60e22 1 0 70 64
.63f5009b86982 4 0 88 6
2 0 68 82
.63f5009b91fbe 1 0 67 64
.63f5009ba5543 4 0 64 127
4 1 64 127
4 2 64 127
.63f5009bb08e3 4 0 88 80
2 0 70 82
.63f5009bbb957 1 0 68 64
.63f5009be449e 4 0 88 72
2 0 68 85
.63f5009bee928 4 0 64 0
4 1 64 0
4 2 64 0
.63f5009c00db9 1 0 70 64
.63f5009c18caa 4 0 88 20
2 0 67 89
.63f5009c42dbd 1 0 68 64
.63f5009c490a0 4 0 88 78
2 0 65 89
.63f5009c519d7 1 0 67 64
.63f5009c5561d 4 0 88 47
2 0 68 25
.63f5009c789a1 4 0 88 28
2 0 64 84
.63f5009c7a0f2 1 0 65 64
.63f5009c7b2b8 4 0 64 127
4 1 64 127
4 2 64 127
.63f5009ca43e7 4 0 64 0
4 1 64 0
4 2 64 0
.63f5009cacfa8 4 0 88 77
2 0 65 104
.63f5009cb3ee6 1 0 64 64
.63f5009cca58f 4 0 64 127
4 1 64 127
4 2 64 127
.63f5009cd2fe6 1 0 53 64
.63f5009cd7c0e 1 0 60 64
.63f5009cdf555 4 0 88 51
2 0 67 78
1 0 68 64
.63f5009ce4ad3 1 0 65 64
.63f5009d06589 1 0 67 64
.63f5009d087f6 4 0 88 43
2 0 68 87
.63f5009d0dff7 4 0 88 7
2 0 51 95
.63f5009d0e8e4 4 0 88 82
2 0 60 110
.63f5009d10a4a 4 0 64 0
4 1 64 0
4 2 64 0
.63f5009d3aa10 4 0 88 110
2 0 67 91
.63f5009d3c8f1 4 0 64 127
4 1 64 127
4 2 64 127
.63f5009d63ba5 1 0 60 64
.63f5009d6cac2 4 0 88 24
2 0 65 98
.63f5009d6d2a6 4 0 88 62
2 0 58 91
.63f5009d70077 4 0 88 36
2 0 68 25
.63f5009d74435 4 0 64 0
4 1 64 0
4 2 64 0
.63f5009d74a59 1 0 67 64
.63f5009d9cd3b 4 0 88 1
2 0 64 86
.63f5009d9dffa 4 0 88 59
2 0 60 100
.63f5009da027c 1 0 65 64
.63f5009da436b 1 0 58 64
.63f5009dcbdd3 4 0 88 14
2 0 62 94
.63f5009dcda0c 4 0 88 95
2 0 52 75
.63f5009dd2bb6 4 0 88 13
2 0 65 99
.63f5009dd6ce9 1 0 64 64
.63f5009ddad99 1 0 51 64
.63f5009de31e1 1 0 60 64
.63f5009df5a81 1 0 52 64
.63f5009e06e86 4 0 88 37
2 0 67 97
.63f5009e072f7 1 0 65 64
.63f5009e32c0d 4 0 64 127
4 1 64 127
4 2 64 127
.63f5009e353ab 4 0 88 41
2 0 65 83
.63f5009e43162 1 0 68 64
1 0 68 64
.63f5009e467ef 1 0 62 64
.63f5009e49323 1 0 67 64
.63f5009e5e400 4 0 88 46
2 0 68 18
.63f5009e673a0 4 0 88 14
2 0 64 94
.63f5009e6b594 1 0 65 64
.63f5009e74f01 1 0 68 64
.63f5009e936d9 4 0 64 0
4 1 64 0
4 2 64 0
.63f5009e980d7 4 0 88 13
2 0 62 99
.63f5009e99c38 4 0 88 39
2 0 58 90
.63f5009e9db50 4 0 88 33
2 0 51 76
.63f5009eaaf4c 1 0 64 64
.63f5009eadbf7 4 0 64 127
4 1 64 127
4 2 64 127
.63f5009ec7eb4 1 0 51 64
.63f5009ec9047 4 0 88 78
2 0 64 76
.63f5009ed46d2 1 0 58 64
.63f5009ed7110 1 0 62 64
.63f5009ef7055 4 0 64 0
4 1 64 0
4 2 64 0
.63f5009ef8146 4 0 88 72
2 0 50 94
.63f5009efa430 4 0 88 48
2 0 58 84
.63f5009efb710 4 0 88 84
2 0 60 93
.63f5009efd075 4 0 88 28
2 0 65 84
.63f5009efe9ea 1 0 64 64
.63f5009f2e799 4 0 88 27
2 0 57 93
.63f5009f2f261 4 0 88 71
2 0 62 99
.63f5009f30551 1 0 58 64
.63f5009f400d0 1 0 60 64
.63f5009f67197 4 0 88 117
2 0 60 100
1 0 57 64
.63f5009f69f8d 1 0 62 64
.63f5009fca04b 4 0 88 13
2 0 62 99
.63f5009fd4ef5 1 0 60 64
.63f5009fe463e 4 0 64 127
4 1 64 127
4 2 64 127
.63f5009feeb4c 1 0 65 64
.63f5009ff89f1 4 0 88 65
2 0 64 90
.63f5009ffb990 1 0 62 64
.63f500a007847 4 0 88 67
2 0 65 33
.63f500a01fec4 1 0 65 64
.63f500a027602 4 0 88 68
2 0 57 105
.63f500a027e81 4 0 88 78
2 0 62 89
.63f500a033820 4 0 64 0
4 1 64 0
4 2 64 0
.63f500a03599f 1 0 64 64
.63f500a03d9f3 1 0 50 64
.63f500a03f264 4 0 64 127
4 1 64 127
4 2 64 127
.63f500a057dff 4 0 88 37
2 0 60 97
.63f500a05eda9 1 0 62 64
.63f500a066fe4 1 0 57 64
.63f500a08702b 4 0 88 39
2 0 48 68
.63f500a0873a3 4 0 88 33
2 0 58 93
.63f500a08766a 4 0 88 45
2 0 55 87
.63f500a0892ca 4 0 88 63
2 0 47 64
.63f500a08e4ba 4 0 64 0
4 1 64 0
4 2 64 0
.63f500a095c50 1 0 60 64
.63f500a0ab0e7 1 0 47 64
.63f500a0bb250 4 0 88 59
2 0 60 100
.63f500a0bf7f0 1 0 58 64
.63f500a0e6751 4 0 88 57
2 0 56 94
.63f500a0e8679 4 0 88 107
2 0 61 76
.63f500a0efac8 1 0 55 64
.63f500a0f3ea5 1 0 60 64
.63f500a120891 4 0 88 85
2 0 58 92
.63f500a13a28d 1 0 61 64
.63f500a153ebf 4 0 88 83
2 0 60 98
.63f500a160956 1 0 58 64
.63f500a1636fd 1 0 56 64
.63f500a183c7b 4 0 88 19
2 0 61 79
.63f500a184638 4 0 64 127
4 1 64 127
4 2 64 127
.63f500a18ce1b 1 0 60 64
.63f500a1b5998 4 0 88 105
2 0 53 101
.63f500a1b7ce6 4 0 88 39
2 0 60 92
.63f500a1c1f8f 4 0 64 0
4 1 64 0
4 2 64 0
.63f500a1c4a8b 1 0 61 64
.63f500a1d6771 4 0 64 127
4 1 64 127
4 2 64 127
.63f500a1d68d3 1 0 48 64
.63f500a1e3795 4 0 88 119
2 0 58 87
.63f500a1eda03 1 0 60 64
.63f500a1fe1ea 1 0 53 64
.63f500a215d7e 4 0 88 33
2 0 56 93
.63f500a216e43 4 0 88 52
2 0 46 38
.63f500a2186c4 4 0 88 58
2 0 53 86
.63f500a21a2f9 1 0 58 64
.63f500a21cbe4 4 0 64 0
4 1 64 0
4 2 64 0
.63f500a242e8b 4 0 88 65
2 0 55 90
.63f500a24418e 1 0 56 64
.63f500a272473 4 0 88 99
2 0 56 72
.63f500a27aac8 1 0 55 64
.63f500a29058e 1 0 53 64
.63f500a29fdc5 1 0 46 64
.63f500a2a5823 4 0 88 0
2 0 53 100
.63f500a2afa9d 4 0 88 55
2 0 46 46
.63f500a2c25c0 1 0 46 64
.63f500a2d39d3 4 0 88 31
2 0 46 20
.63f500a2db371 4 0 64 127
4 1 64 127
4 2 64 127
.63f500a2de47a 4 0 88 96
2 0 52 102
.63f500a2e3395 4 0 88 27
2 0 45 26
.63f500a2e63e6 1 0 53 64
.63f500a2f6ba6 1 0 45 64
.63f500a304437 4 0 64 0
4 1 64 0
4 2 64 0
.63f500a304571 1 0 46 64
.63f500a3072ae 4 0 64 127
4 1 64 127
4 2 64 127
.63f500a30a13e 4 0 64 0
4 1 64 0
4 2 64 0
.63f500a30fc0f 4 0 88 117
2 0 53 100
.63f500a3179a4 1 0 52 64
.63f500a33e4a1 4 0 88 7
2 0 55 90
.63f500a348790 1 0 53 64
.63f500a350738 4 0 64 127
4 1 64 127
4 2 64 127
.63f500a36af85 4 0 88 35
2 0 52 102
.63f500a3744f5 1 0 55 64
.63f500a3a2d72 4 0 88 59
2 0 53 106
.63f500a3a55ed 4 0 64 0
4 1 64 0
4 2 64 0
.63f500a3ab7b5 1 0 52 64
.63f500a3d4344 4 0 88 48
2 0 60 96
.63f500a3e2bb9 1 0 56 64
.63f500a400f4f 4 0 88 25
2 0 56 83
.63f500a410930 1 0 53 64
.63f500a411c02 4 0 64 127
4 1 64 127
4 2 64 127
.63f500a430a41 4 0 88 71
2 0 55 99
.63f500a445488 1 0 56 64
.63f500a4628d5 4 0 88 112
2 0 49 96
.63f500a4645e2 4 0 88 37
2 0 53 97
.63f500a4699cf 1 0 55 64
.63f500a46c9ef 4 0 64 0
4 1 64 0
4 2 64 0
.63f500a494ef4 4 0 88 2
2 0 55 95
.63f500a4a47c3 1 0 53 64
.63f500a4c6ea2 4 0 88 91
2 0 56 89
.63f500a4cede9 1 0 55 64
.63f500a4d5284 1 0 60 64
.63f500a4f3735 4 0 64 127
4 1 64 127
4 2 64 127
.63f500a4f6a62 4 0 88 59
2 0 53 100
.63f500a4fd9f3 1 0 56 64
.63f500a520514 4 0 88 48
2 0 44 84
.63f500a527585 1 0 49 64
.63f500a52925e 4 0 88 60
2 0 55 95
.63f500a529567 4 0 88 24
2 0 60 80
1 0 53 64
.63f500a530f35 4 0 64 0
4 1 64 0
4 2 64 0
.63f500a555f36 4 0 88 20
2 0 49 86
.63f500a589306 4 0 88 68
2 0 48 81
.63f500a591d9f 1 0 49 64
.63f500a5bb65f 4 0 88 72
2 0 49 85
.63f500a5bf31b 1 0 48 64
.63f500a5ebcc7 4 0 88 25
2 0 51 83
.63f500a5f5f92 1 0 49 64
.63f500a61644d 4 0 88 14
2 0 48 94
.63f500a6196a3 1 0 51 64
.63f500a645df4 4 0 88 19
2 0 49 79
.63f500a6558a7 1 0 48 64
.63f500a67341c 4 0 64 127
4 1 64 127
4 2 64 127
.63f500a6790d2 4 0 88 38
2 0 51 99
.63f500a682431 1 0 49 64
.63f500a6a070c 1 0 44 64
.63f500a6b092e 1 0 51 64
.63f500a6b52b5 4 0 88 1
2 0 48 86
.63f500a6b919f 4 0 88 33
2 0 44 76
.63f500a6bb08d 4 0 88 87
2 0 47 26
.63f500a6c71af 1 0 55 64
.63f500a6cc57f 1 0 47 64
.63f500a6ce0bc 4 0 64 0
4 1 64 0
4 2 64 0
.63f500a6e4831 4 0 88 105
2 0 53 101
.63f500a710b2d 4 0 88 84
2 0 55 93
.63f500a719827 1 0 60 64
.63f500a71b05c 1 0 53 64
.63f500a740c1f 4 0 88 85
2 0 56 92
.63f500a74921c 4 0 64 127
4 1 64 127
4 2 64 127
.63f500a74c971 1 0 55 64
.63f500a772884 4 0 88 127
2 0 58 77
.63f500a783bb8 4 0 64 0
4 1 64 0
4 2 64 0
.63f500a786ab6 4 0 64 127
4 1 64 127
4 2 64 127
1 0 56 64
.63f500a79f017 1 0 58 64
.63f500a7a08a5 4 0 88 107
2 0 60 96
.63f500a7a88ec 4 0 88 100
2 0 53 108
.63f500a7c146e 4 0 64 0
4 1 64 0
4 2 64 0
.63f500a7c3c63 1 0 48 64
.63f500a7d59d2 4 0 88 107
2 0 62 96
.63f500a7d8ae1 4 0 88 7
2 0 52 90
.63f500a7e51c4 1 0 60 64
.63f500a7fcfe8 1 0 53 64
.63f500a804ae3 4 0 88 33
2 0 53 88
.63f500a8060dc 4 0 88 84
2 0 64 93
.63f500a80a7a8 4 0 64 127
4 1 64 127
4 2 64 127
.63f500a813ac6 1 0 52 64
.63f500a8169d6 1 0 62 64
.63f500a818e80 1 0 44 64
.63f500a82421a 1 0 53 64
.63f500a835d77 4 0 88 118
2 0 65 95
.63f500a83736f 4 0 88 57
2 0 44 94
.63f500a838f74 4 0 88 92
2 0 55 109
.63f500a841f90 1 0 64 64
.63f500a84220e 4 0 64 0
4 1 64 0
4 2 64 0
.63f500a871d8b 4 0 88 57
2 0 63 94
.63f500a8a213c 4 0 88 66
2 0 61 88
.63f500a8b34b7 1 0 63 64
.63f500a8d3fd6 4 0 88 0
2 0 60 100
.63f500a8d9495 1 0 61 64
.63f500a8f4e6c 1 0 44 64
.63f500a8fdaff 4 0 64 127
4 1 64 127
4 2 64 127
.63f500a902689 4 0 88 114
2 0 61 90
.63f500a9067de 4 0 64 0
4 1 64 0
4 2 64 0
.63f500a9075e8 4 0 88 37
2 0 43 97
.63f500a911efb 4 0 88 36
2 0 45 41
.63f500a9121fa 1 0 60 64
.63f500a921ce5 1 0 45 64
.63f500a930919 1 0 61 64
.63f500a93525b 4 0 88 96
2 0 63 86
.63f500a95e085 1 0 65 64
.63f500a96454f 4 0 88 80
2 0 61 82
.63f500a97ba1a 1 0 63 64
.63f500a9910ef 4 0 88 2
2 0 60 95
.63f500a99323d 4 0 64 127
4 1 64 127
4 2 64 127
.63f500a99a158 1 0 61 64
.63f500a9bed2e 4 0 88 110
2 0 65 91
.63f500a9bf68e 1 0 60 64
.63f500a9c2cb4 4 0 88 85
2 0 58 95
.63f500a9cdc44 4 0 64 0
4 1 64 0
4 2 64 0
.63f500a9f84a7 4 0 88 60
2 0 60 95
.63f500aa0ee49 1 0 58 64
.63f500aa2a561 4 0 88 38
2 0 61 99
.63f500aa34c61 1 0 55 64
.63f500aa3ef88 1 0 60 64
.63f500aa610bb 4 0 88 100
2 0 55 108
.63f500aa90e17 4 0 88 118
2 0 53 95
.63f500aa9ad6d 4 0 64 127
4 1 64 127
4 2 64 127
.63f500aa9e725 1 0 55 64
.63f500aac3fa7 4 0 88 117
2 0 55 100
.63f500aaca64a 1 0 53 64
.63f500aae9f73 4 0 64 0
4 1 64 0
4 2 64 0
.63f500aaf6d0d 4 0 88 117
2 0 52 100
.63f500ab0165b 1 0 55 64
.63f500ab15ed1 4 0 64 127
4 1 64 127
4 2 64 127
.63f500ab23dc1 4 0 88 0
2 0 53 106
.63f500ab2d621 1 0 52 64
.63f500ab402ef 1 0 61 64
.63f500ab4f244 4 0 88 8
2 0 55 105
.63f500ab55ea4 1 0 53 64
.63f500ab56544 4 0 64 0
4 1 64 0
4 2 64 0
.63f500ab6c546 1 0 65 64
.63f500ab82cb8 4 0 88 91
2 0 56 89
.63f500abb1c3d 1 0 55 64
.63f500abb2bea 4 0 88 96
2 0 58 86
.63f500abb7086 4 0 64 127
4 1 64 127
4 2 64 127
.63f500abc0829 1 0 56 64
.63f500abe094b 1 0 43 64
.63f500abe4732 4 0 88 97
2 0 60 92
.63f500abf119b 1 0 58 64
.63f500ac0b56d 4 0 88 13
2 0 43 85
.63f500ac0c6e6 4 0 88 94
2 0 52 97
.63f500ac1158b 4 0 88 48
2 0 61 84
.63f500ac17c4f 4 0 64 0
4 1 64 0
4 2 64 0
.63f500ac1de0c 1 0 60 64
.63f500ac481a0 4 0 88 60
2 0 60 95
.63f500ac7a06d 4 0 88 40
2 0 58 80
.63f500ac82b8f 1 0 61 64
.63f500ac8f15f 1 0 60 64
.63f500ac95b81 4 0 64 127
4 1 64 127
4 2 64 127
.63f500aca2964 4 0 88 114
2 0 56 80
.63f500acb4e86 1 0 58 64
.63f500accf0a8 1 0 56 64
.63f500acd04c8 4 0 64 0
4 1 64 0
4 2 64 0
.63f500acd35bd 4 0 88 119
2 0 67 106
.63f500acd7b3c 1 0 52 64
.63f500ad05080 4 0 88 2
2 0 52 95
.63f500ad10cce 4 0 64 127
4 1 64 127
4 2 64 127
.63f500ad35910 4 0 88 15
2 0 50 73
.63f500ad3cb0d 4 0 88 3
2 0 52 37
.63f500ad46f10 1 0 67 64
.63f500ad6e015 1 0 50 64
.63f500ad89b76 4 0 88 117
2 0 53 100
.63f500ad91b40 4 0 64 0
4 1 64 0
4 2 64 0
.63f500adbf47c 4 0 88 97
2 0 55 92
.63f500adcdcf4 1 0 53 64
.63f500adf11ce 4 0 88 14
2 0 56 89
.63f500adf9ed7 1 0 55 64
.63f500ae0104d 4 0 64 127
4 1 64 127
4 2 64 127
.63f500ae0718c 1 0 43 64
.63f500ae1ec84 4 0 88 85
2 0 58 95
.63f500ae2a3ed 1 0 56 64
.63f500ae502ff 4 0 88 11
2 0 41 81
.63f500ae51cb8 4 0 88 85
2 0 56 92
.63f500ae56041 4 0 64 0
4 1 64 0
4 2 64 0
.63f500ae811bd 4 0 88 110
2 0 55 91
.63f500ae83e14 1 0 58 64
.63f500ae8f29f 1 0 56 64
.63f500aeb4aab 4 0 88 60
2 0 53 95
.63f500aeb9516 1 0 55 64
.63f500aec560d 4 0 64 127
4 1 64 127
4 2 64 127
.63f500aee2f15 4 0 88 1
2 0 55 86
.63f500aef7258 1 0 53 64
.63f500af0bb1d 4 0 64 0
4 1 64 0
4 2 64 0
.63f500af16a8c 4 0 88 69
2 0 61 67
.63f500af1e290 1 0 55 64
.63f500af46214 4 0 88 60
2 0 56 81
.63f500af6686a 4 0 64 127
4 1 64 127
4 2 64 127
.63f500af75421 4 0 88 1
2 0 55 86
.63f500af85015 1 0 56 64
.63f500af8e0e3 1 0 61 64
.63f500afa308f 4 0 88 28
2 0 53 84
.63f500afb3ddc 1 0 55 64
.63f500afc3ddb 1 0 52 64
1 0 52 64
.63f500afc43ca 4 0 64 0
4 1 64 0
4 2 64 0
.63f500afca650 1 0 53 64
.63f500afd17b4 4 0 88 78
2 0 60 89
.63f500afd305b 4 0 88 114
2 0 56 80
.63f500b00a42c 4 0 88 118
2 0 43 95
.63f500b01fc9e 1 0 41 64
.63f500b0381a1 4 0 88 72
2 0 44 85
.63f500b04c31c 1 0 43 64
.63f500b06271d 4 0 88 34
2 0 46 96
.63f500b07617c 1 0 44 64
.63f500b092de6 4 0 88 27
2 0 55 93
.63f500b09531d 4 0 88 105
2 0 48 101
.63f500b09b95e 1 0 46 64
.63f500b09d140 1 0 56 64
.63f500b0c628c 4 0 88 96
2 0 49 86
.63f500b0d1176 1 0 48 64
.63f500b0f7f99 4 0 88 105
2 0 48 101
.63f500b0fd088 1 0 49 64
.63f500b126744 4 0 88 20
2 0 46 86
.63f500b1372aa 1 0 48 64
.63f500b156ccd 4 0 88 61
2 0 44 97
.63f500b15b86c 4 0 64 127
4 1 64 127
4 2 64 127
.63f500b1617f3 1 0 46 64
.63f500b1832d6 4 0 88 40
2 0 46 80
.63f500b1975d0 1 0 44 64
.63f500b1ad9a2 4 0 64 0
4 1 64 0
4 2 64 0
.63f500b1b5ff1 4 0 88 64
2 0 48 112
.63f500b1c1e80 1 0 46 64
.63f500b1c3b04 1 0 55 64
.63f500b1e4985 4 0 88 59
2 0 53 100
.63f500b218a84 4 0 88 48
2 0 55 96
.63f500b227fc4 1 0 53 64
.63f500b22b3aa 1 0 60 64
.63f500b24bd3a 4 0 88 85
2 0 56 95
.63f500b2572c0 1 0 55 64
.63f500b27c4c5 4 0 88 85
2 0 58 92
.63f500b27e072 1 0 48 64
.63f500b27fc42 4 0 88 122
2 0 44 105
.63f500b28583f 1 0 56 64
.63f500b29ddb8 4 0 64 127
4 1 64 127
4 2 64 127
.63f500b2ad905 4 0 88 10
2 0 56 98
.63f500b2ce89a 1 0 58 64
.63f500b2dce69 4 0 88 31
2 0 48 109
.63f500b2de44c 4 0 64 0
4 1 64 0
4 2 64 0
.63f500b2e2626 4 0 88 71
2 0 55 99
.63f500b2e4447 1 0 44 64
.63f500b2f43c2 1 0 56 64
.63f500b310fe4 4 0 88 91
2 0 46 89
.63f500b321ec2 1 0 48 64
.63f500b34170a 4 0 88 34
2 0 44 96
.63f500b35184a 1 0 46 64
.63f500b370521 4 0 88 118
2 0 43 95
.63f500b37b97e 1 0 44 64
.63f500b39c0c8 4 0 88 71
2 0 41 99
.63f500b3a4f1f 1 0 43 64
.63f500b3cd852 4 0 88 2
2 0 43 95
.63f500b3e3c2b 1 0 41 64
.63f500b3f8fd5 4 0 88 85
2 0 44 92
.63f500b402f1f 1 0 43 64
.63f500b417d67 4 0 64 127
4 1 64 127
4 2 64 127
.63f500b42f3f0 4 0 88 33
2 0 41 88
.63f500b42faf1 4 0 88 27
2 0 40 93
.63f500b431571 1 0 44 64
.63f500b44c7a7 1 0 55 64
.63f500b456224 1 0 40 64
.63f500b45d8ac 4 0 88 18
2 0 43 104
.63f500b466ed6 4 0 64 0
4 1 64 0
4 2 64 0
.63f500b46d741 1 0 41 64
.63f500b49a27d 4 0 88 0
2 0 48 106
.63f500b4c634e 4 0 88 125
2 0 49 84
.63f500b4cfee1 1 0 48 64
.63f500b4f3bb6 4 0 88 66
2 0 51 88
.63f500b500336 1 0 49 64
.63f500b5278ad 1 0 51 64
.63f500b527e83 4 0 88 72
2 0 53 94
.63f500b532fce 4 0 88 84
2 0 52 20
.63f500b54ffe3 1 0 52 64
.63f500b55289f 4 0 88 85
2 0 54 42
.63f500b556169 4 0 88 94
2 0 55 97
.63f500b55e492 1 0 53 64
.63f500b5634d2 1 0 54 64
.63f500b586df3 4 0 88 77
2 0 48 104
.63f500b589189 4 0 88 117
2 0 57 100
.63f500b58fc3d 1 0 43 64
.63f500b5a95b3 1 0 55 64
.63f500b5b6b14 4 0 88 62
2 0 58 91
.63f500b5b7e2a 4 0 64 127
4 1 64 127
4 2 64 127
.63f500b5c0bd8 1 0 57 64
.63f500b5e9b42 4 0 64 0
4 1 64 0
4 2 64 0
.63f500b5eba7d 4 0 88 84
2 0 50 93
.63f500b5fc438 4 0 88 18
2 0 56 40
.63f500b5fde42 1 0 48 64
.63f500b60d8a0 1 0 56 64
.63f500b6298b3 4 0 88 59
2 0 52 106
.63f500b635158 1 0 50 64
.63f500b65d6a1 4 0 88 59
2 0 53 100
.63f500b668150 1 0 52 64
.63f500b692e5f 4 0 88 71
2 0 50 99
.63f500b6a2909 1 0 53 64
.63f500b6bf583 4 0 88 71
2 0 52 99
.63f500b6d1a58 1 0 50 64
.63f500b6f251a 4 0 88 37
2 0 53 97
.63f500b6fbc3d 1 0 52 64
.63f500b7290d3 4 0 88 85
2 0 56 95
.63f500b734713 1 0 53 64
.63f500b7379ca 1 0 58 64
.63f500b759264 4 0 88 59
2 0 55 100
.63f500b75eb16 1 0 56 64
.63f500b766976 4 0 64 127
4 1 64 127
4 2 64 127
.63f500b78e7a8 4 0 88 60
2 0 53 95
.63f500b79c713 1 0 55 64
.63f500b7aceb7 4 0 64 0
4 1 64 0
4 2 64 0
.63f500b7bf36d 4 0 88 34
2 0 51 96
.63f500b7cf98e 1 0 53 64
.63f500b7d8d5d 4 0 64 127
4 1 64 127
4 2 64 127
.63f500b7ed2d9 4 0 88 48
2 0 50 96
.63f500b7f1e24 1 0 51 64
.63f500b80d9b2 4 0 64 0
4 1 64 0
4 2 64 0
.63f500b81f777 4 0 88 93
2 0 51 79
.63f500b833d46 1 0 50 64
.63f500b853299 4 0 88 27
2 0 53 103
.63f500b85b6c8 1 0 51 64
.63f500b882312 4 0 88 35
2 0 50 102
.63f500b88df32 1 0 53 64
.63f500b8aec0e 4 0 64 127
4 1 64 127
4 2 64 127
.63f500b8b1a76 4 0 88 10
2 0 51 92
.63f500b8c4d81 1 0 50 64
.63f500b8db156 4 0 88 96
2 0 53 102
.63f500b8e4549 1 0 51 64
.63f500b8faf06 4 0 64 0
4 1 64 0
4 2 64 0
.63f500b91741d 4 0 88 64
2 0 47 112
.63f500b9197ac 1 0 53 64
.63f500b94edf9 4 0 88 107
2 0 55 96
.63f500b97f7fa 4 0 88 79
2 0 59 69
.63f500b98873f 1 0 55 64
.63f500b98c6df 4 0 88 53
2 0 57 23
.63f500b99cdb4 1 0 57 64
.63f500b9ac5a1 4 0 88 105
2 0 60 101
.63f500b9b4f63 1 0 59 64
.63f500b9de07b 4 0 88 60
2 0 62 95
.63f500b9e06c3 1 0 60 64
.63f500ba0cac6 4 0 88 96
2 0 60 102
.63f500ba33891 1 0 62 64
.63f500ba391d6 4 0 88 84
2 0 59 93
.63f500ba45f93 1 0 60 64
.63f500ba4ecb2 4 0 64 127
4 1 64 127
4 2 64 127
.63f500ba68939 4 0 88 0
2 0 57 100
.63f500ba6c076 1 0 59 64
.63f500ba999fd 1 0 57 64
.63f500ba9bb12 4 0 88 24
2 0 65 98
.63f500ba9de30 4 0 64 0
4 1 64 0
4 2 64 0
.63f500baa1a88 4 0 88 90
2 0 62 88
.63f500bac6f1e 4 0 64 127
4 1 64 127
4 2 64 127
.63f500bacb44a 1 0 65 64
.63f500bacdf63 4 0 88 107
2 0 63 76
.63f500baed0b0 4 0 64 0
4 1 64 0
4 2 64 0
.63f500bafc2d5 1 0 63 64
.63f500bafc5ee 4 0 88 84
2 0 65 93
.63f500bb2d8b7 4 0 88 11
2 0 55 81
.63f500bb617f8 4 0 88 0
2 0 53 100
.63f500bb6978c 1 0 55 64
.63f500bb917c1 4 0 88 38
2 0 55 79
.63f500bb91c3d 1 0 53 64
.63f500bbc5da2 4 0 88 108
2 0 56 93
.63f500bbd08c1 1 0 55 64
.63f500bbdeb8f 1 0 47 64
.63f500bbebefa 4 0 64 127
4 1 64 127
4 2 64 127
.63f500bc0316b 4 0 88 59
2 0 48 100
.63f500bc11937 1 0 56 64
.63f500bc319cf 4 0 88 13
2 0 55 99
.63f500bc323e3 4 0 64 0
4 1 64 0
4 2 64 0
.63f500bc73672 4 0 88 105
2 0 57 101
.63f500bc7d586 1 0 55 64
.63f500bca1a3b 4 0 88 83
2 0 55 98
.63f500bca2cc2 1 0 57 64
.63f500bcdb7f7 4 0 88 97
2 0 53 92
.63f500bcea125 1 0 55 64
.63f500bd0c03d 4 0 88 88
2 0 51 98
.63f500bd1615b 1 0 53 64
.63f500bd35ba5 1 0 51 64
.63f500bd407e2 4 0 88 35
2 0 53 102
.63f500bd72675 4 0 88 112
2 0 51 96
.63f500bd88e2c 1 0 53 64
.63f500bd91f81 1 0 48 64
.63f500bd97b96 4 0 64 127
4 1 64 127
4 2 64 127
.63f500bd9f993 4 0 88 14
2 0 50 94
.63f500bdada99 1 0 51 64
.63f500bdcd2af 1 0 50 64
.63f500bdcedac 4 0 88 72
2 0 51 85
.63f500bdd1869 4 0 88 59
2 0 48 100
.63f500bde0ff0 4 0 64 0
4 1 64 0
4 2 64 0
.63f500bdf4022 1 0 62 64
.63f500be07e3c 4 0 88 118
2 0 57 95
.63f500be3603e 4 0 88 107
2 0 60 96
.63f500be44ed3 1 0 57 64
.63f500be5521e 1 0 65 64
.63f500be670d6 4 0 88 37
2 0 62 97
.63f500be74919 1 0 60 64
.63f500be9893b 4 0 88 20
2 0 63 86
.63f500bea1de7 1 0 62 64
.63f500bec4d22 4 0 88 47
2 0 65 101
.63f500bec859e 1 0 63 64
.63f500beeba2b 4 0 64 127
4 1 64 127
4 2 64 127
.63f500bef3cb9 4 0 88 65
2 0 67 90
.63f500bef84b6 1 0 65 64
.63f500bf009d3 4 0 88 50
2 0 60 107
.63f500bf0bd98 4 0 64 0
4 1 64 0
4 2 64 0
.63f500bf10c09 1 0 48 64
.63f500bf11a3e 4 0 64 127
4 1 64 127
4 2 64 127
.63f500bf20828 1 0 51 64
.63f500bf2b8da 4 0 88 20
2 0 69 89
.63f500bf35089 1 0 67 64
.63f500bf58056 4 0 64 0
4 1 64 0
4 2 64 0
.63f500bf586f7 4 0 88 114
2 0 58 80
.63f500bf59cd3 4 0 88 60
2 0 71 95
.63f500bf661a6 1 0 69 64
.63f500bf69167 1 0 60 64
.63f500bf88dd6 4 0 88 48
2 0 72 96
.63f500bf8b05c 4 0 88 0
2 0 60 106
.63f500bf94337 1 0 58 64
.63f500bf9447f 1 0 71 64
.63f500bfc1848 4 0 88 8
2 0 62 105
.63f500bfd24df 1 0 60 64
.63f500bfef6ad 4 0 88 25
2 0 63 83
.63f500bff862c 1 0 62 64
.63f500c018dc3 4 0 88 107
2 0 65 96
.63f500c043356 1 0 72 64
4 0 88 39
2 0 67 92
.63f500c04e970 1 0 65 64
.63f500c059db7 4 0 64 127
4 1 64 127
4 2 64 127
.63f500c077a44 4 0 88 14
2 0 68 89
.63f500c07bfe4 4 0 88 59
2 0 62 100
.63f500c08156f 1 0 67 64
.63f500c084be9 1 0 63 64
.63f500c08e99d 4 0 64 0
4 1 64 0
4 2 64 0
.63f500c0a8425 4 0 88 80
2 0 70 82
.63f500c0b14a3 4 0 88 80
2 0 63 82
.63f500c0bb833 1 0 68 64
.63f500c0c0a1c 1 0 62 64
.63f500c0d6756 4 0 88 13
2 0 72 99
.63f500c0d8483 1 0 70 64
.63f500c0e5cb7 4 0 88 77
2 0 67 104
.63f500c0ea96f 4 0 88 116
2 0 65 54
.63f500c0ed2ce 1 0 63 64
.63f500c0f70ef 1 0 65 64
.63f500c11263e 4 0 88 33
2 0 65 88
.63f500c1220b7 1 0 67 64
.63f500c13fa8b 4 0 88 20
2 0 63 86
.63f500c1440ba 4 0 88 8
2 0 74 105
.63f500c1454c6 1 0 65 64
.63f500c151faa 1 0 72 64
.63f500c16d1ba 4 0 88 47
2 0 65 101
.63f500c17e557 1 0 63 64
.63f500c1a1c80 4 0 88 20
2 0 67 89
.63f500c1a598c 1 0 65 64
.63f500c1a70a1 4 0 88 65
2 0 75 100
.63f500c1b51ad 1 0 74 64
.63f500c1d43c4 4 0 88 114
2 0 68 90
.63f500c1d569e 4 0 88 24
2 0 77 98
.63f500c1e2af0 1 0 67 64
.63f500c1e6746 1 0 75 64
.63f500c203c22 4 0 88 118
2 0 79 95
.63f500c204cf2 4 0 88 48
2 0 69 96
4 0 88 65
2 0 67 90
.63f500c2055cb 1 0 68 64
.63f500c20fef3 1 0 77 64
.63f500c226207 1 0 69 64
.63f500c2339a6 4 0 88 14
2 0 68 89
.63f500c24225f 1 0 67 64
.63f500c260730 4 0 88 105
2 0 74 101
.63f500c26225e 4 0 88 10
2 0 70 98
.63f500c26ada4 1 0 68 64
.63f500c279c5f 1 0 79 64
.63f500c291da8 4 0 88 33
2 0 68 93
.63f500c2a0f3d 1 0 70 64
.63f500c2bf742 4 0 88 71
2 0 67 99
.63f500c2c19f6 4 0 88 105
2 0 77 101
.63f500c2c7252 1 0 74 64
.63f500c2c76b7 1 0 68 64
.63f500c2eb353 4 0 88 24
2 0 65 98
.63f500c2eeb4b 4 0 88 7
2 0 75 95
.63f500c2f6233 1 0 67 64
.63f500c2ff7f4 1 0 77 64
.63f500c31f47d 4 0 88 97
2 0 67 92
.63f500c31fdd2 4 0 88 37
2 0 77 97
.63f500c320074 1 0 65 64
.63f500c328d8a 1 0 75 64
.63f500c34f40b 4 0 88 114
2 0 63 90
.63f500c357423 1 0 67 64
.63f500c37e39e 4 0 88 59
2 0 65 100
.63f500c37f8b6 4 0 88 48
2 0 69 96
.63f500c38dcef 1 0 63 64
.63f500c3a8b9a 4 0 88 59
2 0 67 100
.63f500c3acce3 1 0 65 64
.63f500c3d9f10 1 0 67 64
.63f500c3da1f9 4 0 88 91
2 0 63 89
.63f500c3e2b9e 4 0 88 61
2 0 75 97
.63f500c3f5589 1 0 77 64
.63f500c408fd0 4 0 88 48
2 0 62 96
.63f500c41057c 1 0 63 64
.63f500c411564 4 0 88 18
2 0 74 104
.63f500c425312 1 0 75 64
.63f500c43b74a 4 0 88 85
2 0 75 92
.63f500c43e82d 4 0 88 59
2 0 60 106
.63f500c445793 1 0 74 64
.63f500c44a210 1 0 62 64
.63f500c470d08 4 0 88 65
2 0 59 90
.63f500c47f636 1 0 60 64
.63f500c498367 4 0 88 23
2 0 57 76
.63f500c49c7d0 1 0 59 64
.63f500c4a11f8 1 0 69 64
.63f500c4a32e2 4 0 88 72
2 0 56 13
.63f500c4bddec 4 0 88 88
2 0 58 98
.63f500c4be6b4 1 0 56 64
.63f500c4cacd1 1 0 57 64
.63f500c4f2194 4 0 88 59
2 0 60 100
.63f500c5145df 1 0 75 64
.63f500c519028 4 0 88 117
2 0 62 100
.63f500c5229d2 4 0 64 127
4 1 64 127
4 2 64 127
.63f500c54632e 4 0 88 118
2 0 65 95
.63f500c55618b 4 0 88 122
2 0 56 105
.63f500c55739a 1 0 62 64
.63f500c55a37a 4 0 64 0
4 1 64 0
4 2 64 0
.63f500c55d72a 1 0 58 64
.63f500c58031b 4 0 88 66
2 0 68 88
.63f500c58d805 1 0 65 64
.63f500c5aece9 4 0 88 105
2 0 74 101
.63f500c5b82aa 1 0 68 64
.63f500c5dcb94 4 0 88 37
2 0 72 97
.63f500c5eeafe 1 0 74 64
.63f500c60bbe3 4 0 88 118
2 0 74 95
.63f500c61b31d 1 0 72 64
.63f500c6401c6 4 0 88 15
2 0 72 73
.63f500c650d5c 4 0 88 19
2 0 70 79
.63f500c651d12 1 0 72 64
.63f500c6617e0 1 0 74 64
.63f500c684fe0 4 0 88 105
2 0 72 101
.63f500c697c7c 1 0 70 64
.63f500c69c8e5 4 0 64 127
4 1 64 127
4 2 64 127
.63f500c69fcbf 1 0 60 64
.63f500c6a953e 4 0 88 18
2 0 74 104
.63f500c6b8691 1 0 56 64
.63f500c6bbb34 1 0 72 64
.63f500c6d1530 4 0 88 125
2 0 56 65
.63f500c6e32d0 4 0 88 81
2 0 63 69
.63f500c6e5cd9 4 0 64 0
4 1 64 0
4 2 64 0
.63f500c6e6dff 4 0 88 117
2 0 67 100
.63f500c715650 1 0 63 64
.63f500c7203cb 4 0 88 57
2 0 63 94
.63f500c7429ec 4 0 88 122
2 0 62 77
.63f500c7599b8 1 0 63 64
.63f500c778236 4 0 88 24
2 0 60 98
.63f500c77ed03 1 0 62 64
.63f500c7a7069 4 0 88 2
2 0 62 95
.63f500c7b3eb0 1 0 60 64
.63f500c7c55d1 1 0 67 64
.63f500c7ce50b 4 0 88 7
2 0 63 95
.63f500c7db825 1 0 62 64
.63f500c8034d3 4 0 88 13
2 0 67 99
.63f500c808af9 4 0 88 122
2 0 60 90
.63f500c81485a 1 0 63 64
.63f500c8295d0 1 0 56 64
.63f500c82b01a 4 0 64 127
4 1 64 127
4 2 64 127
.63f500c83268e 4 0 88 43
2 0 70 87
.63f500c84457b 1 0 74 64
.63f500c86031d 4 0 88 14
2 0 55 94
.63f500c863cd2 4 0 88 83
2 0 72 98
.63f500c863f4d 1 0 67 64
.63f500c8688b1 4 0 64 0
4 1 64 0
4 2 64 0
.63f500c868eb9 1 0 70 64
.63f500c86aee8 4 0 88 107
2 0 63 76
.63f500c871bc5 1 0 60 64
.63f500c892277 4 0 88 85
2 0 70 92
.63f500c8b53fa 1 0 72 64
.63f500c8c36ca 4 0 88 7
2 0 68 95
.63f500c8d5232 1 0 70 64
.63f500c8f0fda 4 0 88 37
2 0 67 97
.63f500c8f89f8 1 0 68 64
.63f500c92421e 4 0 88 10
2 0 70 92
.63f500c92c11d 1 0 67 64
.63f500c95531f 4 0 88 0
2 0 65 100
.63f500c974ae4 1 0 70 64
.63f500c9858bb 4 0 88 0
2 0 67 100
.63f500c990822 4 0 64 127
4 1 64 127
4 2 64 127
.63f500c997c74 1 0 65 64
.63f500c9a38bd 1 0 55 64
.63f500c9ac060 1 0 63 64
.63f500c9b3d9f 4 0 88 66
2 0 68 88
.63f500c9b8b2d 1 0 67 64
.63f500c9c1fd0 4 0 88 24
2 0 55 66
.63f500c9ef526 4 0 88 118
2 0 61 102
.63f500c9f1296 4 0 64 0
4 1 64 0
4 2 64 0
.63f500ca201e3 4 0 88 60
2 0 60 95
.63f500ca2e07b 1 0 61 64
.63f500ca541e6 4 0 88 14
2 0 61 101
.63f500ca5d70b 1 0 60 64
.63f500ca85563 4 0 88 65
2 0 65 90
.63f500ca88012 1 0 68 64
.63f500cab942a 4 0 88 65
2 0 67 90
.63f500cac7472 1 0 65 64
.63f500cae8342 4 0 88 85
2 0 70 92
.63f500caef079 1 0 67 64
.63f500caf2392 4 0 88 24
2 0 71 69
.63f500cb13478 4 0 64 127
4 1 64 127
4 2 64 127
.63f500cb14dff 4 0 88 112
2 0 68 96
.63f500cb23fa0 1 0 70 64
.63f500cb249ee 1 0 71 64
.63f500cb41e4d 1 0 55 64
.63f500cb441a8 4 0 88 117
2 0 67 100
.63f500cb58ac9 1 0 68 64
.63f500cb704bb 4 0 88 33
2 0 56 72
.63f500cb7884d 4 0 88 24
2 0 65 98
.63f500cb7b425 1 0 61 64
.63f500cb7f9d1 1 0 67 64
.63f500cb887a4 4 0 64 0
4 1 64 0
4 2 64 0
.63f500cba3ccc 4 0 88 60
2 0 63 81
.63f500cbb4119 1 0 65 64
.63f500cbd0fef 4 0 88 14
2 0 61 89
.63f500cbe5104 1 0 63 64
.63f500cbe923e 4 0 64 127
4 1 64 127
4 2 64 127
.63f500cbfe08d 4 0 88 94
2 0 60 97
.63f500cbffc56 1 0 61 64
.63f500cc180d4 4 0 64 0
4 1 64 0
4 2 64 0
.63f500cc2e35c 4 0 88 7
2 0 61 95
.63f500cc3e4eb 1 0 60 64
.63f500cc6032e 4 0 88 20
2 0 65 89
.63f500cc690ac 1 0 61 64
.63f500cc8ec04 4 0 88 10
2 0 63 92
.63f500cca358f 1 0 65 64
.63f500ccad75d 4 0 64 127
4 1 64 127
4 2 64 127
.63f500ccbd642 4 0 88 34
2 0 61 96
.63f500ccd3e22 1 0 63 64
.63f500cce84c3 4 0 88 57
2 0 44 94
.63f500ccecb9f 4 0 88 87
2 0 60 103
.63f500ccf2a96 1 0 61 64
.63f500ccf3bfd 4 0 64 0
4 1 64 0
4 2 64 0
.63f500ccffd52 1 0 56 64
.63f500cd2094d 4 0 88 61
2 0 56 97
.63f500cd339ad 1 0 44 64
.63f500cd53551 4 0 88 7
2 0 55 90
.63f500cd546e8 4 0 64 127
4 1 64 127
4 2 64 127
.63f500cd5d663 1 0 56 64
.63f500cd77a4a 4 0 64 0
4 1 64 0
4 2 64 0
.63f500cd82ed0 4 0 88 116
2 0 56 99
.63f500cd8a109 1 0 55 64
.63f500cdb009a 4 0 88 80
2 0 58 82
.63f500cdb995b 1 0 56 64
.63f500cdcab38 1 0 60 64
.63f500cddede4 4 0 88 13
2 0 60 99
.63f500cde4774 1 0 58 64
.63f500ce14109 4 0 88 72
2 0 56 85
.63f500ce27b0d 1 0 60 64
.63f500ce2a520 4 0 64 127
4 1 64 127
4 2 64 127
.63f500ce43587 4 0 88 88
2 0 58 98
.63f500ce5512b 1 0 56 64
.63f500ce6d956 4 0 88 125
2 0 68 84
.63f500ce6ea9c 4 0 88 119
2 0 65 106
.63f500ce71695 4 0 88 87
2 0 60 103
.63f500ce7395f 4 0 64 0
4 1 64 0
4 2 64 0
.63f500ce7a470 1 0 58 64
.63f500cea0c4b 4 0 88 48
2 0 61 84
.63f500ceacf1b 1 0 60 64
.63f500ced648a 1 0 65 64
.63f500ced7275 4 0 88 119
2 0 63 87
.63f500cee4047 1 0 61 64
.63f500cf02da2 4 0 88 90
2 0 65 88
.63f500cf0abc6 1 0 63 64
.63f500cf3a547 4 0 88 25
2 0 61 83
.63f500cf498d3 1 0 65 64
.63f500cf6745d 4 0 88 85
2 0 63 92
.63f500cf7cd37 1 0 61 64
.63f500cf7eff7 1 0 68 64
.63f500cf9b49a 4 0 88 37
2 0 65 97
.63f500cfa61d4 1 0 63 64
.63f500cfad20d 4 0 64 127
4 1 64 127
4 2 64 127
.63f500cfc8f12 4 0 88 2
2 0 67 95
.63f500cfdbfb5 1 0 65 64
.63f500cff94b9 4 0 88 34
2 0 68 96
.63f500cffbbd5 4 0 88 65
2 0 72 90
.63f500d0035c1 1 0 67 64
.63f500d013b16 4 0 64 0
4 1 64 0
4 2 64 0
.63f500d029abe 4 0 88 0
2 0 71 100
.63f500d029c72 4 0 88 83
2 0 67 98
.63f500d032d3c 1 0 68 64
.63f500d03909d 1 0 72 64
.63f500d054dcb 4 0 88 51
2 0 72 78
.63f500d056169 4 0 88 62
2 0 68 91
.63f500d05ae69 1 0 71 64
.63f500d05d65a 1 0 67 64
.63f500d086bd5 4 0 88 2
2 0 67 95
.63f500d08c053 1 0 68 64
.63f500d0ba457 4 0 88 45
2 0 65 87
.63f500d0cc92d 1 0 67 64
.63f500d0e6a89 4 0 64 127
4 1 64 127
4 2 64 127
.63f500d0e9648 4 0 88 112
2 0 63 96
.63f500d0f4ecf 1 0 65 64
.63f500d10cbcd 4 0 64 0
4 1 64 0
4 2 64 0
.63f500d1182ed 4 0 88 20
2 0 70 86
.63f500d118f04 4 0 88 83
2 0 65 98
.63f500d11b469 1 0 63 64
.63f500d127ce4 1 0 72 64
.63f500d129fff 4 0 64 127
4 1 64 127
4 2 64 127
.63f500d1489b1 4 0 88 114
2 0 61 90
.63f500d156a2c 1 0 65 64
.63f500d175041 4 0 88 7
2 0 77 90
.63f500d1762d9 4 0 64 0
4 1 64 0
4 2 64 0
.63f500d179e29 4 0 88 77
2 0 65 104
.63f500d17a849 1 0 61 64
.63f500d1a98cd 4 0 88 91
2 0 75 89
.63f500d1a9b22 4 0 88 72
2 0 63 85
.63f500d1b2c8c 1 0 65 64
.63f500d1ba57f 1 0 77 64
.63f500d1d9f34 4 0 88 7
2 0 61 95
.63f500d1e7c8f 1 0 63 64
.63f500d1e8379 4 0 88 48
2 0 77 96
.63f500d20b383 1 0 75 64
.63f500d2165ce 1 0 77 64
.63f500d21d821 4 0 88 50
2 0 60 107
.63f500d21eabf 4 0 88 65
2 0 77 90
.63f500d220d5c 1 0 70 64
1 0 61 64
.63f500d250848 4 0 88 25
2 0 58 83
.63f500d25c65b 1 0 60 64
.63f500d282cb8 4 0 88 87
2 0 60 103
.63f500d289d4f 1 0 58 64
.63f500d2b0de3 4 0 88 43
2 0 70 87
.63f500d2b108b 4 0 88 14
2 0 56 89
.63f500d2be9ff 1 0 60 64
.63f500d2cffa5 4 0 64 127
4 1 64 127
4 2 64 127
.63f500d2d99fb 4 0 88 10
2 0 58 98
.63f500d2e59cc 1 0 56 64
.63f500d2ff13e 1 0 77 64
.63f500d30cb9c 4 0 88 114
2 0 75 90
.63f500d30e9f5 4 0 88 94
2 0 55 97
.63f500d313587 4 0 64 0
4 1 64 0
4 2 64 0
.63f500d319687 1 0 58 64
.63f500d33c6ae 4 0 88 100
2 0 56 83
.63f500d34c953 1 0 55 64
.63f500d376469 4 0 88 37
2 0 55 97
.63f500d37a875 1 0 56 64
.63f500d3a19cd 4 0 88 84
2 0 53 93
.63f500d3b2af8 1 0 55 64
.63f500d3d17c7 4 0 88 108
2 0 51 93
.63f500d3d9921 1 0 53 64
.63f500d3ff666 4 0 88 60
2 0 53 95
.63f500d40eeda 1 0 51 64
.63f500d42f122 4 0 88 118
2 0 55 95
.63f500d436a64 1 0 53 64
.63f500d45a716 4 0 88 85
2 0 51 92
.63f500d45b7c0 4 0 64 127
4 1 64 127
4 2 64 127
.63f500d467efa 1 0 55 64
.63f500d48bb0b 1 0 75 64
.63f500d490584 4 0 88 66
2 0 73 88
.63f500d49327f 4 0 64 0
4 1 64 0
4 2 64 0
.63f500d494d2e 4 0 88 61
2 0 56 97
.63f500d496e9b 1 0 51 64
.63f500d4c96d1 4 0 88 65
2 0 55 90
.63f500d4cd6c5 4 0 88 24
2 0 72 98
.63f500d4d3ba8 1 0 56 64
.63f500d4dfa88 1 0 73 64
.63f500d4f5094 1 0 70 64
.63f500d501c29 4 0 88 0
2 0 53 100
.63f500d504e61 4 0 88 88
2 0 73 98
.63f500d50a4cb 1 0 55 64
.63f500d519f7c 1 0 72 64
.63f500d5322da 4 0 88 27
2 0 55 93
.63f500d535f2e 4 0 88 62
2 0 75 91
.63f500d53b397 1 0 53 64
.63f500d5475e6 1 0 73 64
.63f500d561c19 4 0 88 69
2 0 73 67
.63f500d561d9e 4 0 88 57
2 0 56 94
.63f500d5673a5 1 0 55 64
.63f500d585d77 1 0 75 64
.63f500d58cedc 4 0 88 55
2 0 55 82
.63f500d5925a8 4 0 88 27
2 0 72 93
.63f500d595721 1 0 56 64
.63f500d5baafa 4 0 88 0
2 0 53 100
.63f500d5bb493 1 0 73 64
.63f500d5c0362 4 0 88 14
2 0 70 89
.63f500d5c421f 1 0 55 64
.63f500d5d1067 1 0 72 64
.63f500d5e6a2b 4 0 88 15
2 0 72 73
.63f500d5ec48e 4 0 88 24
2 0 55 98
.63f500d5effe5 1 0 70 64
.63f500d5f921f 1 0 53 64
.63f500d617fe7 4 0 88 57
2 0 73 94
.63f500d61b7c1 1 0 72 64
.63f500d61df8f 4 0 88 105
2 0 53 101
.63f500d6327f5 1 0 55 64
.63f500d6498de 4 0 88 116
2 0 72 86
.63f500d652141 4 0 88 116
2 0 51 99
.63f500d65e6e7 1 0 53 64
.63f500d66b690 1 0 73 64
.63f500d67a4ec 4 0 88 43
2 0 70 87
.63f500d67a777 4 0 88 68
2 0 53 81
.63f500d684ea2 1 0 72 64
.63f500d688e0a 1 0 51 64
.63f500d6a3acf 4 0 88 87
2 0 72 72
.63f500d6a778f 4 0 88 10
2 0 49 92
.63f500d6a88bb 1 0 70 64
.63f500d6abd95 1 0 53 64
.63f500d6d8788 4 0 88 122
2 0 67 90
.63f500d6d8afb 4 0 88 78
2 0 53 89
.63f500d6e1c2b 1 0 49 64
.63f500d6e2867 1 0 72 64
.63f500d70b560 4 0 88 14
2 0 51 89
.63f500d718a96 1 0 53 64
.63f500d737b7f 4 0 88 7
2 0 49 95
.63f500d73a6fa 4 0 88 91
2 0 70 89
.63f500d73fb4f 1 0 51 64
.63f500d7610e4 4 0 64 127
4 1 64 127
4 2 64 127
.63f500d766856 4 0 88 7
2 0 51 95
.63f500d767f35 4 0 88 112
2 0 68 96
.63f500d77444d 1 0 49 64
.63f500d77aab7 1 0 70 64
.63f500d798df7 4 0 88 35
2 0 48 102
.63f500d7990d5 4 0 88 47
2 0 72 101
.63f500d79e90b 4 0 64 0
4 1 64 0
4 2 64 0
.63f500d7a0409 1 0 68 64
.63f500d7a18ce 1 0 51 64
.63f500d7bf145 4 0 88 117
2 0 51 61
.63f500d7cc91b 1 0 67 64
.63f500d7cd56f 4 0 88 7
2 0 68 95
.63f500d7d0910 1 0 48 64
.63f500d7edbaf 4 0 88 52
2 0 67 21
.63f500d7f8bb1 4 0 88 68
2 0 49 103
.63f500d7ff789 1 0 67 64
.63f500d80a123 1 0 51 64
.63f500d80b135 4 0 88 10
2 0 70 92
.63f500d815caf 1 0 72 64
.63f500d81c382 1 0 68 64
.63f500d82dd10 4 0 88 71
2 0 48 99
.63f500d83a33b 1 0 49 64
.63f500d83a8b4 4 0 88 47
2 0 72 101
.63f500d84605a 1 0 70 64
.63f500d861139 4 0 88 92
2 0 49 101
.63f500d861671 4 0 88 43
2 0 70 87
.63f500d87156b 1 0 48 64
.63f500d8726e3 1 0 72 64
.63f500d88c9c1 4 0 88 39
2 0 51 90
.63f500d890781 4 0 88 65
2 0 68 100
.63f500d89a85d 1 0 49 64
.63f500d8a4c65 1 0 70 64
.63f500d8be761 4 0 88 118
2 0 67 95
.63f500d8c0039 4 0 88 10
2 0 49 98
.63f500d8c7bd8 1 0 68 64
.63f500d8cb11f 1 0 51 64
.63f500d8e7189 4 0 88 125
2 0 68 84
.63f500d8ecc8c 4 0 88 68
2 0 48 105
.63f500d8f9020 1 0 49 64
.63f500d8f9a56 1 0 67 64
.63f500d9131af 1 0 68 64
.63f500d9154df 4 0 88 62
2 0 49 91
.63f500d917087 4 0 88 14
2 0 70 89
.63f500d924adf 1 0 48 64
.63f500d939f0d 1 0 49 64
.63f500d93ad65 4 0 88 85
2 0 51 92
.63f500d944a24 4 0 88 14
2 0 68 101
.63f500d94a95a 4 0 88 9
2 0 53 21
.63f500d9555b2 1 0 70 64
.63f500d95c045 1 0 53 64
.63f500d96ef84 4 0 88 61
2 0 49 97
.63f500d97377b 4 0 88 108
2 0 70 93
.63f500d97a768 1 0 51 64
.63f500d97bc4c 1 0 68 64
.63f500d997cfb 4 0 88 118
2 0 48 95
.63f500d99bf02 1 0 49 64
.63f500d99c1d1 4 0 88 53
2 0 72 91
.63f500d9aa4ec 1 0 70 64
.63f500d9d2ea8 4 0 88 48
2 0 67 96
.63f500d9d391e 4 0 88 119
2 0 46 87
.63f500d9e10f0 1 0 48 64
.63f500da099ba 4 0 88 85
2 0 49 95
.63f500da159c0 1 0 46 64
.63f500da3118e 4 0 88 61
2 0 68 97
.63f500da34219 4 0 88 37
2 0 48 97
.63f500da36795 4 0 88 59
2 0 47 67
.63f500da38da1 1 0 67 64
.63f500da3e703 1 0 49 64
.63f500da5d0a6 1 0 47 64
.63f500da60e00 4 0 88 83
2 0 67 98
.63f500da6279d 4 0 88 41
2 0 49 102
.63f500da690f9 1 0 68 64
.63f500da7181d 1 0 48 64
.63f500da83878 1 0 72 64
.63f500da8f3cc 4 0 88 92
2 0 68 101
.63f500da8f8d7 4 0 88 96
2 0 46 86
.63f500da9141d 1 0 49 64
.63f500da96e9b 1 0 67 64
.63f500dab9162 4 0 88 91
2 0 49 89
.63f500dac0b98 4 0 88 118
2 0 65 95
.63f500dac3298 1 0 46 64
.63f500dac7eb0 1 0 68 64
.63f500daed017 4 0 88 13
2 0 67 99
.63f500daed4f3 4 0 88 96
2 0 48 68
.63f500daeffa2 4 0 88 53
2 0 47 62
.63f500daf1e74 1 0 49 64
.63f500daf7675 1 0 65 64
.63f500daff94e 1 0 47 64
.63f500db18950 4 0 88 10
2 0 68 98
.63f500db1a8ab 1 0 67 64
.63f500db1e26c 4 0 88 7
2 0 46 95
.63f500db27f23 1 0 48 64
.63f500db479d2 4 0 88 94
2 0 67 97
.63f500db480ea 4 0 88 7
2 0 48 90
.63f500db544ec 1 0 46 64
.63f500db5ccc2 1 0 68 64
.63f500db745ca 4 0 88 0
2 0 65 100
.63f500db75a02 4 0 88 85
2 0 49 95
.63f500db7a9e3 1 0 67 64
.63f500db80a78 1 0 48 64
.63f500dba117f 4 0 88 25
2 0 63 83
.63f500dba2943 4 0 88 78
2 0 48 89
.63f500dbaa778 1 0 49 64
.63f500dbadf34 1 0 65 64
.63f500dbca529 4 0 88 11
2 0 65 81
.63f500dbcfc19 4 0 88 116
2 0 46 99
.63f500dbd10bf 1 0 63 64
.63f500dbd1d59 4 0 64 127
4 1 64 127
4 2 64 127
.63f500dbdadaa 1 0 48 64
.63f500dbe36bf 4 0 64 0
4 1 64 0
4 2 64 0
.63f500dbf6795 1 0 46 64
.63f500dbf9a1d 4 0 88 60
2 0 67 95
.63f500dbfae0b 4 0 88 18
2 0 48 104
.63f500dc05f38 1 0 65 64
.63f500dc2b49c 4 0 88 85
2 0 44 95
.63f500dc3a4d0 1 0 48 64
.63f500dc59736 4 0 88 85
2 0 46 92
.63f500dc69b36 1 0 44 64
.63f500dc8a0f0 4 0 88 59
2 0 48 106
.63f500dc98b7a 1 0 46 64
.63f500dcb847e 4 0 88 0
2 0 43 106
.63f500dcc93c3 1 0 48 64
.63f500dce536f 4 0 88 83
2 0 60 98
.63f500dd13920 4 0 88 10
2 0 61 92
.63f500dd34882 1 0 67 64
.63f500dd3615f 1 0 60 64
.63f500dd3d3a7 4 0 88 62
2 0 63 91
.63f500dd4535e 1 0 61 64
.63f500dd6a0c1 4 0 88 72
2 0 65 94
1 0 63 64
.63f500dd6e406 4 0 88 72
2 0 61 85
.63f500dda017d 4 0 88 84
2 0 60 93
.63f500dda7cc8 1 0 61 64
.63f500ddcc6fa 4 0 88 33
2 0 58 93
.63f500ddde0f1 1 0 60 64
.63f500ddf5553 4 0 88 95
2 0 60 75
.63f500de00637 1 0 58 64
.63f500de2702a 4 0 88 39
2 0 61 90
.63f500de2b502 1 0 60 64
.63f500de526aa 4 0 88 7
2 0 58 95
.63f500de62b5d 1 0 61 64
.63f500de6e093 1 0 65 64
.63f500de7c28c 4 0 88 39
2 0 60 92
.63f500de8849d 4 0 64 127
4 1 64 127
4 2 64 127
.63f500de90bbf 1 0 58 64
.63f500dea6e53 4 0 88 62
2 0 61 91
.63f500deb143c 1 0 60 64
.63f500decd7c8 4 0 88 39
2 0 48 92
.63f500ded8563 1 0 43 64
.63f500dedd111 4 0 88 24
2 0 55 80
.63f500dedd38e 4 0 64 0
4 1 64 0
4 2 64 0
.63f500dee495e 1 0 61 64
.63f500dee7013 4 0 88 19
2 0 53 41
.63f500df00c96 1 0 53 64
.63f500df094fb 4 0 88 95
2 0 53 79
.63f500df15658 1 0 55 64
.63f500df3568a 4 0 88 39
2 0 55 68
.63f500df37966 1 0 53 64
.63f500df6874e 4 0 88 35
2 0 52 102
.63f500df730c4 1 0 55 64
.63f500df92f9e 4 0 88 84
2 0 53 93
.63f500dfa3ba3 1 0 52 64
.63f500dfc1312 4 0 88 65
2 0 55 90
.63f500dfc4249 1 0 53 64
.63f500dfecf6b 4 0 88 35
2 0 53 102
.63f500dffc72c 1 0 55 64
.63f500e0081e3 4 0 64 127
4 1 64 127
4 2 64 127
.63f500e019fd0 4 0 88 87
2 0 52 103
.63f500e021a1f 1 0 53 64
.63f500e026df9 1 0 48 64
.63f500e04eb26 4 0 88 53
2 0 55 62
.63f500e04f49f 4 0 88 107
2 0 60 96
.63f500e05d159 4 0 64 0
4 1 64 0
4 2 64 0
.63f500e081e94 4 0 88 35
2 0 48 102
.63f500e0b317b 4 0 88 10
2 0 46 98
.63f500e0bfb38 1 0 48 64
.63f500e0e03d0 4 0 88 47
2 0 48 101
.63f500e0eec8b 1 0 46 64
.63f500e10b74a 4 0 88 33
2 0 49 93
.63f500e11493a 1 0 48 64
.63f500e13b3c6 4 0 88 105
2 0 48 101
.63f500e13e94c 1 0 49 64
.63f500e16adfa 4 0 88 10
2 0 46 92
.63f500e172455 1 0 48 64
.63f500e197045 4 0 88 77
2 0 48 104
.63f500e1a30cf 1 0 46 64
.63f500e1abe3e 1 0 52 64
.63f500e1c9fa9 4 0 88 68
2 0 45 105
.63f500e1cbd27 1 0 55 64
.63f500e1d6804 1 0 48 64
.63f500e1f9de5 4 0 88 83
2 0 52 98
.63f500e227d89 4 0 88 37
2 0 53 97
.63f500e237129 1 0 52 64
.63f500e25613e 4 0 88 33
2 0 54 93
.63f500e25de7c 1 0 53 64
.63f500e2755de 1 0 60 64
.63f500e288218 4 0 88 27
2 0 53 93
.63f500e28cb96 4 0 88 43
2 0 60 24
.63f500e28fc1f 1 0 54 64
.63f500e2b7f5f 4 0 88 37
2 0 50 97
.63f500e2ec33e 4 0 88 87
2 0 48 103
.63f500e2f4b3f 1 0 50 64
.63f500e31543a 4 0 88 37
2 0 50 97
.63f500e31dd4e 1 0 48 64
.63f500e3468b5 4 0 88 114
2 0 51 90
.63f500e34f5fa 1 0 50 64
.63f500e378347 4 0 88 83
2 0 50 98
.63f500e37e3d7 1 0 51 64
.63f500e3a5f7a 1 0 53 64
.63f500e3b27cb 4 0 88 110
2 0 55 91
.63f500e3c995b 1 0 60 64
.63f500e3e53d6 4 0 88 39
2 0 57 92
.63f500e3f30bf 1 0 55 64
.63f500e4161d6 4 0 88 27
2 0 55 93
.63f500e423a7e 1 0 57 64
.63f500e442313 4 0 88 45
2 0 57 87
.63f500e44a89d 1 0 55 64
.63f500e470639 4 0 88 112
2 0 54 96
.63f500e476081 4 0 64 127
4 1 64 127
4 2 64 127
.63f500e47cc1b 1 0 45 64
.63f500e4826cb 1 0 57 64
.63f500e498c59 4 0 88 55
2 0 55 82
.63f500e4a94a9 1 0 54 64
.63f500e4c8192 4 0 64 0
4 1 64 0
4 2 64 0
.63f500e4c8547 4 0 88 97
2 0 57 92
.63f500e4d0aa2 1 0 55 64
.63f500e4d0f2e 4 0 88 41
2 0 43 83
.63f500e4fac4c 4 0 88 25
2 0 58 83
.63f500e507588 1 0 57 64
.63f500e52d4e3 4 0 88 107
2 0 57 96
.63f500e54e11b 1 0 58 64
.63f500e55a5a8 4 0 88 41
2 0 55 83
.63f500e56e45e 1 0 57 64
.63f500e589764 4 0 88 114
2 0 54 90
.63f500e594320 1 0 55 64
.63f500e5b4738 4 0 88 104
2 0 55 71
.63f500e5cc9c2 1 0 54 64
.63f500e5da5e4 1 0 50 64
.63f500e5e186f 4 0 88 107
2 0 57 96
.63f500e5ee9ff 1 0 55 64
.63f500e5fbb9d 4 0 64 127
4 1 64 127
4 2 64 127
.63f500e60f52c 4 0 88 48
2 0 50 96
.63f500e640a27 4 0 88 48
2 0 55 96
.63f500e642022 4 0 64 0
4 1 64 0
4 2 64 0
.63f500e645ccf 1 0 57 64
.63f500e66988f 4 0 88 12
2 0 46 75
.63f500e6886c5 1 0 43 64
.63f500e69adf8 4 0 88 83
2 0 45 98
.63f500e6a73ae 1 0 46 64
.63f500e6ccd1f 4 0 88 88
2 0 46 98
.63f500e6d7f85 1 0 45 64
.63f500e6fe5f1 4 0 88 83
2 0 48 98
.63f500e6ff190 1 0 46 64
.63f500e72cdb1 4 0 88 119
2 0 46 87
.63f500e74943e 1 0 48 64
.63f500e757e4e 4 0 88 13
2 0 45 99
.63f500e76a603 1 0 46 64
.63f500e77e7c2 4 0 64 127
4 1 64 127
4 2 64 127
.63f500e7889f5 4 0 88 78
2 0 43 89
.63f500e796904 1 0 45 64
.63f500e7a1709 1 0 50 64
.63f500e7b8de1 4 0 88 88
2 0 42 98
.63f500e7c37e0 1 0 43 64
.63f500e7dc33b 4 0 64 0
4 1 64 0
4 2 64 0
.63f500e7e97ad 4 0 88 87
2 0 50 103
.63f500e7eb94f 1 0 55 64
.63f500e81a74d 4 0 88 7
2 0 52 90
.63f500e829dc1 1 0 50 64
.63f500e845d66 4 0 88 39
2 0 54 90
.63f500e84ec17 1 0 52 64
.63f500e875427 1 0 54 64
.63f500e876cef 4 0 88 117
2 0 55 100
.63f500e8a2949 4 0 88 14
2 0 57 94
.63f500e8b0e48 1 0 55 64
.63f500e8d10e4 4 0 88 25
2 0 58 83
.63f500e8dc247 1 0 57 64
.63f500e8f872a 4 0 64 127
4 1 64 127
4 2 64 127
.63f500e9080c3 4 0 88 2
2 0 60 95
.63f500e916866 1 0 58 64
.63f500e931265 4 0 88 127
2 0 54 77
.63f500e932c4c 4 0 88 39
2 0 62 92
.63f500e93cfcc 1 0 60 64
.63f500e941b52 4 0 64 0
4 1 64 0
4 2 64 0
.63f500e961808 4 0 88 27
2 0 60 103
.63f500e96d1c5 1 0 62 64
.63f500e98de1c 4 0 88 33
2 0 62 88
.63f500e99853c 1 0 60 64
.63f500e9bf073 4 0 88 97
2 0 57 92
.63f500e9f01a3 4 0 88 33
2 0 58 93
.63f500e9f6858 1 0 62 64
.63f500e9fd976 1 0 57 64
.63f500ea1cf9e 1 0 58 64
.63f500ea1e881 4 0 88 83
2 0 60 98
.63f500ea2c203 4 0 64 127
4 1 64 127
4 2 64 127
.63f500ea3edb1 1 0 42 64
.63f500ea4e921 4 0 88 114
2 0 58 90
.63f500ea63b3d 1 0 60 64
.63f500ea79c67 4 0 88 27
2 0 57 103
.63f500ea872aa 1 0 58 64
.63f500eaaac80 4 0 88 6
2 0 63 82
.63f500eaacfa5 4 0 64 0
4 1 64 0
4 2 64 0
.63f500eaaee63 1 0 54 64
.63f500eab1f72 4 0 88 45
2 0 43 87
.63f500eab29b5 1 0 57 64
.63f500eae4fd0 4 0 88 7
2 0 62 90
.63f500eb028e3 1 0 63 64
.63f500eb133c8 4 0 88 107
2 0 60 96
.63f500eb1bf87 1 0 62 64
.63f500eb4197a 4 0 88 2
2 0 62 95
.63f500eb473f7 1 0 60 64
.63f500eb6d045 4 0 88 48
2 0 63 84
.63f500eb76a92 1 0 62 64
.63f500eb99314 4 0 88 24
2 0 57 98
.63f500ebc8ceb 4 0 88 85
2 0 58 92
.63f500ebe2d32 1 0 57 64
.63f500ebf64b3 4 0 88 107
2 0 60 96
.63f500ebfafea 4 0 64 127
4 1 64 127
4 2 64 127
.63f500ec031e5 1 0 58 64
.63f500ec17e4a 1 0 63 64
.63f500ec27400 1 0 43 64
.63f500ec29deb 4 0 64 0
4 1 64 0
4 2 64 0
.63f500ec2c22b 4 0 88 10
2 0 58 98
.63f500ec40a9d 1 0 60 64
.63f500ec5e3d0 4 0 88 96
2 0 55 102
.63f500ec8d73d 4 0 88 39
2 0 54 90
.63f500ec9ca23 1 0 55 64
.63f500ecbf576 4 0 88 87
2 0 55 103
.63f500ecce424 1 0 54 64
.63f500ecd85a8 1 0 58 64
.63f500ecdca96 4 0 64 127
4 1 64 127
4 2 64 127
.63f500eced06a 4 0 88 41
2 0 57 108
.63f500ecf650d 1 0 55 64
.63f500ed0b8d6 4 0 64 0
4 1 64 0
4 2 64 0
.63f500ed174c5 4 0 88 61
2 0 58 97
.63f500ed232fa 1 0 57 64
.63f500ed4b5d9 4 0 88 13
2 0 60 99
.63f500ed4bf60 4 0 64 127
4 1 64 127
4 2 64 127
.63f500ed5fe64 1 0 58 64
.63f500ed77088 4 0 88 77
2 0 62 104
.63f500ed823d2 1 0 60 64
.63f500eda57cd 4 0 88 118
2 0 67 95
.63f500eda87b7 4 0 88 108
2 0 63 93
.63f500eda9b53 4 0 64 0
4 1 64 0
4 2 64 0
.63f500edaeae4 1 0 62 64
.63f500edd2872 4 0 88 27
2 0 62 93
.63f500edd4f50 1 0 63 64
.63f500ee02eb5 4 0 88 62
2 0 63 91
.63f500ee05848 1 0 62 64
.63f500ee30cac 4 0 88 24
2 0 65 98
.63f500ee39cf0 1 0 67 64
.63f500ee61a97 4 0 88 85
2 0 67 53
.63f500ee8ef40 1 0 65 64
.63f500eeb7dcb 4 0 88 103
2 0 69 87
.63f500eec09f0 1 0 67 64
.63f500eee23dc 4 0 88 48
2 0 70 84
.63f500eeee6a7 1 0 69 64
.63f500ef15cf6 4 0 88 7
2 0 67 90
.63f500ef22157 1 0 70 64
.63f500ef424ac 4 0 88 103
2 0 69 87
.63f500ef4afbb 1 0 67 64
.63f500ef729b0 4 0 88 6
2 0 70 82
.63f500ef79e65 1 0 69 64
.63f500ef9bded 4 0 64 127
4 1 64 127
4 2 64 127
.63f500efab2b8 4 0 88 58
2 0 67 86
.63f500efb4b23 1 0 70 64
.63f500efd3863 4 0 64 0
4 1 64 0
4 2 64 0
.63f500efd57cc 4 0 88 105
2 0 62 101
.63f500efd7f58 4 0 88 116
2 0 70 99
.63f500efdb43e 1 0 63 64
.63f500efe36f4 1 0 67 64
.63f500f0008a9 4 0 88 11
2 0 67 81
.63f500f014b00 1 0 70 64
.63f500f0319a9 4 0 88 84
2 0 69 93
.63f500f03a55c 1 0 67 64
.63f500f03dc8b 4 0 88 13
2 0 60 99
.63f500f05281d 1 0 62 64
.63f500f0602fe 4 0 64 127
4 1 64 127
4 2 64 127
.63f500f060e11 4 0 88 96
2 0 67 102
.63f500f07229e 1 0 69 64
.63f500f092311 4 0 88 122
2 0 69 90
.63f500f092cf5 4 0 88 0
2 0 62 100
.63f500f099951 1 0 60 64
.63f500f09abbb 4 0 64 0
4 1 64 0
4 2 64 0
.63f500f09c4b8 1 0 67 64
.63f500f0b54e3 4 0 88 104
2 0 67 71
.63f500f0c1da4 1 0 69 64
.63f500f0d44cc 4 0 88 119
2 0 60 106
.63f500f0e6805 1 0 62 64
.63f500f0e7642 4 0 88 47
2 0 69 101
.63f500f0f36f2 1 0 67 64
.63f500f133394 4 0 88 68
2 0 66 103
.63f500f145d50 1 0 69 64
.63f500f167df9 4 0 88 47
2 0 67 71
.63f500f16ba66 1 0 66 64
.63f500f17b638 4 0 88 124
2 0 62 112
.63f500f189631 1 0 60 64
.63f500f1a29eb 4 0 88 114
2 0 66 80
.63f500f1aeabd 1 0 67 64
.63f500f1d5167 4 0 88 85
2 0 64 84
.63f500f1d5af0 1 0 66 64
.63f500f201fd1 4 0 88 19
2 0 66 79
.63f500f2214ae 1 0 64 64
.63f500f2347a4 1 0 66 64
.63f500f237608 4 0 88 122
2 0 67 90
.63f500f2596a2 1 0 62 64
.63f500f26fd6f 4 0 88 107
2 0 62 96
.63f500f2a23c3 4 0 88 90
2 0 60 88
.63f500f2adace 1 0 62 64
.63f500f2cb1a4 4 0 88 96
2 0 62 102
.63f500f2d3632 1 0 60 64
.63f500f2fa5d9 4 0 88 12
2 0 63 75
.63f500f3037ff 1 0 62 64
.63f500f327ee6 4 0 88 47
2 0 62 101
.63f500f32ac60 1 0 63 64
.63f500f357d19 4 0 88 20
2 0 60 89
.63f500f36601e 1 0 62 64
.63f500f385ef5 4 0 64 127
4 1 64 127
4 2 64 127
.63f500f386449 4 0 88 122
2 0 62 90
.63f500f390938 1 0 60 64
.63f500f3b80f2 4 0 88 90
2 0 59 88
.63f500f3c0e2b 1 0 62 64
.63f500f3d212b 4 0 64 0
4 1 64 0
4 2 64 0
.63f500f3e9fbb 4 0 88 24
2 0 62 98
.63f500f3edad5 1 0 67 64
.63f500f41b31d 4 0 88 125
2 0 63 84
.63f500f448476 4 0 88 90
2 0 65 88
.63f500f44debe 1 0 62 64
.63f500f456bbc 1 0 63 64
.63f500f476698 4 0 88 112
2 0 67 82
.63f500f47cbbb 1 0 65 64
.63f500f49f3ed 4 0 88 62
2 0 63 91
.63f500f4aac27 1 0 67 64
.63f500f4c96a2 4 0 88 82
2 0 65 80
.63f500f4d0c42 1 0 63 64
.63f500f4f5abd 4 0 88 90
2 0 67 88
.63f500f4f70ed 4 0 64 127
4 1 64 127
4 2 64 127
.63f500f502c38 1 0 65 64
.63f500f5248b9 4 0 88 84
2 0 62 93
.63f500f5292f3 4 0 88 43
2 0 68 87
.63f500f534ec9 1 0 67 64
.63f500f53a7a9 4 0 64 0
4 1 64 0
4 2 64 0
.63f500f552982 4 0 88 97
2 0 67 92
.63f500f55e376 1 0 68 64
.63f500f584f83 4 0 88 57
2 0 68 65
.63f500f58a633 1 0 59 64
.63f500f592052 1 0 67 64
.63f500f5becb1 4 0 88 18
2 0 59 104
.63f500f5cfe11 1 0 62 64
.63f500f5ed30e 4 0 88 117
2 0 60 100
.63f500f5fd9c3 1 0 59 64
.63f500f61f027 4 0 88 107
2 0 62 96
.63f500f6218b2 1 0 60 64
.63f500f64c766 4 0 88 71
2 0 60 99
.63f500f656add 4 0 64 127
4 1 64 127
4 2 64 127
.63f500f65ab19 1 0 62 64
.63f500f6791ce 4 0 88 18
2 0 59 104
.63f500f685810 1 0 60 64
.63f500f69a041 1 0 68 64
.63f500f6a5c99 4 0 64 0
4 1 64 0
4 2 64 0
.63f500f6a8301 1 0 59 64
.63f500f6a9444 4 0 88 77
2 0 67 104
.63f500f6b12de 4 0 88 61
2 0 63 97
.63f500f6e5324 4 0 88 14
2 0 62 94
.63f500f6ec0f2 1 0 63 64
.63f500f711eea 4 0 88 0
2 0 60 106
.63f500f72161e 1 0 62 64
.63f500f726b1b 4 0 64 127
4 1 64 127
4 2 64 127
.63f500f741506 4 0 88 68
2 0 62 81
.63f500f74a1d3 1 0 60 64
.63f500f7588a1 4 0 64 0
4 1 64 0
4 2 64 0
.63f500f775395 4 0 88 33
2 0 63 93
.63f500f7793fc 1 0 62 64
.63f500f79e9b9 4 0 88 90
2 0 62 88
.63f500f7a5644 1 0 63 64
.63f500f7ce381 4 0 88 119
2 0 60 106
.63f500f7e1bb0 1 0 62 64
.63f500f7edf41 4 0 64 127
4 1 64 127
4 2 64 127
.63f500f7fceaf 4 0 88 85
2 0 59 84
.63f500f806890 1 0 60 64
.63f500f82e883 4 0 88 59
2 0 60 106
.63f500f8300c9 1 0 59 64
.63f500f8314e2 4 0 64 0
4 1 64 0
4 2 64 0
.63f500f85a3ec 4 0 88 116
2 0 62 86
.63f500f88944d 4 0 64 127
4 1 64 127
4 2 64 127
.63f500f88ce19 1 0 67 64
.63f500f88e4d6 4 0 88 39
2 0 63 90
.63f500f8982ff 1 0 62 64
.63f500f89ad06 4 0 64 0
4 1 64 0
4 2 64 0
.63f500f8b823d 4 0 64 127
4 1 64 127
4 2 64 127
.63f500f8b8ed0 4 0 88 65
2 0 65 90
.63f500f8bad42 1 0 63 64
.63f500f8de290 1 0 60 64
.63f500f8e5195 4 0 88 26
2 0 63 71
.63f500f8fdd35 1 0 65 64
.63f500f9015e6 4 0 64 0
4 1 64 0
4 2 64 0
.63f500f913c03 4 0 88 72
2 0 62 94
.63f500f923062 1 0 63 64
.63f500f943c5e 4 0 88 91
2 0 56 89
.63f500f946f71 4 0 88 77
2 0 60 104
.63f500f94ceae 1 0 62 64
.63f500f973acd 4 0 64 127
4 1 64 127
4 2 64 127
.63f500f974cb7 4 0 88 68
2 0 62 105
.63f500f97e1cd 1 0 60 64
.63f500f9aa2c1 4 0 88 53
2 0 63 77
.63f500f9ac099 4 0 88 20
2 0 55 89
.63f500f9ace08 1 0 62 64
.63f500f9b1dad 1 0 56 64
.63f500f9b70cf 4 0 64 0
4 1 64 0
4 2 64 0
.63f500f9e363f 4 0 88 71
2 0 60 99
.63f500f9e7bd2 1 0 63 64
.63f500fa10bb2 4 0 88 24
2 0 62 98
.63f500fa1d821 1 0 60 64
.63f500fa40421 4 0 88 91
2 0 63 89
.63f500fa4589e 1 0 62 64
.63f500fa7020e 4 0 88 103
2 0 65 87
.63f500fa716f2 1 0 63 64
.63f500fa92cef 4 0 64 127
4 1 64 127
4 2 64 127
.63f500fa9ba58 4 0 88 107
2 0 60 96
.63f500fabbd5a 4 0 64 0
4 1 64 0
4 2 64 0
.63f500fac9762 4 0 88 96
2 0 62 102
.63f500facc2b9 1 0 60 64
.63f500facceef 1 0 55 64
.63f500facda9b 4 0 88 73
2 0 58 106
.63f500fae01f2 1 0 65 64
.63f500fae1dde 4 0 64 127
4 1 64 127
4 2 64 127
.63f500faf7e5c 4 0 88 114
2 0 63 90
.63f500fafdc82 1 0 62 64
.63f500fb117e6 1 0 58 64
.63f500fb285e7 4 0 88 70
2 0 62 85
.63f500fb2c8f1 4 0 88 55
2 0 53 82
.63f500fb3100d 4 0 64 0
4 1 64 0
4 2 64 0
.63f500fb37fc2 1 0 63 64
.63f500fb54ef3 4 0 88 14
2 0 60 94
.63f500fb581f4 1 0 62 64
.63f500fb8017f 4 0 88 125
2 0 59 81
.63f500fb91b85 1 0 60 64
.63f500fbb279e 1 0 59 64
.63f500fbb4bd7 4 0 88 45
2 0 60 87
.63f500fbe295f 4 0 88 90
2 0 57 88
.63f500fbee862 1 0 60 64
.63f500fc22c95 4 0 88 62
2 0 63 91
.63f500fc2bb81 1 0 57 64
.63f500fc52d78 4 0 88 2
2 0 60 95
.63f500fc5bb34 4 0 88 123
2 0 61 25
.63f500fc63813 4 0 88 38
2 0 56 99
.63f500fc699c7 1 0 53 64
.63f500fc6a45b 1 0 63 64
.63f500fc6f496 1 0 61 64
.63f500fc879ed 4 0 88 2
2 0 59 95
.63f500fc972ea 1 0 60 64
.63f500fcb794f 4 0 88 98
2 0 60 83
.63f500fcbcb1e 1 0 59 64
.63f500fcc3a02 4 0 88 65
2 0 51 100
.63f500fcc5dab 4 0 88 33
2 0 55 48
.63f500fccb458 4 0 88 84
2 0 50 93
.63f500fccc0be 1 0 56 64
.63f500fccfd91 4 0 88 81
2 0 49 27
.63f500fcd30f1 1 0 55 64
.63f500fce3f90 1 0 49 64
.63f500fce5959 4 0 88 56
2 0 51 3
.63f500fcecefa 4 0 88 96
2 0 57 102
.63f500fcf21fc 1 0 60 64
.63f500fcfca77 1 0 50 64
.63f500fd1a852 4 0 88 24
2 0 60 98
.63f500fd28ce8 1 0 57 64
.63f500fd50f46 4 0 88 2
2 0 59 95
.63f500fd61cc4 1 0 60 64
.63f500fd80396 1 0 59 64
.63f500fd806ea 4 0 88 113
2 0 55 67
.63f500fd80db2 4 0 88 85
2 0 57 84
.63f500fdaa3c8 4 0 88 65
2 0 59 90
.63f500fdacfb0 1 0 55 64
.63f500fdb2d11 1 0 57 64
.63f500fdd9a88 4 0 88 59
2 0 60 100
.63f500fde07a9 1 0 59 64
.63f500fe08a38 4 0 88 1
2 0 55 86
.63f500fe0adb3 1 0 60 64
.63f500fe0c849 4 0 88 84
2 0 57 63
.63f500fe0d79a 4 0 64 127
4 1 64 127
4 2 64 127
.63f500fe1ad18 1 0 57 64
.63f500fe1d885 1 0 51 64
1 0 51 64
.63f500fe3d48c 4 0 88 14
2 0 63 89
1 0 55 64
.63f500fe3f8c0 4 0 88 65
2 0 60 57
.63f500fe4dfed 4 0 64 0
4 1 64 0
4 2 64 0
.63f500fe71861 4 0 88 13
2 0 55 99
.63f500fea1848 4 0 88 60
2 0 53 95
.63f500fea745e 1 0 55 64
.63f500feccee1 4 0 88 18
2 0 55 104
.63f500fed3aeb 1 0 53 64
.63f500fef1964 1 0 63 64
.63f500fefa935 4 0 88 114
2 0 56 90
.63f500fefeacf 4 0 88 7
2 0 62 90
.63f500ff02e60 1 0 55 64
.63f500ff3126b 4 0 88 24
2 0 55 98
.63f500ff34791 1 0 56 64
.63f500ff6012e 4 0 88 97
2 0 53 92
.63f500ff6f786 1 0 55 64
.63f500ff7809b 1 0 60 64
.63f500ff8c36e 4 0 88 18
2 0 51 104
.63f500ff96257 4 0 64 127
4 1 64 127
4 2 64 127
.63f500ff9ab90 1 0 53 64
.63f500ffb95e7 1 0 51 64
.63f500ffbb770 4 0 88 59
2 0 50 106
.63f500ffd69f8 4 0 64 0
4 1 64 0
4 2 64 0
.63f500ffe58ac 4 0 88 53
2 0 55 91
.63f5010012267 4 0 88 108
2 0 56 93
.63f501001550e 1 0 55 64
.63f5010019f81 4 0 88 105
2 0 53 101
.63f501002795f 1 0 50 64
.63f50100315f2 1 0 62 64
.63f5010040188 4 0 64 127
4 1 64 127
4 2 64 127
.63f50100406ae 4 0 88 10
2 0 58 98
.63f50100494b6 4 0 88 88
2 0 51 98
.63f501004b954 1 0 56 64
.63f50100533d1 1 0 53 64
.63f5010071ed1 4 0 64 0
4 1 64 0
4 2 64 0
.63f50100754c8 4 0 88 119
2 0 56 87
.63f501007692e 4 0 88 53
2 0 53 91
.63f501007c742 1 0 51 64
.63f5010087d2a 1 0 58 64
.63f50100a7e7b 4 0 88 60
2 0 55 95
.63f50100ae7e7 1 0 56 64
.63f50100d4802 4 0 88 62
2 0 56 91
.63f50100d64af 4 0 88 109
2 0 50 107
.63f50100e2089 1 0 53 64
.63f50100e64e0 1 0 55 64
.63f50100fba1e 4 0 64 127
4 1 64 127
4 2 64 127
.63f50101022fd 4 0 88 34
2 0 58 96
.63f501010830b 1 0 56 64
.63f501012b4bd 1 0 58 64
.63f501012ce3f 4 0 88 77
2 0 60 104
.63f501012ff3c 4 0 88 31
2 0 55 109
.63f5010133461 4 0 64 0
4 1 64 0
4 2 64 0
.63f501013aa6b 1 0 50 64
.63f50101592f6 4 0 88 83
2 0 59 98
.63f501016077d 4 0 88 23
2 0 53 110
.63f50101673d6 1 0 60 64
.63f501016aedc 4 0 64 127
4 1 64 127
4 2 64 127
.63f501016d61e 1 0 55 64
.63f501018b307 4 0 64 0
4 1 64 0
4 2 64 0
.63f501018f07c 4 0 88 117
2 0 60 100
.63f5010191264 4 0 88 119
2 0 55 106
.63f5010193ebe 1 0 53 64
.63f50101965bb 1 0 59 64
.63f50101ee4c3 4 0 88 47
2 0 57 101
.63f50101fcc91 1 0 55 64
.63f50102034b7 4 0 64 127
4 1 64 127
4 2 64 127
.63f501020f074 4 0 64 0
4 1 64 0
4 2 64 0
.63f5010211439 1 0 60 64
.63f501021d38e 4 0 88 2
2 0 59 95
.63f50102216c2 1 0 57 64
.63f5010249a1a 4 0 64 127
4 1 64 127
4 2 64 127
.63f5010249c76 4 0 88 107
2 0 57 96
.63f5010257d29 1 0 59 64
.63f501027471b 4 0 88 110
2 0 55 91
.63f501027892a 1 0 57 64
.63f50102a237c 4 0 88 0
2 0 53 100
.63f50102a294d 4 0 88 60
2 0 50 95
.63f50102a7599 4 0 64 0
4 1 64 0
4 2 64 0
.63f50102b7acc 1 0 55 64
.63f50102d38ad 4 0 88 43
2 0 56 87
.63f50102d8b97 1 0 53 64
.63f5010304d4a 4 0 88 116
2 0 55 86
.63f5010312d3b 1 0 56 64
.63f5010330abc 4 0 88 72
2 0 53 94
.63f5010334029 4 0 64 127
4 1 64 127
4 2 64 127
.63f5010338190 1 0 55 64
.63f501035dfff 1 0 50 64
.63f5010361fea 4 0 88 0
2 0 47 100
4 0 88 33
2 0 51 93
.63f5010362cb8 1 0 53 64
.63f5010368c59 4 0 64 0
4 1 64 0
4 2 64 0
.63f501038ef47 1 0 51 64
.63f5010391574 4 0 88 85
2 0 50 84
.63f501039a059 4 0 88 115
2 0 51 20
.63f50103ad0f6 1 0 51 64
.63f50103b6792 1 0 47 64
.63f50103c4040 4 0 88 117
2 0 48 100
.63f50103c8f7a 1 0 50 64
.63f50103d5415 4 0 64 127
4 1 64 127
4 2 64 127
.63f50103ee1bc 4 0 88 37
2 0 47 97
.63f50103fe296 1 0 48 64
.63f50104217b9 4 0 88 77
2 0 48 104
4 0 64 0
4 1 64 0
4 2 64 0
.63f5010421aef 1 0 47 64
.63f5010450b95 4 0 88 82
2 0 43 80
.63f50104526d5 4 0 88 53
2 0 41 91
.63f5010467fa4 1 0 41 64
.63f5010485eb5 1 0 48 64
.63f50104876b0 4 0 88 0
2 0 45 106
.63f501049b04c 1 0 43 64
.63f50104a2466 4 0 64 127
4 1 64 127
4 2 64 127
.63f50104afd63 4 0 88 35
2 0 47 102
.63f50104bfaca 1 0 45 64
.63f50104d7047 4 0 64 0
4 1 64 0
4 2 64 0
.63f50104dd3bf 4 0 88 8
2 0 48 105
.63f50104e5e0a 4 0 64 127
4 1 64 127
4 2 64 127
1 0 47 64
.63f50104e89a5 4 0 64 0
4 1 64 0
4 2 64 0
.63f50105071fb 4 0 88 45
2 0 43 87
.63f5010517635 1 0 48 64
.63f50105380f0 4 0 88 10
2 0 44 98
.63f5010548493 1 0 43 64
.63f501056267e 4 0 88 33
2 0 46 93
.63f5010563a09 4 0 64 127
4 1 64 127
4 2 64 127
.63f501057543e 1 0 44 64
.63f5010591d57 4 0 88 0
2 0 48 106
.63f501059a47d 1 0 46 64
.63f501059b59f 4 0 64 0
4 1 64 0
4 2 64 0
.63f50105c91d5 4 0 88 85
2 0 51 95
.63f50105d5571 1 0 48 64
.63f501061e426 4 0 88 114
2 0 52 29
.63f5010624ae9 4 0 88 83
2 0 53 98
.63f501062ad74 1 0 51 64
.63f501062f915 1 0 52 64
.63f5010654b07 4 0 88 100
2 0 51 83
.63f501065fe96 1 0 53 64
.63f5010682d16 4 0 88 24
2 0 50 98
.63f501068ad6d 1 0 51 64
.63f50106b32bb 4 0 88 57
2 0 51 94
.63f50106c8d69 1 0 50 64
.63f50106dc4f2 4 0 88 13
2 0 53 99
.63f50106dd9b4 4 0 64 127
4 1 64 127
4 2 64 127
.63f50106e86c8 1 0 51 64
.63f5010713e23 4 0 88 61
2 0 44 97
.63f50107156cc 1 0 53 64
.63f5010721007 4 0 64 0
4 1 64 0
4 2 64 0
.63f5010744f46 4 0 88 39
2 0 53 92
.63f5010750a3e 4 0 88 24
2 0 52 34
.63f501076d379 4 0 88 125
2 0 51 84
.63f501077a0f3 1 0 53 64
.63f501077f0af 1 0 52 64
.63f501079df5f 4 0 88 103
2 0 50 87
.63f50107a59be 1 0 51 64
.63f50107d2d10 4 0 88 66
2 0 51 88
.63f50107d7c08 1 0 50 64
.63f5010812d93 4 0 88 122
2 0 53 90
.63f50108130ae 1 0 44 64
.63f501083dd25 4 0 88 71
2 0 55 99
.63f501084a5ce 1 0 53 64
.63f501084bd22 4 0 64 127
4 1 64 127
4 2 64 127
.63f501086967e 4 0 88 119
2 0 56 87
.63f50108722e3 1 0 55 64
.63f501088a0f5 1 0 51 64
.63f50108980f6 4 0 64 0
4 1 64 0
4 2 64 0
.63f5010899da0 4 0 88 39
2 0 41 68
.63f501089abc1 4 0 88 111
2 0 43 58
.63f501089fa8e 4 0 88 47
2 0 42 37
.63f50108c11f5 4 0 88 34
2 0 51 96
.63f50108d24fd 1 0 41 64
.63f50108e2dae 1 0 42 64
.63f50108fa700 4 0 88 84
2 0 50 93
.63f5010903b03 1 0 51 64
.63f50109298eb 4 0 88 88
2 0 51 98
.63f50109363b5 1 0 50 64
.63f50109579de 1 0 56 64
.63f501095bb8b 4 0 88 110
2 0 53 91
.63f501098a242 4 0 88 78
2 0 55 89
.63f5010999601 1 0 53 64
.63f50109b7b8c 4 0 88 119
2 0 56 87
.63f50109c369e 1 0 55 64
1 0 43 64
.63f50109c5d10 4 0 64 127
4 1 64 127
4 2 64 127
.63f50109e627c 4 0 88 100
2 0 58 83
.63f50109f3466 1 0 56 64
.63f5010a0b99d 1 0 51 64
.63f5010a11b00 4 0 88 14
2 0 41 94
.63f5010a268ef 4 0 64 0
4 1 64 0
4 2 64 0
.63f5010a46e2f 4 0 88 85
2 0 51 95
.63f5010a75ae4 4 0 88 1
2 0 49 46
.63f5010a7ca9f 4 0 88 7
2 0 50 90
.63f5010a82478 1 0 51 64
.63f5010a85f6f 1 0 49 64
.63f5010aa613e 4 0 88 34
2 0 51 96
.63f5010ab35f4 1 0 50 64
.63f5010ad8b40 4 0 88 94
2 0 53 97
.63f5010b05cb1 4 0 88 97
2 0 55 92
.63f5010b0ea46 1 0 58 64
.63f5010b15a32 1 0 53 64
.63f5010b1c9e6 4 0 64 127
4 1 64 127
4 2 64 127
.63f5010b33647 4 0 88 34
2 0 56 96
.63f5010b36f48 1 0 41 64
.63f5010b402df 1 0 55 64
.63f5010b60d69 4 0 88 37
2 0 60 97
.63f5010b759c0 1 0 51 64
.63f5010b885c4 4 0 88 113
2 0 40 67
.63f5010ba6606 4 0 64 0
4 1 64 0
4 2 64 0
.63f5010bbd2ca 4 0 88 33
2 0 51 93
.63f5010bdd149 1 0 40 64
.63f5010bddc8a 4 0 88 55
2 0 41 24
.63f5010bf0181 4 0 88 90
2 0 50 88
.63f5010bff414 1 0 51 64
.63f5010c16962 1 0 41 64
.63f5010c18602 4 0 88 57
2 0 51 94
.63f5010c23ab6 4 0 88 111
2 0 41 27
.63f5010c288e0 1 0 50 64
.63f5010c3a7e7 1 0 56 64
.63f5010c47e51 4 0 88 94
2 0 53 97
.63f5010c774fa 1 0 41 64
.63f5010c78d97 4 0 88 2
2 0 55 95
.63f5010c84564 1 0 60 64
.63f5010c8989c 1 0 53 64
.63f5010c8ae05 4 0 64 127
4 1 64 127
4 2 64 127
.63f5010ca4493 4 0 88 14
2 0 56 101
.63f5010cb2d1d 1 0 55 64
.63f5010cd325a 4 0 88 60
2 0 62 95
.63f5010cde07c 1 0 51 64
.63f5010cf3b89 4 0 88 114
2 0 39 90
.63f5010d05fd6 4 0 64 0
4 1 64 0
4 2 64 0
.63f5010d205f5 4 0 88 118
2 0 51 102
.63f5010d273fa 1 0 39 64
.63f5010d52803 4 0 88 27
2 0 50 93
.63f5010d57f75 1 0 51 64
.63f5010d7f993 4 0 88 18
2 0 51 104
.63f5010d8d222 1 0 50 64
.63f5010dae361 4 0 88 47
2 0 53 101
.63f5010db049f 1 0 56 64
.63f5010dd9f74 4 0 88 48
2 0 55 96
.63f5010ddfed0 1 0 51 64
.63f5010dee9d8 1 0 53 64
.63f5010e0a8b8 4 0 88 41
2 0 56 102
.63f5010e10f65 1 0 62 64
.63f5010e16729 4 0 64 127
4 1 64 127
4 2 64 127
.63f5010e1dbfa 1 0 55 64
.63f5010e37758 4 0 88 47
2 0 62 101
.63f5010e640bd 4 0 88 0
2 0 38 100
.63f5010e714c7 4 0 64 0
4 1 64 0
4 2 64 0
.63f5010e9bbf9 4 0 88 107
2 0 50 96
.63f5010ecd355 4 0 88 105
2 0 48 101
.63f5010edb58d 1 0 50 64
.63f5010ee3ab0 1 0 38 64
.63f5010efe0f5 4 0 88 83
2 0 50 98
.63f5010f0546b 1 0 48 64
.63f5010f2aa47 4 0 88 34
2 0 51 96
.63f5010f2e2a9 1 0 50 64
.63f5010f37c00 1 0 56 64
.63f5010f573f3 4 0 88 110
2 0 53 91
.63f5010f64834 1 0 51 64
.63f5010f82c3d 4 0 88 48
2 0 55 96
.63f5010f8a7a7 1 0 53 64
.63f5010faa6a0 4 0 88 122
2 0 56 105
.63f5010faac75 4 0 64 127
4 1 64 127
4 2 64 127
.63f5010fb98fb 1 0 55 64
.63f5010fd3cef 1 0 62 64
.63f5010fd8f86 4 0 88 47
2 0 60 101
.63f5010fdee50 4 0 88 50
2 0 55 107
.63f5010fdf864 4 0 64 0
4 1 64 0
4 2 64 0
.63f5010fe2fb0 1 0 56 64
.63f501100dbb1 4 0 88 24
2 0 53 98
.63f501101d10a 1 0 55 64
.63f501103c0fd 4 0 88 33
2 0 51 93
.63f5011048af2 1 0 53 64
.63f50110610b3 4 0 88 71
2 0 50 99
.63f5011064d5c 1 0 51 64
.63f5011090cba 4 0 88 20
2 0 53 89
.63f50110a1f49 1 0 50 64
.63f50110c4d92 4 0 88 5
2 0 48 112
.63f50110cd235 1 0 53 64
.63f50110f6781 4 0 88 35
2 0 50 102
.63f5011116263 4 0 64 127
4 1 64 127
4 2 64 127
.63f5011120d82 4 0 88 10
2 0 51 98
.63f5011122736 1 0 48 64
.63f501112f68d 1 0 50 64
.63f501114f420 1 0 51 64
.63f5011159b12 4 0 88 40
2 0 47 115
.63f501115c697 4 0 64 0
4 1 64 0
4 2 64 0
.63f50111982e2 4 0 88 103
2 0 55 87
.63f50111b73bf 1 0 60 64
.63f50111f521f 4 0 88 7
2 0 57 90
.63f50111fddf4 1 0 55 64
.63f5011222cff 4 0 88 65
2 0 59 90
.63f5011223abb 1 0 57 64
.63f5011248cce 4 0 88 24
2 0 60 98
.63f501125001a 1 0 59 64
.63f501127a511 4 0 88 116
2 0 62 86
.63f501127e3c3 1 0 60 64
.63f50112a578c 1 0 62 64
.63f50112a7019 4 0 88 24
2 0 64 98
.63f50112d3e78 4 0 88 85
2 0 65 84
.63f50112e0393 1 0 64 64
.63f50112fec73 4 0 88 45
2 0 67 87
.63f501130b618 1 0 65 64
.63f501133655c 4 0 88 95
2 0 65 75
.63f50113379ea 4 0 88 95
2 0 64 75
.63f501134594d 1 0 67 64
.63f50113631d8 4 0 88 107
2 0 63 76
.63f50113662cb 1 0 64 64
.63f5011373dc8 1 0 65 64
.63f5011393e7c 4 0 88 59
2 0 62 100
.63f5011399b52 1 0 63 64
.63f50113c3e04 4 0 88 53
2 0 60 91
.63f50113cee95 1 0 62 64
.63f50113f7236 4 0 88 53
2 0 59 91
.63f50113f989c 1 0 60 64
.63f501140146a 4 0 64 127
4 1 64 127
4 2 64 127
.63f5011422460 4 0 88 35
2 0 60 102
.63f5011433a1c 1 0 59 64
.63f5011456429 4 0 64 0
4 1 64 0
4 2 64 0
.63f501145b4c8 1 0 47 64
.63f5011461bcf 4 0 88 62
2 0 63 91
.63f501146a56a 1 0 60 64
.63f501149d286 4 0 88 60
2 0 55 95
.63f50114cdc6e 4 0 88 47
2 0 57 101
.63f50114df991 1 0 55 64
.63f50114feb17 4 0 88 83
2 0 59 98
.63f501150da1d 1 0 57 64
.63f501152ee48 4 0 88 77
2 0 60 104
.63f5011533904 1 0 63 64
.63f5011535f02 1 0 59 64
.63f501155a4d3 4 0 88 24
2 0 62 98
.63f5011570b2a 1 0 60 64
.63f501158978a 4 0 88 108
2 0 63 93
.63f5011593e9e 1 0 62 64
.63f50115b2f27 4 0 88 0
2 0 65 106
.63f50115c0c62 1 0 63 64
.63f50115dd3d9 4 0 88 107
2 0 71 96
.63f50115e62be 4 0 88 24
2 0 67 98
.63f50115f41ce 1 0 65 64
.63f5011613233 4 0 88 57
2 0 68 94
.63f501161bd29 1 0 67 64
.63f501164449a 4 0 88 110
2 0 67 91
.63f501164b144 1 0 68 64
.63f501167397c 4 0 88 107
2 0 65 96
.63f5011685aec 1 0 67 64
.63f50116a0373 4 0 88 85
2 0 63 92
.63f50116aea91 1 0 65 64
.63f50116cc8e2 4 0 88 37
2 0 62 97
.63f50116d14ae 1 0 63 64
.63f50116fa8af 4 0 88 59
2 0 60 100
.63f5011704c06 1 0 62 64
.63f5011725a68 4 0 88 105
2 0 59 101
.63f501172cdca 4 0 64 127
4 1 64 127
4 2 64 127
.63f5011730eae 1 0 60 64
.63f501175fdad 4 0 88 105
2 0 65 101
.63f5011769f1b 1 0 71 64
.63f501177912e 4 0 64 0
4 1 64 0
4 2 64 0
.63f5011790382 1 0 59 64
.63f5011796ea1 4 0 88 94
2 0 67 97
.63f50117c27f5 4 0 88 117
2 0 69 100
.63f50117c6c1a 1 0 67 64
.63f50117f1f64 4 0 88 0
2 0 71 100
.63f50117f8721 1 0 69 64
.63f501181de89 4 0 88 117
2 0 72 100
.63f501181f3ff 1 0 71 64
.63f50118448d0 4 0 88 2
2 0 74 95
.63f501184e5a2 1 0 72 64
.63f5011870b83 4 0 88 91
2 0 75 89
.63f501187ae59 4 0 64 127
4 1 64 127
4 2 64 127
.63f501187e7b4 1 0 74 64
.63f501189d130 4 0 88 107
2 0 77 96
.63f50118a5a28 1 0 75 64
.63f50118b583f 4 0 64 0
4 1 64 0
4 2 64 0
.63f50118cf1ad 4 0 88 48
2 0 67 96
.63f50118d28f2 4 0 88 107
2 0 79 96
.63f50118d3de3 1 0 65 64
.63f50118d9530 1 0 77 64
.63f501190503b 4 0 88 96
2 0 80 86
.63f501191508b 1 0 79 64
.63f5011932e47 4 0 88 64
2 0 79 70
.63f501193af25 1 0 80 64
.63f501195d3d0 4 0 88 97
2 0 77 92
.63f5011960414 1 0 79 64
.63f50119877b8 4 0 88 125
2 0 75 84
.63f5011999b99 1 0 77 64
.63f50119b3399 4 0 88 107
2 0 74 96
.63f50119ca45c 1 0 75 64
.63f50119e4170 4 0 88 84
2 0 72 93
.63f50119ebccb 1 0 74 64
.63f50119f7d60 4 0 64 127
4 1 64 127
4 2 64 127
.63f5011a0ffd6 4 0 88 60
2 0 71 95
.63f5011a1f871 1 0 72 64
.63f5011a3bc26 1 0 67 64
.63f5011a3fea9 4 0 88 25
2 0 68 83
.63f5011a41fda 4 0 88 27
2 0 72 103
.63f5011a46ecb 4 0 64 0
4 1 64 0
4 2 64 0
.63f5011a48050 1 0 71 64
.63f5011a7a5ad 4 0 88 83
2 0 74 98
.63f5011a8aad3 1 0 72 64
.63f5011aaa09c 4 0 88 62
2 0 75 91
.63f5011ab66ca 1 0 74 64
.63f5011ad5cf4 1 0 75 64
4 0 88 8
2 0 77 105
.63f5011b00059 4 0 88 27
2 0 79 103
.63f5011b0cf47 1 0 77 64
.63f5011b2cbcb 4 0 88 65
2 0 80 100
.63f5011b3b5e3 1 0 79 64
.63f5011b5bfcf 4 0 88 34
2 0 82 96
.63f5011b5ff06 4 0 88 72
2 0 65 94
.63f5011b646a3 1 0 68 64
.63f5011b65945 1 0 80 64
.63f5011b893ab 4 0 64 127
4 1 64 127
4 2 64 127
.63f5011b8f38b 4 0 88 0
2 0 84 100
.63f5011b985e0 1 0 82 64
.63f5011bc22c5 4 0 88 33
2 0 83 88
.63f5011bc3c5c 4 0 64 0
4 1 64 0
4 2 64 0
.63f5011bc6c51 4 0 88 7
2 0 67 90
.63f5011bce5e7 1 0 65 64
.63f5011bdf369 1 0 84 64
.63f5011bf0595 4 0 88 2
2 0 81 95
.63f5011bfa7f9 1 0 83 64
.63f5011c296af 4 0 88 96
2 0 83 102
.63f5011c39411 1 0 81 64
.63f5011c5a44a 4 0 88 91
2 0 63 89
.63f5011c62325 1 0 67 64
.63f5011c8f178 4 0 88 13
2 0 65 99
.63f5011c9db82 1 0 63 64
.63f5011cc0915 4 0 88 96
2 0 67 102
.63f5011cca105 1 0 65 64
.63f5011ced7cc 4 0 88 34
2 0 68 96
.63f5011cfc645 1 0 67 64
.63f5011d1afe0 4 0 88 7
2 0 70 95
.63f5011d2076c 4 0 64 127
4 1 64 127
4 2 64 127
.63f5011d2d6fb 1 0 68 64
.63f5011d50251 4 0 88 0
2 0 77 100
.63f5011d525ee 4 0 88 107
2 0 72 96
.63f5011d56aba 1 0 70 64
.63f5011d60f66 4 0 64 0
4 1 64 0
4 2 64 0
.63f5011d84497 4 0 88 57
2 0 68 94
.63f5011d95180 1 0 72 64
.63f5011da16a3 4 0 64 127
4 1 64 127
4 2 64 127
.63f5011db2ef1 4 0 88 114
2 0 70 90
.63f5011db5e47 4 0 64 0
4 1 64 0
4 2 64 0
.63f5011dbef95 1 0 83 64
.63f5011dca6fa 4 0 64 127
4 1 64 127
4 2 64 127
.63f5011dcc4eb 1 0 68 64
.63f5011de456e 4 0 88 13
2 0 72 99
.63f5011df42e7 1 0 70 64
.63f5011e0dd72 4 0 64 0
4 1 64 0
4 2 64 0
.63f5011e176af 1 0 77 64
.63f5011e20aa8 4 0 88 40
2 0 73 80
.63f5011e221a5 4 0 88 82
2 0 77 110
.63f5011e29dec 1 0 72 64
.63f5011e2a0df 4 0 88 2
2 0 76 95
.63f5011e3dbab 1 0 77 64
.63f5011e71af0 4 0 88 90
2 0 72 88
.63f5011e75113 1 0 73 64
.63f5011ea8e64 4 0 88 119
2 0 70 87
.63f5011eb8b3e 1 0 72 64
.63f5011ed5ce5 4 0 88 114
2 0 68 90
.63f5011ee6c9b 1 0 70 64
.63f5011f023b8 4 0 88 97
2 0 67 92
.63f5011f06eb7 1 0 68 64
.63f5011f31070 4 0 88 125
2 0 68 84
.63f5011f44a94 1 0 67 64
.63f5011f5ccee 4 0 88 96
2 0 70 86
.63f5011f679cc 1 0 68 64
.63f5011f6a739 4 0 64 127
4 1 64 127
4 2 64 127
.63f5011f88952 4 0 88 2
2 0 67 95
.63f5011f92150 1 0 70 64
.63f5011fbc8cf 4 0 64 0
4 1 64 0
4 2 64 0
.63f5011fc4189 4 0 88 72
2 0 72 94
.63f5011fc4958 4 0 88 7
2 0 75 95
.63f5011fd3851 1 0 76 64
.63f5011fdf65a 1 0 67 64
.63f5011ffc546 4 0 88 100
2 0 70 83
.63f501200a23c 1 0 72 64
.63f5012031461 4 0 88 119
2 0 68 87
.63f501203f71b 1 0 70 64
.63f50120611c3 4 0 88 45
2 0 67 87
.63f501206b7f7 1 0 68 64
.63f501209100a 4 0 88 28
2 0 65 84
.63f501209a01e 1 0 67 64
.63f50120c03cf 4 0 88 53
2 0 67 91
.63f50120c3352 1 0 65 64
.63f50120eedcd 4 0 88 108
2 0 68 93
.63f50120f7895 1 0 67 64
.63f501210a956 4 0 64 127
4 1 64 127
4 2 64 127
.63f501211528a 4 0 88 32
2 0 65 72
.63f501211c490 1 0 68 64
.63f501214555f 4 0 88 48
2 0 73 84
.63f5012147603 4 0 88 7
2 0 70 95
.63f501214ca5b 1 0 65 64
.63f5012150df9 4 0 64 0
4 1 64 0
4 2 64 0
.63f501215479b 1 0 75 64
.63f501217a2c8 1 0 70 64
.63f501217a9ac 4 0 88 97
2 0 69 65
.63f501217ce30 4 0 88 24
2 0 68 44
.63f50121945de 1 0 68 64
.63f501219e73d 1 0 69 64
.63f50121a84db 4 0 88 107
2 0 67 96
.63f50121dc92e 4 0 88 4
2 0 65 67
.63f50121ecc01 1 0 67 64
.63f501220d4ca 4 0 88 34
2 0 63 96
.63f5012218632 1 0 65 64
.63f5012237991 4 0 88 33
2 0 65 88
.63f50122489cf 1 0 63 64
.63f5012268cd7 4 0 88 94
2 0 67 97
.63f5012270df3 1 0 65 64
.63f501228199c 4 0 64 127
4 1 64 127
4 2 64 127
.63f5012298564 4 0 88 36
2 0 64 56
.63f501229ba54 1 0 67 64
.63f50122a536c 4 0 88 92
2 0 63 44
.63f50122b2f01 1 0 64 64
.63f50122c2128 4 0 64 0
4 1 64 0
4 2 64 0
.63f50122c26f2 4 0 88 24
2 0 72 98
.63f50122c9624 4 0 88 45
2 0 68 105
.63f50122d058f 1 0 73 64
.63f50122d25e0 1 0 63 64
.63f50122f8042 4 0 88 107
2 0 67 96
.63f50123057d3 1 0 68 64
.63f5012324e68 4 0 88 33
2 0 65 88
.63f5012337cfc 1 0 67 64
.63f5012354683 4 0 88 66
2 0 63 88
.63f5012361a45 1 0 65 64
.63f5012383ec5 4 0 88 116
2 0 62 86
.63f5012385e35 1 0 63 64
.63f50123b1315 4 0 88 19
2 0 63 79
.63f50123c73b9 1 0 62 64
.63f50123e1995 4 0 88 119
2 0 65 70
.63f50123e2a76 4 0 88 121
2 0 64 59
.63f50123e6af5 1 0 63 64
.63f50123f00dc 1 0 64 64
.63f50123fb93c 4 0 64 127
4 1 64 127
4 2 64 127
.63f501240b24c 4 0 88 13
2 0 62 99
.63f5012415e45 1 0 65 64
.63f501243efdd 4 0 64 0
4 1 64 0
4 2 64 0
.63f50124426b1 4 0 88 90
2 0 67 88
.63f5012446f1a 4 0 88 112
2 0 70 96
.63f5012453c85 1 0 72 64
.63f5012459662 1 0 62 64
.63f501247b8aa 4 0 88 13
2 0 65 99
.63f5012486121 1 0 67 64
.63f50124a758b 4 0 88 33
2 0 63 76
.63f50124b67d5 1 0 65 64
.63f50124d8cda 4 0 88 118
2 0 62 95
.63f50124e2964 1 0 63 64
.63f5012508dc5 4 0 88 35
2 0 60 102
.63f501251294f 1 0 62 64
.63f50125349b8 4 0 88 112
2 0 62 82
.63f50125497e5 1 0 60 64
.63f50125600f5 4 0 88 39
2 0 63 90
.63f50125711d3 1 0 62 64
.63f501257e54b 4 0 64 127
4 1 64 127
4 2 64 127
.63f501258a370 4 0 88 2
2 0 60 95
.63f5012592f2d 1 0 63 64
.63f50125b8c0a 4 0 88 61
2 0 68 97
.63f50125ba7cb 4 0 88 41
2 0 65 83
.63f50125bebf7 4 0 64 0
4 1 64 0
4 2 64 0
.63f50125c9b92 1 0 70 64
.63f50125ec722 4 0 88 119
2 0 63 64
.63f50125ee570 1 0 65 64
.63f50125f758e 1 0 60 64
.63f5012616bb9 4 0 88 72
2 0 62 94
.63f501261fa0d 1 0 63 64
.63f5012644247 4 0 88 97
2 0 60 92
.63f501265336f 1 0 62 64
.63f5012671a43 4 0 88 62
2 0 58 91
.63f5012677eb7 1 0 60 64
.63f501269f04e 4 0 88 107
2 0 60 96
.63f50126aa328 1 0 58 64
.63f50126d0769 4 0 88 118
2 0 62 95
.63f50126ddd6b 1 0 60 64
.63f50126f852a 4 0 64 127
4 1 64 127
4 2 64 127
.63f50126fb033 4 0 88 73
2 0 58 78
.63f5012704371 1 0 62 64
.63f5012727521 4 0 88 7
2 0 67 90
4 0 64 0
4 1 64 0
4 2 64 0
.63f5012730e91 4 0 88 57
2 0 63 94
.63f501273444b 1 0 68 64
1 0 58 64
.63f501275f508 4 0 88 15
2 0 62 73
.63f50127738ea 1 0 63 64
.63f501278d751 4 0 88 53
2 0 60 91
.63f501279f0d2 1 0 62 64
.63f50127be5da 4 0 88 70
2 0 59 85
.63f50127c2b73 1 0 60 64
.63f50127ec3ce 4 0 88 35
2 0 60 102
.63f50127f9c7d 1 0 59 64
.63f501281a882 4 0 88 62
2 0 56 91
.63f5012823e41 1 0 60 64
.63f50128547cc 4 0 88 32
2 0 58 45
.63f501285a798 4 0 88 1
2 0 59 86
.63f501287fa09 1 0 58 64
.63f501287fd8e 4 0 88 87
2 0 60 103
.63f5012882e4d 1 0 59 64
.63f50128b8ad3 4 0 88 70
2 0 62 85
.63f50128b9ca6 4 0 88 24
2 0 64 80
1 0 60 64
.63f50128c6232 1 0 64 64
.63f50128f21c3 1 0 62 64
.63f50128f4269 4 0 88 73
2 0 63 78
.63f501292915f 4 0 88 68
2 0 62 105
.63f501292c437 1 0 63 64
.63f5012951c33 4 0 88 122
2 0 60 77
.63f501296299c 1 0 62 64
.63f50129633d0 1 0 56 64
.63f50129656a7 4 0 64 127
4 1 64 127
4 2 64 127
.63f501298bc78 4 0 88 23
2 0 59 76
.63f501298e078 1 0 60 64
.63f501299a417 4 0 64 0
4 1 64 0
4 2 64 0
.63f50129a7c7a 4 0 88 118
2 0 55 64
.63f50129aa59a 4 0 88 45
2 0 53 87
.63f50129ceec2 1 0 53 64
.63f5012a00270 4 0 88 1
2 0 57 86
.63f5012a01665 1 0 59 64
.63f5012a454fc 4 0 88 51
2 0 59 78
.63f5012a5ba2b 1 0 57 64
.63f5012a75cca 4 0 88 87
2 0 60 103
.63f5012a8688f 1 0 59 64
.63f5012aa9a18 4 0 88 2
2 0 62 95
.63f5012ab3453 1 0 60 64
.63f5012ad57e7 4 0 88 70
2 0 59 85
.63f5012adf8db 1 0 62 64
.63f5012b006b6 4 0 88 94
2 0 60 97
.63f5012b057e1 4 0 64 127
4 1 64 127
4 2 64 127
.63f5012b176db 1 0 59 64
.63f5012b3105b 4 0 88 110
2 0 62 91
.63f5012b3a7d6 1 0 60 64
.63f5012b549f3 4 0 64 0
4 1 64 0
4 2 64 0
.63f5012b58396 4 0 88 116
2 0 65 86
.63f5012b620ab 4 0 88 20
2 0 63 86
.63f5012b64241 1 0 67 64
.63f5012b6893a 1 0 62 64
.63f5012b8e001 4 0 88 33
2 0 64 88
.63f5012b8e3c7 4 0 88 118
2 0 62 95
.63f5012b8f93e 1 0 63 64
.63f5012b973e1 1 0 65 64
.63f5012bbba40 4 0 88 90
2 0 60 88
.63f5012bbd0a6 1 0 62 64
.63f5012bbe45d 4 0 88 94
2 0 65 97
.63f5012bc2c4e 1 0 64 64
.63f5012bec116 4 0 88 70
2 0 62 85
.63f5012bf4463 1 0 60 64
.63f5012c1b40d 4 0 88 27
2 0 60 103
.63f5012c282ab 1 0 62 64
.63f5012c4d0c0 4 0 88 83
2 0 59 98
.63f5012c55386 1 0 60 64
.63f5012c7f797 4 0 88 2
2 0 62 95
.63f5012c7fdc5 4 0 88 13
2 0 60 99
.63f5012c8d34e 1 0 59 64
.63f5012c9093f 1 0 65 64
.63f5012cabbe1 4 0 88 61
2 0 63 97
.63f5012cb78a2 1 0 62 64
.63f5012ce438a 4 0 88 68
2 0 65 105
.63f5012ce84dc 1 0 63 64
.63f5012d128ab 4 0 88 13
2 0 67 99
.63f5012d1f2d3 1 0 65 64
.63f5012d40e74 4 0 88 100
2 0 68 83
.63f5012d496da 1 0 67 64
.63f5012d4c42d 4 0 88 114
2 0 63 90
.63f5012d5f663 1 0 60 64
.63f5012d72d63 4 0 88 10
2 0 70 92
.63f5012d79ccd 1 0 68 64
.63f5012da6d49 4 0 88 85
2 0 68 95
.63f5012dc7c28 1 0 70 64
.63f5012dd361d 4 0 64 127
4 1 64 127
4 2 64 127
.63f5012dd64ab 4 0 88 117
2 0 67 100
.63f5012de2ad1 1 0 63 64
.63f5012de8eb3 1 0 68 64
.63f5012decf13 1 0 55 64
.63f5012e02a24 4 0 88 37
2 0 62 97
4 0 88 118
2 0 55 50
.63f5012e052a1 4 0 64 0
4 1 64 0
4 2 64 0
.63f5012e06062 4 0 88 117
2 0 65 100
.63f5012e09716 1 0 67 64
.63f5012e28605 4 0 64 127
4 1 64 127
4 2 64 127
.63f5012e31702 4 0 88 33
2 0 63 76
.63f5012e3be5f 4 0 88 60
2 0 60 95
.63f5012e40d6e 1 0 65 64
.63f5012e44a70 1 0 62 64
.63f5012e62f54 4 0 64 0
4 1 64 0
4 2 64 0
.63f5012e66bf8 1 0 63 64
.63f5012e67cce 4 0 88 33
2 0 65 88
.63f5012e6df54 4 0 88 116
2 0 62 86
.63f5012e71298 1 0 60 64
.63f5012e9f577 4 0 88 24
2 0 59 98
.63f5012eac3fd 1 0 62 64
.63f5012ecb41e 4 0 88 105
2 0 60 101
.63f5012ede918 1 0 59 64
.63f5012ee9b78 4 0 64 127
4 1 64 127
4 2 64 127
.63f5012ef837a 4 0 88 110
2 0 62 91
.63f5012efe289 1 0 60 64
.63f5012f1ec3d 1 0 65 64
.63f5012f215ca 4 0 64 0
4 1 64 0
4 2 64 0
.63f5012f26ff7 4 0 88 11
2 0 67 81
.63f5012f2e8cf 4 0 88 18
2 0 60 104
.63f5012f39c88 1 0 62 64
.63f5012f5914f 1 0 55 64
.63f5012f6947b 4 0 88 14
2 0 59 94
.63f5012f7abe5 1 0 60 64
.63f5012f9a752 4 0 88 72
2 0 57 94
.63f5012fa2ad6 1 0 59 64
.63f5012fc8d10 4 0 88 97
2 0 55 92
.63f5012fd4442 1 0 57 64
.63f5012ffd8f0 4 0 88 59
2 0 53 106
.63f5013003fa7 1 0 55 64
.63f50130349d6 4 0 88 122
2 0 59 77
.63f50130362e3 4 0 88 14
2 0 60 94
.63f50130604fe 4 0 88 94
2 0 62 97
.63f5013062e22 1 0 60 64
.63f501306415d 1 0 59 64
.63f501308ef48 4 0 88 119
2 0 63 87
.63f50130942e7 1 0 62 64
.63f501309cc29 1 0 67 64
.63f50130c0f02 4 0 88 107
2 0 62 96
.63f50130d0121 1 0 63 64
.63f50130eef5e 4 0 88 117
2 0 60 100
.63f50130f3c55 1 0 62 64
.63f501311db3c 4 0 88 90
2 0 59 88
.63f501312317c 1 0 60 64
.63f501313c883 4 0 64 127
4 1 64 127
4 2 64 127
.63f501314c432 1 0 59 64
.63f501314c964 4 0 88 55
2 0 55 82
.63f501316bc34 1 0 53 64
.63f5013179412 1 0 55 64
.63f501317e65a 4 0 88 59
2 0 65 100
.63f501317fddd 4 0 64 0
4 1 64 0
4 2 64 0
.63f5013180a86 4 0 88 118
2 0 62 95
.63f50131a8f0b 4 0 64 127
4 1 64 127
4 2 64 127
.63f50131ac4be 4 0 88 120
2 0 63 73
.63f50131ae034 1 0 65 64
.63f50131cf086 4 0 64 0
4 1 64 0
4 2 64 0
.63f50131d7ded 4 0 88 13
2 0 65 85
.63f50131dce38 1 0 63 64
.63f501320b1e8 4 0 88 117
2 0 55 100
.63f5013238cea 4 0 88 35
2 0 53 102
.63f5013247fd4 1 0 55 64
.63f501325ee99 1 0 65 64
.63f5013265958 4 0 88 38
2 0 51 99
.63f50132725c1 1 0 53 64
.63f5013293a6b 4 0 88 94
2 0 50 97
.63f5013294f40 4 0 88 43
2 0 63 87
.63f5013295923 1 0 51 64
.63f50132a2a66 1 0 62 64
.63f50132c87c8 4 0 88 61
2 0 51 97
.63f50132d0d78 4 0 64 127
4 1 64 127
4 2 64 127
.63f50132d6cda 1 0 50 64
.63f50132f841f 4 0 88 53
2 0 65 91
.63f50132f9d9a 4 0 64 0
4 1 64 0
4 2 64 0
.63f50132faa20 4 0 88 94
2 0 50 97
.63f50132fd9ee 1 0 51 64
.63f5013302ea1 1 0 63 64
.63f501332a911 4 0 88 24
2 0 48 98
.63f5013333fb9 4 0 88 0
2 0 62 100
.63f501333423c 1 0 50 64
.63f5013343ec3 1 0 65 64
.63f501335fd2c 4 0 88 27
2 0 47 103
.63f501336a5a7 1 0 48 64
.63f501336afbb 4 0 88 85
2 0 63 92
.63f501337ba7f 1 0 62 64
.63f501338a590 4 0 88 87
2 0 48 103
.63f5013398e00 1 0 47 64
.63f5013399881 4 0 88 45
2 0 65 87
.63f50133a68d3 1 0 63 64
.63f50133bf433 4 0 88 20
2 0 50 89
.63f50133bff8b 1 0 48 64
.63f50133c9e4d 4 0 88 59
2 0 62 100
.63f50133daaf0 1 0 65 64
.63f50133f4a9c 4 0 88 119
2 0 47 106
.63f50133f9ab7 4 0 88 65
2 0 63 100
.63f50133fd194 1 0 50 64
.63f501340949f 1 0 62 64
.63f5013425eed 4 0 88 27
2 0 48 103
.63f50134263c1 4 0 88 103
2 0 65 87
.63f50134334a3 1 0 63 64
.63f5013434c1f 1 0 47 64
.63f5013455466 4 0 88 0
2 0 50 100
.63f5013457424 4 0 88 118
2 0 62 95
.63f501345a586 1 0 48 64
.63f5013467594 1 0 65 64
.63f5013487daa 4 0 88 39
2 0 47 75
.63f501348ec45 1 0 50 64
.63f5013491364 4 0 88 91
2 0 63 89
.63f50134947fb 1 0 62 64
.63f50134cb026 4 0 88 94
2 0 62 97
.63f50134dd723 1 0 63 64
.63f50134fd195 4 0 88 0
2 0 60 100
.63f501350819b 1 0 62 64
.63f501352afa7 4 0 88 118
2 0 59 95
.63f501352d92c 1 0 60 64
.63f501355c3d8 4 0 88 47
2 0 60 101
.63f501356031a 1 0 59 64
.63f5013589086 4 0 88 0
2 0 50 106
.63f501358bc21 1 0 47 64
.63f50135bad6a 4 0 88 45
2 0 47 87
.63f50135c2e34 1 0 50 64
.63f50135e6739 4 0 88 24
2 0 48 98
.63f50135f71cd 1 0 47 64
.63f501361e305 4 0 88 119
2 0 50 106
.63f5013625673 1 0 48 64
.63f501364c112 4 0 88 62
2 0 51 91
.63f5013658e24 1 0 50 64
.63f501367d39a 4 0 88 60
2 0 53 95
.63f501368be7f 1 0 51 64
.63f50136ac084 1 0 53 64
.63f50136acfd1 4 0 88 13
2 0 50 99
.63f50136e7caa 4 0 88 39
2 0 55 92
.63f5013702dbc 1 0 50 64
.63f5013726e64 4 0 88 59
2 0 53 100
.63f501373a11f 1 0 55 64
.63f5013752e58 4 0 88 72
2 0 51 85
.63f5013763960 1 0 53 64
.63f50137766de 4 0 64 127
4 1 64 127
4 2 64 127
.63f501377dbc5 4 0 88 117
2 0 50 100
.63f50137887d2 1 0 51 64
.63f50137aef40 4 0 88 47
2 0 48 101
.63f50137b3560 1 0 50 64
.63f50137bb097 4 0 88 47
2 0 52 101
.63f50137bfa9c 4 0 64 0
4 1 64 0
4 2 64 0
.63f50137dd595 1 0 60 64
.63f50137f5305 4 0 88 37
2 0 55 97
.63f501382091f 4 0 88 60
2 0 57 95
.63f501382da34 1 0 55 64
.63f501384f584 4 0 88 112
2 0 59 82
.63f50138591f3 1 0 57 64
.63f501388289f 4 0 88 85
2 0 60 84
.63f50138851ff 1 0 59 64
.63f50138affd7 4 0 88 23
2 0 59 76
.63f50138c312e 1 0 60 64
.63f50138dea32 4 0 88 60
2 0 57 95
.63f50138ead03 1 0 59 64
.63f50138f7ee0 1 0 52 64
.63f501390bd4b 4 0 88 53
2 0 55 91
.63f501390fd4a 1 0 57 64
.63f50139437b4 4 0 88 40
2 0 56 80
.63f501394d6a4 1 0 55 64
.63f5013979d89 4 0 88 95
2 0 53 75
.63f501397a7fb 1 0 56 64
.63f50139a607b 4 0 88 65
2 0 55 90
.63f50139b70c6 1 0 53 64
.63f50139d3025 4 0 88 20
2 0 56 86
.63f50139d513d 1 0 55 64
.63f50139d7d9d 4 0 64 127
4 1 64 127
4 2 64 127
.63f5013a060b3 4 0 88 40
2 0 58 80
.63f5013a08200 1 0 56 64
.63f5013a155e9 4 0 64 0
4 1 64 0
4 2 64 0
.63f5013a335e2 4 0 88 19
2 0 56 79
.63f5013a5826f 1 0 58 64
.63f5013a5f1be 4 0 88 47
2 0 55 71
.63f5013a7ab19 1 0 56 64
.63f5013a8e1e0 4 0 88 27
2 0 53 93
.63f5013a9127b 1 0 55 64
.63f5013ac205d 4 0 88 112
2 0 55 82
.63f5013ac7d0e 4 0 88 53
2 0 36 91
.63f5013acefd8 1 0 53 64
.63f5013af2b33 1 0 55 64
.63f5013af397a 4 0 88 110
2 0 52 91
.63f5013b1e0a4 4 0 88 110
2 0 53 91
.63f5013b2822b 1 0 52 64
.63f5013b4d087 4 0 88 65
2 0 55 90
.63f5013b56bc4 1 0 53 64
.63f5013b7fd29 4 0 88 20
2 0 56 86
.63f5013b86488 1 0 55 64
.63f5013bafc4c 4 0 88 13
2 0 55 85
.63f5013bd9e4c 4 0 88 39
2 0 53 92
.63f5013bda243 1 0 56 64
.63f5013bec2de 1 0 55 64
.63f5013c077a1 4 0 88 39
2 0 52 92
.63f5013c0ff57 1 0 53 64
.63f5013c39437 4 0 88 7
2 0 59 90
.63f5013c3db68 4 0 88 104
2 0 55 71
.63f5013c6bdf2 1 0 59 64
.63f5013c6fa3b 4 0 88 110
2 0 57 91
.63f5013c70fbb 4 0 64 127
4 1 64 127
4 2 64 127
.63f5013c9f1d8 4 0 88 0
2 0 59 100
.63f5013ca999e 1 0 57 64
.63f5013cadafb 1 0 55 64
.63f5013cc3016 4 0 64 0
4 1 64 0
4 2 64 0
.63f5013cd129e 4 0 88 127
2 0 55 61
.63f5013ce3be9 1 0 48 64
.63f5013d1619c 4 0 88 87
2 0 38 103
.63f5013d3238b 1 0 36 64
.63f5013d4b122 4 0 88 24
2 0 40 98
.63f5013d5f20e 1 0 38 64
.63f5013d7f442 4 0 88 77
2 0 41 104
.63f5013d8e4dd 1 0 40 64
.63f5013db11e4 4 0 88 109
2 0 43 107
.63f5013db9d86 1 0 41 64
.63f5013dd4f8e 1 0 52 64
.63f5013dd7a97 4 0 88 78
2 0 53 89
.63f5013ddddd1 1 0 55 64
.63f5013de5acf 4 0 88 18
2 0 40 104
.63f5013df18bd 1 0 43 64
.63f5013e164ba 4 0 88 59
2 0 41 106
.63f5013e1e712 4 0 88 32
2 0 59 23
.63f5013e25650 1 0 40 64
.63f5013e462cd 4 0 88 68
2 0 43 105
.63f5013e502da 1 0 41 64
.63f5013e77916 4 0 88 71
2 0 45 99
.63f5013e8dfb2 1 0 43 64
.63f5013ea473e 4 0 88 13
2 0 52 99
.63f5013ea5850 4 0 88 35
2 0 47 102
.63f5013eaefdb 1 0 45 64
.63f5013eb2ea4 1 0 53 64
.63f5013edc3b9 4 0 88 72
2 0 43 94
.63f5013edcad6 4 0 88 71
2 0 41 99
.63f5013ee10e3 1 0 47 64
.63f5013f084d5 1 0 41 64
.63f5013f0c50e 4 0 88 59
2 0 45 106
.63f5013f1ec16 1 0 43 64
.63f5013f3602a 4 0 64 127
4 1 64 127
4 2 64 127
.63f5013f37a78 4 0 88 100
2 0 47 108
.63f5013f46e94 1 0 45 64
.63f5013f6ba42 4 0 88 24
2 0 53 98
.63f5013f6bc28 4 0 88 109
2 0 48 107
.63f5013f708dc 1 0 52 64
.63f5013f74594 1 0 47 64
.63f5013f79672 4 0 64 0
4 1 64 0
4 2 64 0
.63f5013f9abc2 4 0 88 64
2 0 47 112
.63f5013fa260a 1 0 48 64
.63f5013fab3de 4 0 64 127
4 1 64 127
4 2 64 127
.63f5013fce0b4 4 0 88 31
2 0 48 109
.63f5013fd158e 4 0 64 0
4 1 64 0
4 2 64 0
.63f5013fd2477 1 0 47 64
.63f5014000512 4 0 88 27
2 0 50 103
.63f50140032ba 1 0 53 64
.63f5014034fff 4 0 88 47
2 0 52 101
.63f5014041b78 1 0 50 64
.63f501406637b 4 0 88 83
2 0 53 98
.63f501406c9e5 4 0 64 127
4 1 64 127
4 2 64 127
.63f5014070d4c 1 0 52 64
.63f5014095ab9 4 0 64 0
4 1 64 0
4 2 64 0
.63f5014098d68 4 0 88 14
2 0 44 101
.63f501409d0b4 4 0 88 83
2 0 52 98
.63f50140a9f4c 1 0 48 64
.63f50140ac046 1 0 53 64
.63f50140cd5ac 4 0 64 127
4 1 64 127
4 2 64 127
.63f50140d1764 4 0 88 71
2 0 50 99
.63f50140d8b4d 1 0 52 64
.63f5014107aa2 4 0 88 118
2 0 43 95
.63f5014108f20 4 0 88 71
2 0 52 99
.63f501410ad45 4 0 64 0
4 1 64 0
4 2 64 0
.63f501410d958 1 0 44 64
.63f501410f028 1 0 50 64
.63f50141485f2 4 0 88 87
2 0 48 103
.63f501414a8cb 1 0 52 64
.63f50141534e7 1 0 59 64
1 0 59 64
.63f501417c807 4 0 88 39
2 0 50 92
.63f501418fd04 1 0 48 64
.63f50141aaf9e 4 0 88 10
2 0 51 92
.63f50141b5abb 1 0 50 64
.63f50141ba9f2 4 0 64 127
4 1 64 127
4 2 64 127
.63f50141e9d34 4 0 88 116
2 0 53 86
.63f50141ecbec 4 0 88 61
2 0 42 97
.63f50141eec76 1 0 51 64
.63f50141ef622 4 0 64 0
4 1 64 0
4 2 64 0
.63f50141f982c 1 0 43 64
.63f5014227fbe 4 0 88 91
2 0 51 89
.63f501424bbad 1 0 53 64
.63f501425964a 4 0 88 83
2 0 50 98
.63f501426dbd0 1 0 51 64
.63f5014281e82 4 0 64 127
4 1 64 127
4 2 64 127
.63f501428c9fe 4 0 88 0
2 0 48 100
.63f501429ae7a 1 0 50 64
.63f50142c2e8b 4 0 88 65
2 0 57 90
.63f50142c5422 4 0 64 0
4 1 64 0
4 2 64 0
.63f50142c7304 1 0 42 64
.63f50142ecd1a 4 0 88 45
2 0 38 37
4 0 88 39
2 0 42 90
.63f50142fd500 1 0 38 64
.63f501432375f 4 0 88 71
2 0 43 99
.63f5014333536 1 0 42 64
.63f501435518e 4 0 88 37
2 0 45 97
.63f501435f253 1 0 43 64
.63f5014397c3a 4 0 88 33
2 0 44 76
.63f5014399c4a 1 0 45 64
.63f50143d3caf 4 0 88 125
2 0 43 81
.63f50143daeff 1 0 44 64
.63f501440a272 4 0 88 103
2 0 41 87
.63f501441c306 1 0 43 64
.63f5014433dad 4 0 88 48
2 0 39 84
.63f50144481d7 1 0 41 64
.63f5014470cf3 4 0 88 27
2 0 43 93
.63f5014479def 1 0 48 64
.63f501447bda7 1 0 39 64
.63f501449d847 4 0 88 78
2 0 38 89
.63f50144b4937 1 0 43 64
.63f50144d1eaa 4 0 88 14
2 0 39 101
.63f50144e27d8 1 0 38 64
.63f5014502145 4 0 88 110
2 0 41 91
.63f501450d1ac 1 0 39 64
.63f50145356f0 4 0 88 7
2 0 39 95
.63f501453f843 1 0 41 64
.63f50145654ef 4 0 88 122
2 0 38 90
.63f501456dd4a 1 0 39 64
.63f5014598c8c 4 0 88 2
2 0 36 95
.63f50145a4206 1 0 38 64
.63f50145a4adf 4 0 64 127
4 1 64 127
4 2 64 127
.63f50145a588e 1 0 57 64
.63f50145c8a6a 4 0 88 59
2 0 35 106
.63f50145d599d 1 0 36 64
.63f50145f9b56 4 0 64 0
4 1 64 0
4 2 64 0
.63f50145fdba5 4 0 88 83
2 0 36 98
.63f50145ff547 4 0 88 41
2 0 55 83
.63f5014600383 1 0 35 64
.63f501463790e 4 0 88 59
2 0 31 100
.63f501466f514 4 0 88 37
2 0 33 97
.63f5014679d85 1 0 36 64
.63f50146829b8 1 0 31 64
.63f50146a3556 4 0 88 118
2 0 35 95
.63f50146b2a6e 1 0 33 64
.63f50146e361f 4 0 88 45
2 0 36 87
.63f50146eba03 1 0 35 64
.63f50147363ff 4 0 88 107
2 0 38 96
.63f5014742202 1 0 36 64
.63f50147855d1 4 0 88 61
2 0 39 97
.63f5014795d1a 1 0 38 64
.63f50147e1ed4 4 0 88 105
2 0 36 101
.63f50147f01f0 1 0 39 64
.63f5014811e21 4 0 64 127
4 1 64 127
4 2 64 127
.63f5014866c67 4 0 88 48
2 0 42 84
.63f5014872c10 1 0 36 64
.63f50148786d7 4 0 64 0
4 1 64 0
4 2 64 0
.63f501488ac12 4 0 88 18
2 0 45 104
.63f5014900162 4 0 88 6
2 0 51 82
.63f5014911a65 1 0 45 64
.63f50149526cf 4 0 88 112
2 0 50 82
.63f5014960c87 1 0 55 64
.63f501497343a 1 0 51 64
.63f501498f840 4 0 88 103
2 0 48 87
.63f5014997e4d 1 0 50 64
.63f50149c7021 4 0 88 20
2 0 50 89
.63f50149ce195 1 0 48 64
.63f50149f398e 1 0 50 64
.63f50149f6015 4 0 88 13
2 0 47 85
.63f5014a25f58 4 0 88 94
2 0 48 97
.63f5014a3448f 1 0 47 64
.63f5014a5588f 4 0 88 14
2 0 50 94
.63f5014a60e3a 1 0 48 64
.63f5014a8a0c4 4 0 88 100
2 0 51 83
.63f5014a94624 1 0 50 64
.63f5014abfee2 4 0 88 122
2 0 50 90
.63f5014aee7de 4 0 88 2
2 0 48 95
.63f5014af903e 1 0 50 64
.63f5014b04ad6 1 0 51 64
.63f5014b1fe35 4 0 88 14
2 0 47 94
.63f5014b24d3b 1 0 48 64
.63f5014b54834 1 0 47 64
.63f5014b58dd1 4 0 88 24
2 0 48 98
.63f5014b93004 1 0 42 64
.63f5014b9d263 4 0 88 18
2 0 42 104
.63f5014be8e25 4 0 88 107
2 0 43 96
.63f5014c02803 1 0 42 64
.63f5014c3d554 4 0 88 84
2 0 45 93
.63f5014c47ddb 1 0 43 64
.63f5014c4814f 4 0 64 127
4 1 64 127
4 2 64 127
.63f5014c48ddd 1 0 48 64
.63f5014cafdc5 1 0 45 64
.63f5014cc755f 4 0 88 7
2 0 37 95
.63f5014cd4c2d 4 0 64 0
4 1 64 0
4 2 64 0
.63f5014d5d1be 4 0 88 24
2 0 57 98
.63f5014dc8fb6 4 0 88 53
2 0 61 77
.63f5014e14a75 4 0 88 45
2 0 62 87
.63f5014e211f9 1 0 61 64
.63f5014e4b09b 4 0 88 95
2 0 64 79
.63f5014e5aae3 1 0 62 64
.63f5014e7b9ff 4 0 88 93
2 0 61 79
.63f5014e8a998 1 0 64 64
.63f5014eab76d 4 0 88 24
2 0 62 98
.63f5014ebe109 4 0 64 127
4 1 64 127
4 2 64 127
.63f5014ec05ca 1 0 61 64
.63f5014ecfd97 4 0 88 112
2 0 64 82
.63f5014ee6436 1 0 62 64
.63f5014eee828 1 0 37 64
.63f5014efb0c7 1 0 64 64
.63f5014f05a55 4 0 88 113
2 0 37 44
.63f5014f07452 4 0 64 0
4 1 64 0
4 2 64 0
.63f5014f0bff1 4 0 88 71
2 0 65 99
.63f5014f43e30 4 0 88 23
2 0 64 76
.63f5014f634e9 1 0 65 64
.63f5014f75443 4 0 88 103
2 0 62 87
.63f5014f844b0 1 0 64 64
.63f5014f9ffe0 4 0 88 127
2 0 61 77
.63f5014fa8e01 1 0 62 64
.63f5014fd0d64 4 0 88 27
2 0 62 103
.63f5014fda8f0 1 0 61 64
.63f501500671b 4 0 88 53
2 0 43 91
.63f501503ecb0 4 0 88 14
2 0 45 94
.63f501504a0be 1 0 43 64
.63f5015061cfa 1 0 37 64
.63f5015078872 4 0 64 127
4 1 64 127
4 2 64 127
.63f5015080fe0 4 0 88 10
2 0 46 98
.63f5015081ace 1 0 45 64
.63f5015090b58 1 0 62 64
.63f50150d29a2 1 0 46 64
.63f50150d88b1 4 0 88 27
2 0 36 103
.63f50150dc175 4 0 64 0
4 1 64 0
4 2 64 0
.63f50150df93d 1 0 57 64
.63f5015131bdc 4 0 88 37
2 0 60 97
.63f501516646e 4 0 88 7
2 0 62 90
.63f50151727c7 1 0 60 64
.63f501519863f 4 0 88 6
2 0 63 82
.63f50151a35cd 1 0 62 64
.63f50151cf054 4 0 88 45
2 0 65 87
.63f50151d5e06 1 0 63 64
.63f50151ffad5 4 0 88 116
2 0 62 86
.63f50152286d1 4 0 88 72
2 0 63 85
.63f501522b98d 1 0 65 64
.63f501523bbc1 4 0 64 127
4 1 64 127
4 2 64 127
.63f5015243303 1 0 62 64
.63f50152561d3 4 0 88 53
2 0 65 91
.63f50152695eb 1 0 63 64
.63f501528ad5d 4 0 64 0
4 1 64 0
4 2 64 0
.63f501528c478 4 0 88 85
2 0 69 84
.63f501528eab4 4 0 88 104
2 0 60 71
.63f5015292d31 1 0 65 64
.63f50152cb73c 4 0 88 116
2 0 67 86
.63f50152e3cf9 1 0 69 64
.63f50152fe86e 4 0 88 21
2 0 66 70
.63f5015316fda 1 0 67 64
.63f5015335052 4 0 88 65
2 0 64 77
.63f501533a973 1 0 66 64
.63f501536fcd3 4 0 88 6
2 0 66 82
.63f5015373d2b 1 0 64 64
.63f5015388ad8 1 0 36 64
.63f5015389b32 4 0 64 127
4 1 64 127
4 2 64 127
.63f50153b3735 4 0 88 96
2 0 36 102
.63f50153d5f11 4 0 64 0
4 1 64 0
4 2 64 0
.63f501540555c 4 0 88 0
2 0 38 100
.63f50154157d6 1 0 36 64
.63f501544b244 4 0 64 127
4 1 64 127
4 2 64 127
.63f50154554f1 4 0 88 39
2 0 39 90
.63f5015465b53 1 0 38 64
.63f501547c3ac 1 0 60 64
.63f50154bcdc9 4 0 88 100
2 0 34 83
.63f50154c0461 4 0 64 0
4 1 64 0
4 2 64 0
.63f50154c78d6 1 0 39 64
.63f5015518f88 4 0 88 110
2 0 62 91
.63f50155209d6 1 0 66 64
.63f501555ba13 4 0 88 112
2 0 64 82
.63f501556871c 1 0 62 64
.63f5015591a56 4 0 88 40
2 0 66 80
.63f501559dbae 1 0 64 64
.63f50155c6983 4 0 88 94
2 0 67 97
.63f50155cad4f 1 0 66 64
.63f50155f398a 4 0 88 33
2 0 69 88
.63f501560434b 1 0 67 64
.63f50156249d8 4 0 88 25
2 0 70 83
.63f5015635adc 1 0 69 64
.63f501564609d 4 0 64 127
4 1 64 127
4 2 64 127
.63f50156514a1 4 0 88 45
2 0 72 87
.63f501565d01f 1 0 70 64
.63f501566e41a 1 0 34 64
.63f5015683496 4 0 88 53
2 0 74 91
4 0 88 17
2 0 34 55
.63f501568dbdc 1 0 72 64
.63f501569af09 4 0 64 0
4 1 64 0
4 2 64 0
.63f50156b7959 4 0 88 112
2 0 69 82
.63f50156da177 1 0 74 64
.63f50156ec1ac 4 0 88 125
2 0 70 84
.63f50156fa65a 1 0 69 64
.63f501572044b 4 0 88 2
2 0 72 95
.63f5015720863 1 0 70 64
.63f501575166b 4 0 88 48
2 0 74 96
.63f501575c8a6 1 0 72 64
.63f5015783551 4 0 88 114
2 0 75 80
.63f5015794be9 1 0 74 64
.63f50157bb455 4 0 88 7
2 0 77 90
.63f50157c5065 1 0 75 64
.63f50157f36bd 4 0 88 84
2 0 79 93
.63f50157f9e8f 1 0 77 64
.63f5015817e31 4 0 64 127
4 1 64 127
4 2 64 127
.63f501584175a 4 0 88 82
2 0 77 80
.63f5015841c81 4 0 88 32
2 0 36 72
.63f5015846bee 4 0 64 0
4 1 64 0
4 2 64 0
.63f5015847b72 1 0 34 64
.63f5015855358 1 0 79 64
.63f50158977b3 4 0 88 80
2 0 75 82
.63f50158a6f2f 1 0 77 64
.63f50158ca04b 4 0 88 20
2 0 74 89
.63f50158daba8 1 0 75 64
.63f50158fa381 4 0 88 109
2 0 72 78
.63f50159022aa 1 0 74 64
.63f501592af85 4 0 88 73
2 0 75 78
.63f5015936019 1 0 72 64
.63f501596310b 4 0 88 55
2 0 69 82
.63f50159987da 4 0 88 119
2 0 70 64
.63f50159a5fc6 1 0 69 64
.63f50159c69ce 4 0 64 127
4 1 64 127
4 2 64 127
.63f50159cf10d 4 0 88 65
2 0 72 77
.63f50159d91ac 1 0 70 64
.63f5015a12cb7 4 0 64 0
4 1 64 0
4 2 64 0
.63f5015a13701 1 0 75 64
.63f5015a140d3 4 0 88 46
2 0 66 73
.63f5015a1fcd9 1 0 72 64
.63f5015a5bb6e 4 0 88 46
2 0 75 63
.63f5015a953bf 4 0 88 4
2 0 74 67
.63f5015aa9ab4 1 0 75 64
.63f5015ac4c20 4 0 88 39
2 0 72 75
.63f5015acf288 1 0 74 64
.63f5015affd2c 1 0 72 64
.63f5015b01c0c 4 0 88 23
2 0 74 76
.63f5015b042bc 4 0 88 43
2 0 73 52
.63f5015b04dcf 4 0 88 58
2 0 70 61
.63f5015b079c7 1 0 66 64
.63f5015b13cc2 1 0 73 64
.63f5015b15613 1 0 70 64
.63f5015b4e485 4 0 88 65
2 0 72 77
.63f5015b8b8dd 4 0 88 21
2 0 70 70
.63f5015b9ad6c 1 0 72 64
.63f5015bc75c9 4 0 88 8
2 0 69 77
.63f5015bc8db7 1 0 70 64
.63f5015c01f58 4 0 64 127
4 1 64 127
4 2 64 127
.63f5015c13c1f 4 0 88 125
2 0 38 81
.63f5015c16755 4 0 64 0
4 1 64 0
4 2 64 0
1 0 36 64
.63f5015c20896 4 0 88 33
2 0 70 76
.63f5015c25ec4 1 0 69 64
.63f5015c6d4ed 4 0 88 95
2 0 67 79
.63f5015c70cc6 1 0 70 64
.63f5015cb18e4 1 0 74 64
.63f5015cb402f 4 0 88 76
2 0 70 68
.63f5015cc6437 4 0 64 127
4 1 64 127
4 2 64 127
.63f5015cf6686 4 0 88 41
2 0 74 83
.63f5015cfde84 4 0 64 0
4 1 64 0
4 2 64 0
.63f5015d414d3 4 0 88 28
2 0 79 84
.63f5015d43c48 1 0 70 64
.63f5015d53613 1 0 74 64
.63f5015d989ec 4 0 88 84
2 0 74 93
.63f5015da93ca 1 0 79 64
.63f5015deaf1a 4 0 88 25
2 0 70 83
.63f5015df550b 1 0 74 64
.63f5015e3c60d 4 0 88 103
2 0 74 87
.63f5015e40349 4 0 64 127
4 1 64 127
4 2 64 127
.63f5015e4c3c1 1 0 70 64
.63f5015e5215c 1 0 67 64
.63f5015e59fc5 1 0 74 64
.63f5015e95364 4 0 64 0
4 1 64 0
4 2 64 0
.63f5015e9c402 4 0 88 91
2 0 56 89
.63f5015ec4145 4 0 64 127
4 1 64 127
4 2 64 127
.63f5015ee011c 4 0 88 80
2 0 58 13
.63f5015ef889e 4 0 88 51
2 0 62 78
.63f5015f077da 4 0 64 0
4 1 64 0
4 2 64 0
.63f5015f11430 1 0 58 64
.63f5015f1ee30 4 0 64 127
4 1 64 127
4 2 64 127
.63f5015f419ec 1 0 56 64
.63f5015f576a4 1 0 62 64
.63f5015f5faf5 1 0 38 64
.63f5015f70f00 4 0 88 113
2 0 38 67
.63f5015f85b05 4 0 88 104
2 0 55 71
.63f5015f9cdd1 4 0 64 0
4 1 64 0
4 2 64 0
.63f5015fa457f 4 0 88 69
2 0 58 67
.63f5015fb50b2 4 0 88 8
2 0 62 77
.63f5015fd3e84 4 0 88 68
2 0 67 81
.63f5016145133 4 0 88 13
2 0 50 85
.63f501614cde5 1 0 38 64
.63f50161b0ae2 4 0 88 119
2 0 49 87
.63f50161b5ba0 1 0 50 64
.63f50161ffcaf 4 0 88 45
2 0 50 87
.63f501620b945 1 0 49 64
.63f5016239ff1 4 0 88 11
2 0 52 81
.63f501623d392 1 0 50 64
.63f5016244370 1 0 55 64
.63f50162571dd 1 0 58 64
.63f50162660d9 1 0 67 64
.63f5016266d12 4 0 88 10
2 0 54 92
.63f50162670cd 1 0 62 64
.63f501626e558 1 0 52 64
.63f501628f8d0 4 0 88 14
2 0 55 94
.63f50162ac4b2 1 0 54 64
.63f50162b7990 4 0 88 20
2 0 57 89
.63f50162c4640 1 0 55 64
.63f50162dceef 4 0 88 96
2 0 58 86
.63f50162e6804 1 0 57 64
.63f50162fde40 1 0 58 64
.63f501630081b 4 0 88 118
2 0 60 95
.63f501632891f 4 0 88 98
2 0 62 83
.63f501633796a 1 0 60 64
.63f5016353922 4 0 88 103
2 0 64 87
.63f50163626d1 1 0 62 64
.63f5016380685 4 0 88 119
2 0 66 87
.63f50163913b7 1 0 64 64
.63f50163bfbfd 4 0 88 20
2 0 67 89
.63f50163d230d 1 0 66 64
.63f501640613a 4 0 88 122
2 0 64 90
.63f501645bdb6 4 0 88 25
2 0 61 83
.63f5016465982 1 0 64 64
.63f501649fbd7 4 0 88 24
2 0 64 57
.63f50164b2c30 1 0 61 64
.63f50164cdf72 4 0 88 108
2 0 58 93
.63f50164dad2d 4 0 64 127
4 1 64 127
4 2 64 127
.63f50164df95f 1 0 64 64
.63f50164e5d51 4 0 88 66
2 0 50 58
.63f5016531135 4 0 88 116
2 0 57 86
.63f501654159a 4 0 64 0
4 1 64 0
4 2 64 0
.63f50165ac551 4 0 88 13
2 0 55 85
.63f50165bbb76 1 0 57 64
.63f50165ebcf4 4 0 88 125
2 0 54 84
.63f50165f331e 1 0 55 64
.63f5016621930 4 0 88 68
2 0 55 81
.63f5016631a0e 4 0 64 127
4 1 64 127
4 2 64 127
.63f5016632189 1 0 54 64
.63f501664ec00 1 0 58 64
.63f5016677f05 4 0 64 0
4 1 64 0
4 2 64 0
.63f501667d9e3 4 0 88 95
2 0 57 75
.63f5016683290 1 0 55 64
.63f501668b429 4 0 88 20
2 0 61 86
.63f50167ba471 4 0 64 127
4 1 64 127
4 2 64 127
.63f50168507a0 1 0 67 64
.63f5016871e5e 4 0 88 116
2 0 65 86
.63f501688d2e2 4 0 64 0
4 1 64 0
4 2 64 0
.63f50168c1edc 4 0 64 127
4 1 64 127
4 2 64 127
.63f50168f6fd7 4 0 88 39
2 0 64 75
.63f50168f9980 4 0 64 0
4 1 64 0
4 2 64 0
.63f50168fec20 1 0 65 64
.63f5016926a75 1 0 61 64
.63f5016928787 4 0 64 127
4 1 64 127
4 2 64 127
.63f50169546e3 4 0 64 0
4 1 64 0
4 2 64 0
.63f50169561a7 4 0 88 53
2 0 62 91
.63f50169624fb 1 0 64 64
.63f501698eada 4 0 88 39
2 0 61 90
.63f5016994f0d 1 0 62 64
.63f50169bafc6 4 0 64 127
4 1 64 127
4 2 64 127
.63f50169c329c 1 0 50 64
.63f50169c75b8 4 0 88 107
2 0 62 96
.63f50169d31b4 1 0 61 64
.63f50169ec02e 1 0 62 64
.63f50169f783c 1 0 57 64
.63f50169f9a5a 4 0 88 113
2 0 50 67
.63f5016a24764 4 0 64 0
4 1 64 0
4 2 64 0
.63f5016a2555f 4 0 88 118
2 0 62 64
.63f5016a29f53 4 0 88 97
2 0 60 65
.63f5016a53d94 1 0 60 64
.63f5016aa91d5 4 0 88 98
2 0 57 83
.63f5016abdae7 4 0 88 73
2 0 38 56
.63f5016b24021 4 0 88 109
2 0 55 78
.63f5016b276b2 1 0 57 64
.63f5016b74263 4 0 88 14
2 0 57 94
.63f5016b84062 1 0 55 64
.63f5016bb7780 1 0 62 64
.63f5016bc1a0d 4 0 88 33
2 0 58 72
.63f5016bdd84a 1 0 57 64
.63f5016bf0783 4 0 64 127
4 1 64 127
4 2 64 127
.63f5016c13ef4 4 0 88 116
2 0 60 86
.63f5016c1f5a8 4 0 64 0
4 1 64 0
4 2 64 0
.63f5016c2871f 1 0 58 64
.63f5016c69114 4 0 88 87
2 0 58 75
.63f5016c8b5f5 1 0 60 64
.63f5016cb2b79 4 0 88 24
2 0 57 80
.63f5016ce88dd 1 0 58 64
.63f5016d02b4a 4 0 88 66
2 0 55 58
.63f5016d167f6 1 0 57 64
.63f5016d6b3e0 4 0 88 81
2 0 54 69
.63f5016d72681 1 0 55 64
.63f5016df4a16 4 0 88 46
2 0 55 52
.63f5016dffe97 1 0 54 64
.63f5016e669c2 4 0 88 74
2 0 52 59
.63f5016e6dd44 1 0 55 64
.63f5016e8f7da 4 0 64 127
4 1 64 127
4 2 64 127
.63f5016ebbac4 1 0 38 64
.63f5016eeed24 4 0 88 46
2 0 38 52
.63f5016ef83ae 1 0 50 64
.63f5016f1637c 4 0 64 0
4 1 64 0
4 2 64 0
.63f5016f4299b 4 0 88 15
2 0 45 73
.63f5016f4b3ad 1 0 52 64
.63f5016f713b3 4 0 88 126
2 0 50 55
.63f5016fa9ea5 4 0 88 3
2 0 54 67
.63f5016ffd222 4 0 88 23
2 0 57 49
.63f5017083e28 4 0 88 49
2 0 62 44
.63f501742e15f 4 0 64 127
4 1 64 127
4 2 64 127
.63f5017526725 1 0 50 64
.63f501752ae87 1 0 54 64
.63f501752d667 1 0 62 64
.63f501752f975 1 0 45 64
.63f50175311f4 1 0 57 64
.63f501753383a 1 0 38 64
.63f50177d7e34 4 0 88 19
2 0 62 41
.63f50178356fa 1 0 62 64
.63f50178906b9 4 0 88 26
2 0 62 31
.63f5017928ba0 1 0 62 64
.63f50179f28f5 4 0 88 0
2 0 62 43
.63f5017a430cf 1 0 62 64
.63f5017ab8f42 4 0 88 42
2 0 67 50
.63f5017b7886d 1 0 67 64
.63f5017c0f787 4 0 88 72
2 0 67 34
.63f5017c9dfde 1 0 67 64
.63f5017cdd7c6 4 0 88 97
2 0 67 22
.63f5017da8fa6 1 0 67 64
.63f5017e23aff 4 0 88 120
2 0 67 49
.63f5017e7eed6 1 0 67 64
.63f5017efbd6b 4 0 88 47
2 0 67 29
.63f5017efe87e 4 0 88 118
2 0 74 64
.63f5017f0aa7b 4 0 64 0
4 1 64 0
4 2 64 0
.63f5017f10cae 1 0 74 64
.63f5017f1320e 4 0 88 87
2 0 72 72
.63f5017f261c1 4 0 88 20
2 0 74 89
.63f5017f2dc84 1 0 72 64
.63f5017fbd6ff 4 0 64 127
4 1 64 127
4 2 64 127
.63f5017ff9e6f 1 0 67 64
.63f5018055136 4 0 88 97
2 0 67 35
.63f50180ac202 1 0 67 64
.63f50181008c2 4 0 88 91
2 0 67 24
.63f50181950f3 1 0 74 64
.63f50181db6b7 4 0 88 60
2 0 74 95
.63f501822d416 1 0 67 64
.63f5018242efc 1 0 74 64
.63f50182a3b45 4 0 88 110
2 0 67 34
.63f50182a54d5 4 0 88 3
2 0 75 67
.63f50182b73c5 4 0 64 0
4 1 64 0
4 2 64 0
.63f501831dc63 4 0 64 127
4 1 64 127
4 2 64 127
.63f501832ea7c 4 0 88 84
2 0 74 93
.63f501833a14c 1 0 75 64
.63f501834bf32 1 0 74 64
.63f501836b10e 1 0 67 64
.63f501838b61e 4 0 88 14
2 0 75 69
.63f501838fff7 4 0 64 0
4 1 64 0
4 2 64 0
.63f5018394f27 4 0 88 85
2 0 67 34
.63f50183c1d10 4 0 64 127
4 1 64 127
4 2 64 127
.63f501848587a 1 0 67 64
.63f50184ff03a 4 0 88 19
2 0 67 43
.63f5018567e4b 1 0 75 64
.63f501856b7e3 1 0 67 64
.63f501859f1a0 4 0 88 38
2 0 67 38
.63f50185c28e7 4 0 64 0
4 1 64 0
4 2 64 0
.63f50185c3ba2 4 0 88 80
2 0 70 82
.63f50185d19c3 1 0 70 64
.63f50185d75f2 4 0 88 64
2 0 72 70
.63f501866733e 4 0 88 46
2 0 70 73
.63f50186783fb 1 0 72 64
.63f50186b8574 4 0 88 95
2 0 69 79
.63f50186bdfb8 1 0 70 64
.63f50186d0309 4 0 64 127
4 1 64 127
4 2 64 127
.63f50186d8e44 1 0 67 64
.63f50187051c7 4 0 88 120
2 0 70 73
.63f5018710223 1 0 69 64
.63f501875004b 4 0 88 76
2 0 67 37
.63f5018752c6a 4 0 88 111
2 0 72 74
.63f5018754f4a 1 0 70 64
.63f5018777228 4 0 64 0
4 1 64 0
4 2 64 0
.63f50187975ab 4 0 64 127
4 1 64 127
4 2 64 127
.63f50187d4060 1 0 72 64
.63f50187e1562 1 0 67 64
.63f5018825cc4 4 0 88 92
2 0 74 50
.63f5018827793 4 0 88 65
2 0 67 46
.63f501882fcda 4 0 64 0
4 1 64 0
4 2 64 0
.63f50188358d3 1 0 74 64
.63f5018838eff 4 0 88 28
2 0 72 84
.63f5018847281 1 0 72 64
.63f50188479b7 4 0 88 8
2 0 74 77
.63f50188ffca1 4 0 64 127
4 1 64 127
4 2 64 127
.63f50189324c4 1 0 67 64
.63f501899976c 4 0 88 0
2 0 67 43
.63f50189f10a1 1 0 74 64
.63f50189fea02 1 0 67 64
.63f5018a56304 4 0 88 94
2 0 67 26
.63f5018a586e6 4 0 88 99
2 0 70 72
.63f5018a653bd 4 0 64 0
4 1 64 0
4 2 64 0
.63f5018ab1622 4 0 64 127
4 1 64 127
4 2 64 127
.63f5018ac7a2d 1 0 67 64
.63f5018ace5f9 4 0 88 28
2 0 69 84
.63f5018adf8de 1 0 70 64
.63f5018b22ced 4 0 88 95
2 0 67 75
.63f5018b26373 1 0 69 64
.63f5018b74234 4 0 88 28
2 0 69 84
.63f5018b80c50 1 0 67 64
.63f5018bc4d93 4 0 88 33
2 0 70 76
.63f5018bcabd2 4 0 88 120
2 0 67 49
.63f5018bcf7c1 1 0 69 64
.63f5018bd6773 4 0 64 0
4 1 64 0
4 2 64 0
.63f5018bff783 4 0 64 127
4 1 64 127
4 2 64 127
.63f5018c2bb3c 1 0 70 64
.63f5018c423a2 1 0 67 64
.63f5018c9f142 4 0 88 36
2 0 66 25
.63f5018ca2f44 4 0 88 86
2 0 72 45
.63f5018ca6706 4 0 64 0
4 1 64 0
4 2 64 0
.63f5018cb0173 4 0 88 119
2 0 70 87
.63f5018cb4d26 1 0 72 64
.63f5018cc58b8 4 0 88 1
2 0 72 86
.63f5018cd2747 1 0 70 64
.63f5018d6ac8d 4 0 64 127
4 1 64 127
4 2 64 127
.63f5018db66ed 1 0 66 64
.63f5018e0de20 4 0 88 85
2 0 74 84
.63f5018e10bbc 4 0 88 12
2 0 66 75
.63f5018e1191b 1 0 72 64
.63f5018e20660 4 0 64 0
4 1 64 0
4 2 64 0
.63f5018e43a19 4 0 64 127
4 1 64 127
4 2 64 127
.63f5018e5f19b 4 0 88 114
2 0 75 90
.63f5018e67806 1 0 74 64
.63f5018e80b3d 1 0 66 64
.63f5018ed21f3 1 0 75 64
.63f5018ed31ed 4 0 64 0
4 1 64 0
4 2 64 0
.63f5018edbcce 4 0 88 58
2 0 74 86
.63f5018ee3512 4 0 88 46
2 0 66 29
.63f5018ef3af3 4 0 88 35
2 0 62 36
.63f5018f77af5 4 0 88 109
2 0 72 78
.63f5018f86917 1 0 74 64
.63f5018fa332b 4 0 64 127
4 1 64 127
4 2 64 127
.63f5018faeeba 4 0 64 0
4 1 64 0
4 2 64 0
.63f5018fbaa51 4 0 64 127
4 1 64 127
4 2 64 127
.63f5018fc94da 4 0 88 127
2 0 70 77
.63f5018fdcf99 1 0 72 64
.63f5018fded3a 1 0 66 64
.63f5018ff47da 1 0 62 64
.63f50190198a0 4 0 88 53
2 0 69 91
.63f501901fe2d 1 0 70 64
.63f50190688c7 4 0 88 85
2 0 67 84
.63f501906a70c 4 0 64 0
4 1 64 0
4 2 64 0
.63f5019072990 4 0 88 120
2 0 62 51
.63f501907badf 1 0 69 64
.63f50190cdd7a 4 0 88 48
2 0 66 84
.63f50190d987b 1 0 67 64
.63f50190df9b7 4 0 64 127
4 1 64 127
4 2 64 127
.63f50190f3bc8 1 0 62 64
.63f5019120e16 1 0 66 64
.63f50191460c4 4 0 88 65
2 0 58 49
.63f5019151ec1 4 0 64 0
4 1 64 0
4 2 64 0
.63f5019152a7c 4 0 88 19
2 0 67 41
.63f5019163239 1 0 67 64
.63f5019165458 4 0 88 66
2 0 66 74
.63f501917bef6 4 0 88 118
2 0 67 64
.63f50191808a0 1 0 66 64
.63f5019239553 4 0 64 127
4 1 64 127
4 2 64 127
.63f501927f6c5 1 0 58 64
.63f50192dd4b5 4 0 88 99
2 0 57 52
.63f50192f1f45 4 0 64 0
4 1 64 0
4 2 64 0
.63f501930f47f 4 0 64 127
4 1 64 127
4 2 64 127
.63f501932bd9a 1 0 67 64
.63f501937681f 1 0 57 64
.63f50193a6f5b 4 0 88 90
2 0 70 48
.63f50193a92e8 4 0 88 94
2 0 55 40
.63f50193ad7e0 4 0 64 0
4 1 64 0
4 2 64 0
.63f50193bd603 1 0 70 64
.63f50193bf5d0 4 0 88 27
2 0 69 93
.63f50193d103c 4 0 88 48
2 0 70 84
.63f50193dd839 1 0 69 64
.63f501947cf66 4 0 88 45
2 0 74 87
.63f501948528c 1 0 70 64
.63f50194af5c1 4 0 64 127
4 1 64 127
4 2 64 127
.63f50194d5956 4 0 88 103
2 0 72 87
.63f50194e2261 1 0 74 64
.63f501952e1ac 4 0 88 119
2 0 70 87
.63f5019535bdf 4 0 88 38
2 0 60 79
.63f501953910a 4 0 64 0
4 1 64 0
4 2 64 0
.63f501953d6cb 1 0 72 64
.63f5019563bfe 1 0 55 64
.63f5019579782 4 0 64 127
4 1 64 127
4 2 64 127
.63f501958da1e 4 0 88 97
2 0 69 92
.63f501959ce8b 1 0 70 64
.63f50195ae239 1 0 60 64
.63f50195c5cb4 1 0 69 64
.63f5019602f61 4 0 88 121
2 0 64 59
.63f501960ef2c 4 0 64 0
4 1 64 0
4 2 64 0
.63f5019617f54 4 0 88 68
2 0 67 81
.63f50196eaaf1 4 0 64 127
4 1 64 127
4 2 64 127
.63f50196fdd1e 1 0 64 64
.63f50197763fe 4 0 88 28
2 0 64 59
.63f50197dd44d 1 0 64 64
.63f5019814152 4 0 88 20
2 0 60 89
.63f5019824344 4 0 64 0
4 1 64 0
4 2 64 0
.63f50198446bf 4 0 64 127
4 1 64 127
4 2 64 127
.63f501986c4cb 1 0 67 64
.63f50198c8b10 4 0 88 104
2 0 72 71
.63f501991d44d 4 0 88 114
2 0 70 80
.63f501991d77e 1 0 60 64
.63f5019928cab 1 0 72 64
.63f5019966848 4 0 64 0
4 1 64 0
4 2 64 0
.63f501996a825 4 0 88 1
2 0 60 86
.63f501996c578 4 0 88 65
2 0 69 90
.63f501997f19f 1 0 70 64
.63f50199b7524 4 0 88 14
2 0 67 94
.63f50199c189e 1 0 69 64
.63f50199d2eae 4 0 64 127
4 1 64 127
4 2 64 127
.63f50199f5067 1 0 60 64
.63f5019a023df 1 0 67 64
.63f5019a17916 4 0 88 42
2 0 53 60
.63f5019a279fc 4 0 88 95
2 0 69 75
.63f5019a2ac2a 4 0 64 0
4 1 64 0
4 2 64 0
.63f5019a385b8 1 0 69 64
.63f5019a3b3a5 4 0 88 68
2 0 67 81
.63f5019a47a36 4 0 88 58
2 0 69 86
.63f5019a51df3 1 0 67 64
.63f5019b1b15d 4 0 64 127
4 1 64 127
4 2 64 127
.63f5019b26c63 4 0 64 0
4 1 64 0
4 2 64 0
.63f5019b2c9f4 4 0 64 127
4 1 64 127
4 2 64 127
.63f5019b684d3 1 0 53 64
.63f5019b7a774 4 0 88 20
2 0 53 89
.63f5019c1e5cd 4 0 88 28
2 0 64 84
.63f5019c2e6f1 4 0 64 0
4 1 64 0
4 2 64 0
.63f5019c2e9e4 1 0 53 64
.63f5019c63415 4 0 64 127
4 1 64 127
4 2 64 127
.63f5019cc356c 1 0 64 64
.63f5019cdb7e1 4 0 88 42
2 0 64 60
.63f5019cdd077 4 0 88 116
2 0 71 86
.63f5019ce713a 4 0 64 0
4 1 64 0
4 2 64 0
.63f5019d4ae3e 1 0 71 64
.63f5019d4d304 1 0 69 64
.63f5019d539bc 4 0 88 32
2 0 69 63
.63f5019d8e162 4 0 64 127
4 1 64 127
4 2 64 127
.63f5019da5e35 4 0 88 20
2 0 67 89
.63f5019dba102 1 0 69 64
.63f5019dce817 4 0 64 0
4 1 64 0
4 2 64 0
.63f5019dda380 4 0 64 127
4 1 64 127
4 2 64 127
.63f5019df17c1 4 0 88 60
2 0 65 95
1 0 64 64
.63f5019df8fbf 1 0 67 64
.63f5019e30ec6 1 0 65 64
.63f5019e44d7f 4 0 88 104
2 0 62 71
.63f5019e4f778 4 0 64 0
4 1 64 0
4 2 64 0
.63f5019e51ac4 4 0 88 65
2 0 67 77
.63f5019e605d2 1 0 67 64
.63f5019e662d5 4 0 88 55
2 0 65 82
.63f5019e75004 1 0 65 64
.63f5019e758db 4 0 88 116
2 0 67 86
.63f5019f16a99 4 0 64 127
4 1 64 127
4 2 64 127
.63f5019f2260b 4 0 64 0
4 1 64 0
4 2 64 0
.63f5019f2b289 4 0 64 127
4 1 64 127
4 2 64 127
.63f5019f5b02e 1 0 62 64
.63f5019f9fbbb 4 0 88 116
2 0 62 86
.63f501a04db15 4 0 88 99
2 0 61 72
.63f501a051546 1 0 62 64
.63f501a05901d 4 0 64 0
4 1 64 0
4 2 64 0
.63f501a0fce45 4 0 88 1
2 0 69 86
.63f501a0fd0cd 4 0 64 127
4 1 64 127
4 2 64 127
.63f501a102fe4 1 0 67 64
.63f501a158e7d 4 0 88 1
2 0 67 86
.63f501a1619ed 1 0 61 64
.63f501a16d25e 1 0 69 64
.63f501a1a41d4 4 0 64 0
4 1 64 0
4 2 64 0
.63f501a1adac3 4 0 88 39
2 0 65 92
.63f501a1aed4b 4 0 88 46
2 0 61 44
.63f501a1b3056 4 0 88 20
2 0 57 61
.63f501a1be20c 1 0 67 64
.63f501a201282 4 0 88 20
2 0 64 89
.63f501a209441 1 0 65 64
.63f501a20aafa 4 0 64 127
4 1 64 127
4 2 64 127
.63f501a21e65a 1 0 61 64
.63f501a22e43e 1 0 64 64
.63f501a267f05 1 0 57 64
.63f501a279f36 4 0 88 9
2 0 61 68
.63f501a2808f7 4 0 88 8
2 0 57 44
.63f501a291667 4 0 64 0
4 1 64 0
4 2 64 0
.63f501a2939b3 4 0 88 28
2 0 65 84
.63f501a2f3c10 4 0 88 55
2 0 67 82
.63f501a2f5067 4 0 64 127
4 1 64 127
4 2 64 127
.63f501a2f9f7c 1 0 65 64
.63f501a318b95 4 0 88 78
2 0 65 76
.63f501a31eed2 1 0 57 64
.63f501a322147 1 0 67 64
.63f501a322e6b 1 0 61 64
.63f501a331488 4 0 88 23
2 0 67 76
.63f501a3319cb 1 0 65 64
.63f501a343367 4 0 88 65
2 0 65 57
.63f501a34560d 1 0 67 64
.63f501a34feb6 4 0 64 0
4 1 64 0
4 2 64 0
.63f501a350025 4 0 88 127
2 0 67 61
.63f501a351de4 1 0 65 64
.63f501a35bb8c 4 0 88 74
2 0 62 30
.63f501a35d7d1 4 0 88 125
2 0 65 81
.63f501a36bae2 1 0 67 64
.63f501a3d536a 4 0 88 111
2 0 64 74
.63f501a3dd472 1 0 65 64
.63f501a42c7fa 4 0 88 39
2 0 65 75
.63f501a43acd7 1 0 64 64
.63f501a47c3fb 4 0 88 23
2 0 57 76
.63f501a48cf91 1 0 62 64
.63f501a4ebc0c 1 0 57 64
.63f501a4ebf2e 4 0 88 22
2 0 50 58
.63f501a4ec1e7 1 0 65 64
.63f501a5044ae 4 0 88 121
2 0 65 59
.63f501a51bdc9 1 0 65 64
.63f501a51e4a5 4 0 88 53
2 0 64 62
.63f501a52d273 1 0 64 64
.63f501a52de51 4 0 88 111
2 0 65 74
.63f501a5e316f 4 0 64 127
4 1 64 127
4 2 64 127
.63f501a61d16b 1 0 50 64
.63f501a640256 4 0 88 24
2 0 50 69
.63f501a6a6bed 4 0 88 96
2 0 67 68
.63f501a6ae06b 4 0 88 78
2 0 57 76
1 0 65 64
.63f501a6b90d3 4 0 64 0
4 1 64 0
4 2 64 0
.63f501a6c01e0 1 0 50 64
.63f501a716cfe 4 0 64 127
4 1 64 127
4 2 64 127
.63f501a740f84 1 0 57 64
.63f501a786cd6 4 0 88 33
2 0 58 54
.63f501a788fec 4 0 64 0
4 1 64 0
4 2 64 0
.63f501a7a1885 4 0 88 125
2 0 65 81
.63f501a7b1fbf 1 0 67 64
.63f501a810691 4 0 88 51
2 0 57 78
.63f501a8180a8 1 0 58 64
.63f501a86093a 4 0 88 28
2 0 55 84
.63f501a86a189 1 0 57 64
.63f501a8a9698 4 0 88 90
2 0 57 88
.63f501a8c5bef 1 0 55 64
.63f501a905f9e 4 0 88 49
2 0 58 62
.63f501a912109 1 0 57 64
.63f501a963089 4 0 88 121
2 0 55 59
.63f501a96be6a 1 0 58 64
.63f501a96c78e 4 0 64 127
4 1 64 127
4 2 64 127
.63f501a9d543b 4 0 88 112
2 0 52 56
.63f501a9da560 1 0 55 64
.63f501a9e1b66 4 0 64 0
4 1 64 0
4 2 64 0
.63f501a9f7d14 4 0 88 113
2 0 62 67
.63f501aa00d41 1 0 65 64
.63f501aa1038d 4 0 88 68
2 0 60 81
.63f501aa1434d 1 0 62 64
.63f501aa236b0 4 0 88 20
2 0 62 89
.63f501aa2557f 1 0 60 64
.63f501aaf2271 4 0 64 127
4 1 64 127
4 2 64 127
.63f501ab2a021 1 0 52 64
.63f501ab5c19c 4 0 88 2
2 0 52 45
.63f501ab63779 4 0 88 93
2 0 58 71
.63f501ab6758f 1 0 62 64
.63f501ab76116 4 0 64 0
4 1 64 0
4 2 64 0
.63f501abc23bd 4 0 64 127
4 1 64 127
4 2 64 127
.63f501ac305cc 4 0 88 22
2 0 53 58
.63f501ac3187f 4 0 64 0
4 1 64 0
4 2 64 0
.63f501ac32f48 1 0 52 64
.63f501ac353d5 1 0 58 64
.63f501ac36201 4 0 88 84
2 0 64 63
.63f501aca8388 4 0 88 103
2 0 62 87
.63f501acc80d8 1 0 64 64
.63f501acf5f3b 4 0 88 33
2 0 60 88
.63f501ad00792 1 0 62 64
.63f501ad161df 4 0 64 127
4 1 64 127
4 2 64 127
.63f501ad30787 4 0 88 33
2 0 62 88
.63f501ad3ccae 1 0 60 64
.63f501ad4040e 1 0 53 64
.63f501ad7779d 4 0 88 95
2 0 64 75
.63f501ad7a7aa 4 0 88 116
2 0 53 86
.63f501ad80e18 1 0 62 64
.63f501ad941fe 4 0 64 0
4 1 64 0
4 2 64 0
.63f501adcbea3 4 0 88 77
2 0 57 104
.63f501addb25d 1 0 64 64
.63f501adf4cfd 4 0 64 127
4 1 64 127
4 2 64 127
.63f501ae0ae8a 1 0 57 64
.63f501ae269a5 1 0 53 64
.63f501ae31fef 4 0 88 112
2 0 50 56
.63f501ae40ebb 4 0 64 0
4 1 64 0
4 2 64 0
.63f501ae53357 4 0 88 46
2 0 58 63
.63f501ae6c157 4 0 88 27
2 0 57 93
.63f501ae73c7d 1 0 58 64
.63f501ae83662 4 0 88 40
2 0 58 80
.63f501ae8df21 1 0 57 64
.63f501af942e8 4 0 88 14
2 0 55 94
.63f501af9ab5d 4 0 64 127
4 1 64 127
4 2 64 127
.63f501af9c675 1 0 58 64
.63f501b032394 4 0 88 51
2 0 52 78
.63f501b035f23 4 0 64 0
4 1 64 0
4 2 64 0
.63f501b0382d8 1 0 50 64
.63f501b04c178 1 0 55 64
.63f501b05104f 4 0 88 55
2 0 60 82
.63f501b0c4563 4 0 88 96
2 0 58 86
.63f501b0d4075 1 0 60 64
.63f501b0e2d3a 4 0 64 127
4 1 64 127
4 2 64 127
.63f501b10281d 1 0 52 64
.63f501b11204e 4 0 88 78
2 0 57 89
.63f501b11b349 1 0 58 64
.63f501b12306e 4 0 88 41
2 0 52 83
.63f501b14c5d4 4 0 64 0
4 1 64 0
4 2 64 0
.63f501b1569b3 4 0 88 39
2 0 58 90
.63f501b1661ba 1 0 57 64
.63f501b1a26f1 4 0 88 97
2 0 60 92
.63f501b1a9f63 1 0 58 64
.63f501b1ee779 4 0 88 96
2 0 55 102
.63f501b1f92fb 4 0 64 127
4 1 64 127
4 2 64 127
.63f501b1fa9d2 1 0 60 64
.63f501b2171ff 1 0 55 64
.63f501b22e1d9 1 0 52 64
.63f501b23e146 4 0 88 46
2 0 49 73
.63f501b23f7e3 4 0 64 0
4 1 64 0
4 2 64 0
.63f501b271415 4 0 88 24
2 0 53 98
.63f501b2dd293 4 0 88 125
2 0 52 81
.63f501b2e0309 1 0 53 64
.63f501b2f9f21 4 0 88 127
2 0 53 73
.63f501b2fb779 1 0 52 64
.63f501b316f36 4 0 88 66
2 0 52 58
.63f501b3193f7 1 0 53 64
.63f501b3258b6 4 0 88 107
2 0 53 96
1 0 52 64
.63f501b336b81 4 0 88 119
2 0 52 70
.63f501b344a20 1 0 53 64
.63f501b3c1e97 4 0 88 94
2 0 57 97
.63f501b3ccb8f 1 0 52 64
.63f501b438e9d 4 0 88 84
2 0 55 93
.63f501b44e5fa 1 0 57 64
.63f501b451db2 4 0 64 127
4 1 64 127
4 2 64 127
.63f501b482afa 1 0 55 64
.63f501b48583e 4 0 88 97
2 0 50 65
.63f501b4898e8 4 0 64 0
4 1 64 0
4 2 64 0
.63f501b492497 1 0 49 64
.63f501b4940d8 4 0 88 109
2 0 55 78
.63f501b4f0d85 4 0 88 55
2 0 52 82
.63f501b4fff8f 1 0 55 64
.63f501b53ebe0 4 0 88 60
2 0 53 95
.63f501b54c525 1 0 52 64
.63f501b58aa6e 4 0 88 33
2 0 55 88
.63f501b59d4b9 1 0 53 64
.63f501b5e3041 4 0 88 20
2 0 57 89
.63f501b5e459a 1 0 50 64
.63f501b5e4da8 4 0 88 110
2 0 48 91
.63f501b5efa33 1 0 55 64
.63f501b639c48 4 0 88 37
2 0 53 97
.63f501b6485b0 1 0 57 64
.63f501b64fb42 4 0 64 127
4 1 64 127
4 2 64 127
.63f501b65e934 1 0 53 64
.63f501b6add47 4 0 88 125
2 0 46 65
.63f501b6aeb42 1 0 48 64
.63f501b6b34b3 4 0 64 0
4 1 64 0
4 2 64 0
.63f501b6cc2be 4 0 88 110
2 0 62 44
.63f501b6d450e 4 0 88 64
2 0 60 30
.63f501b6dc0c1 4 0 88 12
2 0 61 75
.63f501b6de4d3 1 0 62 64
.63f501b6e77b5 1 0 60 64
.63f501b6f6823 4 0 88 11
2 0 62 81
.63f501b6fd792 1 0 61 64
.63f501b7ed7ca 4 0 88 95
2 0 65 79
.63f501b7f15c1 1 0 62 64
.63f501b7fb6df 4 0 64 127
4 1 64 127
4 2 64 127
.63f501b824424 1 0 46 64
.63f501b847a8e 4 0 64 0
4 1 64 0
4 2 64 0
.63f501b84ab11 4 0 88 85
2 0 64 84
.63f501b84f32a 4 0 88 67
2 0 46 60
.63f501b851e65 4 0 88 47
2 0 55 49
.63f501b8520e9 4 0 88 59
2 0 57 67
.63f501b86280f 1 0 55 64
.63f501b865a71 1 0 65 64
.63f501b8b36a9 4 0 88 45
2 0 62 87
.63f501b8bfcf5 4 0 64 127
4 1 64 127
4 2 64 127
.63f501b8c6b87 1 0 64 64
.63f501b8de21b 1 0 46 64
.63f501b92e097 1 0 57 64
.63f501b92f118 4 0 64 0
4 1 64 0
4 2 64 0
.63f501b933cd1 4 0 88 74
2 0 55 59
.63f501b9371af 4 0 88 93
2 0 61 71
.63f501b938318 4 0 88 99
2 0 45 52
.63f501b9411c0 1 0 62 64
.63f501b9b031a 4 0 88 23
2 0 59 76
.63f501b9b0d1f 1 0 61 64
.63f501ba040bb 4 0 88 125
2 0 61 65
.63f501ba5139c 4 0 88 13
2 0 62 85
.63f501ba59789 1 0 61 64
.63f501baa6334 4 0 88 22
2 0 64 58
.63f501baae7af 1 0 62 64
.63f501bae9961 4 0 64 127
4 1 64 127
4 2 64 127
.63f501bafa8b5 1 0 59 64
.63f501baff80c 4 0 88 127
2 0 61 77
.63f501bb15b7a 1 0 64 64
.63f501bb16aa6 1 0 55 64
.63f501bb26b79 1 0 45 64
.63f501bb3a8c2 1 0 61 64
.63f501bb66c8a 4 0 88 74
2 0 45 59
.63f501bb7c067 4 0 64 0
4 1 64 0
4 2 64 0
.63f501bb84d9a 4 0 88 28
2 0 57 84
.63f501bb97a7b 1 0 57 64
.63f501bb9bc4d 4 0 88 58
2 0 55 86
.63f501bbab5cb 1 0 55 64
.63f501bbae861 4 0 88 103
2 0 57 87
.63f501bcc5d48 1 0 57 64
.63f501bcc6db0 4 0 88 2
2 0 52 95
.63f501bcd2e32 4 0 64 127
4 1 64 127
4 2 64 127
.63f501bcfd8ec 1 0 45 64
.63f501bd2151f 4 0 88 98
2 0 55 83
.63f501bd23020 4 0 88 63
2 0 45 64
.63f501bd24e04 4 0 64 0
4 1 64 0
4 2 64 0
.63f501bd2c26e 1 0 52 64
.63f501bd94355 4 0 64 127
4 1 64 127
4 2 64 127
.63f501bdef128 4 0 64 0
4 1 64 0
4 2 64 0
.63f501bdfb530 4 0 88 9
2 0 46 68
.63f501bdff30f 1 0 45 64
.63f501be03beb 4 0 88 112
2 0 53 82
.63f501be0739e 1 0 55 64
.63f501be86bb8 4 0 88 118
2 0 52 64
.63f501be90629 1 0 53 64
.63f501beda325 4 0 88 45
2 0 50 87
.63f501bef3d1a 1 0 52 64
.63f501bf274d7 4 0 88 46
2 0 49 73
.63f501bf2cb9d 1 0 50 64
.63f501bf7d839 1 0 49 64
.63f501bf7e352 4 0 88 126
2 0 50 55
.63f501bfbe08e 4 0 64 127
4 1 64 127
4 2 64 127
.63f501bfd3881 4 0 88 27
2 0 53 93
.63f501bfd9157 1 0 46 64
.63f501bfe6883 1 0 50 64
.63f501bff8e3f 1 0 53 64
.63f501c04aa94 4 0 64 0
4 1 64 0
4 2 64 0
.63f501c05797f 4 0 88 104
2 0 43 71
.63f501c05916d 4 0 88 74
2 0 41 61
.63f501c05eea2 4 0 88 72
2 0 58 85
.63f501c0687f1 1 0 41 64
.63f501c0e5e83 4 0 88 13
2 0 53 85
.63f501c141799 4 0 88 122
2 0 52 77
.63f501c153421 1 0 53 64
.63f501c19454b 4 0 88 11
2 0 50 81
1 0 52 64
.63f501c1df074 4 0 64 127
4 1 64 127
4 2 64 127
.63f501c1ebbc1 4 0 88 1
2 0 52 86
.63f501c1f0012 1 0 58 64
.63f501c1fbc12 1 0 50 64
.63f501c2451e4 4 0 88 1
2 0 53 86
.63f501c248e8d 1 0 52 64
.63f501c2af0a9 4 0 64 0
4 1 64 0
4 2 64 0
.63f501c2b421f 4 0 88 122
2 0 45 77
.63f501c2b59e1 4 0 88 15
2 0 55 73
1 0 43 64
.63f501c2bec0d 1 0 53 64
.63f501c328bd1 4 0 88 127
2 0 53 73
.63f501c32ec06 1 0 55 64
.63f501c380ac0 4 0 88 113
2 0 52 67
.63f501c399359 1 0 53 64
.63f501c3d3bab 4 0 88 33
2 0 50 88
.63f501c3d8dba 1 0 52 64
.63f501c43c8b7 1 0 50 64
.63f501c44f7d6 4 0 88 125
2 0 49 84
.63f501c4b80e2 4 0 88 13
2 0 52 85
.63f501c4c0fe0 1 0 49 64
.63f501c4c15fb 4 0 64 127
4 1 64 127
4 2 64 127
.63f501c4d0d10 1 0 45 64
.63f501c514847 1 0 52 64
.63f501c52f353 4 0 88 35
2 0 45 102
.63f501c5368e9 4 0 64 0
4 1 64 0
4 2 64 0
.63f501c5c625c 4 0 64 127
4 1 64 127
4 2 64 127
.63f501c5d7011 1 0 45 64
.63f501c60b04d 4 0 88 47
2 0 45 101
.63f501c60f597 4 0 64 0
4 1 64 0
4 2 64 0
.63f501c6264f1 4 0 88 65
2 0 43 90
.63f501c628b6f 1 0 45 64
.63f501c63a02c 4 0 88 94
2 0 45 97
.63f501c643a07 1 0 43 64
.63f501c6cdd24 4 0 64 127
4 1 64 127
4 2 64 127
.63f501c6e9004 1 0 45 64
.63f501c708048 4 0 88 38
2 0 45 79
.63f501c7114c2 4 0 88 47
2 0 65 101
.63f501c71420f 4 0 64 0
4 1 64 0
4 2 64 0
.63f501c77a3a5 4 0 88 59
2 0 69 100
.63f501c7af74b 4 0 64 127
4 1 64 127
4 2 64 127
.63f501c7b1fc0 1 0 65 64
.63f501c7d8797 4 0 64 0
4 1 64 0
4 2 64 0
.63f501c7e8a73 4 0 88 125
2 0 67 81
.63f501c7eb801 4 0 88 33
2 0 38 88
.63f501c7f4c90 1 0 45 64
.63f501c8149ee 1 0 69 64
.63f501c863902 4 0 88 112
2 0 65 82
.63f501c875be5 1 0 67 64
.63f501c8b43de 4 0 88 112
2 0 64 82
.63f501c8c92ef 1 0 65 64
.63f501c90509c 4 0 88 118
2 0 62 95
.63f501c90d448 1 0 64 64
.63f501c90f0ba 4 0 64 127
4 1 64 127
4 2 64 127
.63f501c961130 4 0 64 0
4 1 64 0
4 2 64 0
.63f501c966782 4 0 88 93
2 0 70 71
.63f501c967a2a 4 0 88 55
2 0 65 82
.63f501c9b871e 1 0 70 64
.63f501c9c6eda 4 0 88 53
2 0 67 91
.63f501c9e4f0f 4 0 64 127
4 1 64 127
4 2 64 127
.63f501ca09830 1 0 38 64
.63f501ca0d14f 1 0 65 64
.63f501ca2e75b 4 0 88 112
2 0 38 82
.63f501ca39f00 4 0 64 0
4 1 64 0
4 2 64 0
.63f501ca40d7a 4 0 88 96
2 0 65 68
.63f501ca4141d 4 0 88 2
2 0 69 95
.63f501ca432b0 1 0 67 64
.63f501ca5b74a 4 0 88 1
2 0 67 86
.63f501ca653d2 1 0 69 64
.63f501ca71066 4 0 88 13
2 0 69 99
.63f501ca7e048 1 0 67 64
.63f501cb1e768 4 0 64 127
4 1 64 127
4 2 64 127
.63f501cb8b381 1 0 38 64
.63f501cbb4690 4 0 88 13
2 0 38 99
.63f501cbc2cd2 1 0 65 64
.63f501cc176e6 1 0 62 64
.63f501cc27c65 1 0 69 64
.63f501cc47873 1 0 38 64
.63f501cc693a0 4 0 88 116
2 0 40 86
.63f501cc75c8d 4 0 88 112
2 0 67 82
.63f501cc782a6 4 0 88 65
2 0 64 77
.63f501cc81014 4 0 64 0
4 1 64 0
4 2 64 0
.63f501cc8f115 4 0 88 20
2 0 65 89
.63f501cc96f1f 1 0 67 64
.63f501cca21cb 4 0 88 87
2 0 67 103
.63f501ccabc34 1 0 65 64
.63f501ccfc2bf 4 0 88 114
2 0 70 80
.63f501cd0da5d 1 0 67 64
.63f501cd4e3c7 4 0 88 39
2 0 69 92
.63f501cd59dc6 1 0 70 64
.63f501cd6b66e 4 0 64 127
4 1 64 127
4 2 64 127
.63f501cd771b8 4 0 64 0
4 1 64 0
4 2 64 0
.63f501cd7a044 4 0 64 127
4 1 64 127
4 2 64 127
.63f501cd9ed28 4 0 88 20
2 0 67 89
.63f501cdaf062 1 0 69 64
.63f501cdd4e12 4 0 64 0
4 1 64 0
4 2 64 0
.63f501cde95f6 4 0 64 127
4 1 64 127
4 2 64 127
.63f501cdefb88 1 0 64 64
4 0 88 83
2 0 65 98
.63f501ce02fea 1 0 67 64
.63f501ce39be5 4 0 88 94
2 0 64 97
.63f501ce3ed83 1 0 65 64
.63f501ce57d05 1 0 40 64
.63f501ce7a724 4 0 88 119
2 0 40 70
.63f501ce9355c 4 0 64 0
4 1 64 0
4 2 64 0
.63f501cea4312 4 0 88 114
2 0 73 90
.63f501cef0bce 4 0 88 7
2 0 71 90
.63f501cef3b22 1 0 73 64
.63f501cf135a3 4 0 88 20
2 0 73 86
.63f501cf19ddf 1 0 71 64
.63f501cf2d7a3 4 0 88 95
2 0 71 79
.63f501cf34748 1 0 73 64
.63f501cf440f3 4 0 88 6
2 0 73 82
.63f501cf538eb 4 0 88 47
2 0 71 71
.63f501cf55bab 1 0 73 64
.63f501cf66d18 4 0 88 88
2 0 73 98
.63f501cf74605 1 0 71 64
1 0 71 64
.63f501cfe7335 4 0 64 127
4 1 64 127
4 2 64 127
.63f501cfed054 4 0 64 0
4 1 64 0
4 2 64 0
.63f501cff2e7c 4 0 64 127
4 1 64 127
4 2 64 127
.63f501d021c33 1 0 73 64
.63f501d0237d7 1 0 40 64
.63f501d056929 4 0 88 79
2 0 40 69
.63f501d06824d 4 0 64 0
4 1 64 0
4 2 64 0
.63f501d069d1b 4 0 88 0
2 0 69 100
.63f501d07aeaa 1 0 64 64
.63f501d09ce0b 4 0 64 127
4 1 64 127
4 2 64 127
.63f501d10c94e 4 0 88 122
2 0 41 77
.63f501d112fce 1 0 40 64
.63f501d114ed4 4 0 64 0
4 1 64 0
4 2 64 0
.63f501d122ecc 4 0 88 20
2 0 67 89
.63f501d123e2e 1 0 69 64
.63f501d1247c6 4 0 88 111
2 0 74 74
.63f501d199044 4 0 88 65
2 0 65 77
.63f501d1ae429 1 0 67 64
.63f501d1f0ec7 1 0 65 64
.63f501d1f11f8 4 0 88 58
2 0 64 86
.63f501d23df07 4 0 88 8
2 0 65 77
.63f501d242bc1 4 0 64 127
4 1 64 127
4 2 64 127
.63f501d2501c9 1 0 64 64
.63f501d28a8c4 4 0 88 20
2 0 67 89
.63f501d29b6d6 1 0 65 64
.63f501d2d7774 4 0 88 94
2 0 62 97
.63f501d2dbc0a 1 0 67 64
.63f501d31a154 1 0 41 64
.63f501d32e97f 4 0 88 74
2 0 41 61
.63f501d334dcf 1 0 62 64
.63f501d33ec4e 4 0 64 0
4 1 64 0
4 2 64 0
.63f501d348ba1 4 0 88 110
2 0 69 91
.63f501d3da15b 1 0 74 64
.63f501d3fa470 4 0 64 127
4 1 64 127
4 2 64 127
.63f501d3fda12 4 0 88 68
2 0 74 105
.63f501d403038 4 0 64 0
4 1 64 0
4 2 64 0
.63f501d405fa0 4 0 64 127
4 1 64 127
4 2 64 127
.63f501d41d5a1 1 0 69 64
.63f501d45b00a 4 0 88 85
2 0 73 92
.63f501d467db3 1 0 74 64
.63f501d497980 1 0 41 64
.63f501d4a5f70 4 0 88 37
2 0 74 97
.63f501d4a8d51 4 0 88 33
2 0 67 88
.63f501d4a954d 4 0 88 24
2 0 41 66
.63f501d4adce1 1 0 73 64
.63f501d4b5d47 4 0 64 0
4 1 64 0
4 2 64 0
.63f501d4f3584 4 0 64 127
4 1 64 127
4 2 64 127
.63f501d4f9ad6 4 0 88 27
2 0 76 103
.63f501d50f027 1 0 74 64
.63f501d52805d 1 0 76 64
.63f501d553cb2 1 0 67 64
.63f501d553fbe 4 0 64 0
4 1 64 0
4 2 64 0
.63f501d55dde4 4 0 88 1
2 0 43 86
.63f501d55fb9b 4 0 88 56
2 0 77 53
.63f501d562b73 1 0 41 64
.63f501d568534 4 0 88 83
2 0 69 98
.63f501d5d5d8c 4 0 88 2
2 0 76 95
.63f501d5f7e87 1 0 77 64
.63f501d6263d4 4 0 88 53
2 0 74 91
.63f501d637a17 1 0 76 64
.63f501d667732 4 0 64 127
4 1 64 127
4 2 64 127
.63f501d66fcde 4 0 88 119
2 0 73 87
.63f501d67d7bc 1 0 74 64
.63f501d693c49 1 0 69 64
.63f501d697f31 1 0 43 64
.63f501d6c5368 4 0 64 0
4 1 64 0
4 2 64 0
.63f501d6c760c 1 0 73 64
.63f501d6c898a 4 0 88 107
2 0 74 96
.63f501d6ca49f 4 0 88 119
2 0 43 70
.63f501d6d8d37 4 0 88 14
2 0 71 24
.63f501d7031ef 1 0 71 64
.63f501d72af73 4 0 88 53
2 0 77 91
.63f501d72d4cd 4 0 88 85
2 0 76 84
.63f501d7348f9 4 0 64 127
4 1 64 127
4 2 64 127
.63f501d73a63c 1 0 76 64
.63f501d76d7af 1 0 43 64
.63f501d76fa04 1 0 74 64
.63f501d7924e3 4 0 64 0
4 1 64 0
4 2 64 0
.63f501d795a0d 4 0 88 126
2 0 43 55
.63f501d7a0318 4 0 88 7
2 0 70 95
.63f501d7f495e 1 0 77 64
.63f501d80e77f 4 0 88 68
2 0 77 81
.63f501d86b0ab 4 0 88 37
2 0 76 97
.63f501d873aec 1 0 77 64
.63f501d876176 1 0 70 64
.63f501d8a5bde 4 0 64 127
4 1 64 127
4 2 64 127
.63f501d8ba01c 4 0 88 71
2 0 74 99
.63f501d8c2fc0 1 0 76 64
.63f501d8e6800 1 0 43 64
.63f501d909584 4 0 64 0
4 1 64 0
4 2 64 0
.63f501d90a2b0 4 0 88 62
2 0 73 91
.63f501d90eae1 4 0 88 59
2 0 43 100
.63f501d918320 1 0 74 64
.63f501d9558c1 4 0 64 127
4 1 64 127
4 2 64 127
.63f501d96751f 4 0 88 0
2 0 74 100
.63f501d9740fd 1 0 73 64
.63f501d9d383f 4 0 64 0
4 1 64 0
4 2 64 0
.63f501d9d71f4 1 0 74 64
.63f501d9d9c5f 4 0 88 111
2 0 45 74
.63f501d9de19d 1 0 43 64
.63f501d9dea91 4 0 88 15
2 0 73 17
4 0 88 116
2 0 72 86
.63f501d9e0d3c 4 0 88 65
2 0 81 90
.63f501d9e6de7 4 0 88 28
2 0 79 59
.63f501d9ee671 1 0 72 64
.63f501d9f0187 1 0 73 64
.63f501d9f2ecf 1 0 79 64
.63f501da7a895 4 0 64 127
4 1 64 127
4 2 64 127
.63f501dadd30e 1 0 81 64
.63f501db3a2e3 4 0 88 52
2 0 73 108
.63f501db88297 1 0 73 64
.63f501db9af3c 1 0 45 64
.63f501dbbeade 4 0 88 96
2 0 45 68
.63f501dbc594e 4 0 64 0
4 1 64 0
4 2 64 0
.63f501dbc683f 4 0 88 55
2 0 73 46
.63f501dbd1b29 4 0 88 86
2 0 81 46
.63f501dbda617 4 0 88 125
2 0 79 81
.63f501dbe3b55 1 0 81 64
.63f501dbee336 4 0 88 117
2 0 81 100
.63f501dbfcd90 1 0 79 64
.63f501dce0712 4 0 88 125
2 0 82 84
.63f501dcea66d 1 0 81 64
.63f501dcf6560 4 0 64 127
4 1 64 127
4 2 64 127
.63f501dd3234f 4 0 88 97
2 0 81 92
.63f501dd33820 1 0 82 64
.63f501dd7248b 1 0 73 64
.63f501dd8629f 1 0 81 64
.63f501dd8f926 4 0 88 37
2 0 79 97
.63f501dda6e81 1 0 45 64
.63f501ddb3161 1 0 79 64
.63f501ddd12ec 4 0 88 24
2 0 45 80
.63f501ddd2095 4 0 64 0
4 1 64 0
4 2 64 0
.63f501dde4ba7 4 0 88 53
2 0 79 91
.63f501dde504c 4 0 88 8
2 0 74 77
.63f501de4e9a4 4 0 88 83
2 0 77 98
.63f501de60e03 1 0 79 64
.63f501dea161d 4 0 88 2
2 0 76 95
.63f501deae502 1 0 77 64
.63f501deec6d8 4 0 88 14
2 0 77 94
.63f501deee3e4 4 0 64 127
4 1 64 127
4 2 64 127
.63f501defa12f 1 0 76 64
.63f501df352b2 4 0 88 116
2 0 79 86
.63f501df44843 1 0 77 64
.63f501df82138 4 0 88 24
2 0 76 98
.63f501df91fc9 1 0 45 64
.63f501df9285b 1 0 79 64
.63f501df9626e 1 0 74 64
.63f501dfd2d9e 4 0 64 0
4 1 64 0
4 2 64 0
.63f501dfd6d34 4 0 88 24
2 0 45 69
.63f501dfe1eec 4 0 88 27
2 0 81 93
.63f501dfe22e0 4 0 88 70
2 0 74 85
.63f501dfe6893 1 0 76 64
.63f501e04c000 4 0 88 35
2 0 79 102
.63f501e0683b3 1 0 81 64
.63f501e0a47e7 4 0 88 117
2 0 77 100
.63f501e0b407f 1 0 79 64
.63f501e0f8f7e 4 0 88 122
2 0 76 90
.63f501e104962 1 0 77 64
.63f501e1497bf 4 0 88 35
2 0 77 102
.63f501e157f51 1 0 76 64
.63f501e16441a 4 0 64 127
4 1 64 127
4 2 64 127
.63f501e195801 4 0 88 48
2 0 79 96
.63f501e1a5453 1 0 77 64
.63f501e1fca27 4 0 88 72
2 0 81 94
.63f501e20561e 4 0 64 0
4 1 64 0
4 2 64 0
.63f501e205a70 4 0 88 52
2 0 46 64
.63f501e2065b6 1 0 45 64
.63f501e209971 1 0 79 64
.63f501e25efef 1 0 74 64
.63f501e27b56c 4 0 88 85
2 0 74 84
.63f501e2cc079 4 0 88 6
2 0 73 82
.63f501e2e13d0 1 0 81 64
.63f501e2e6454 1 0 74 64
.63f501e321680 4 0 88 24
2 0 74 98
.63f501e32a6a2 4 0 64 127
4 1 64 127
4 2 64 127
.63f501e32bcb7 1 0 73 64
.63f501e3703b8 1 0 46 64
.63f501e372975 4 0 88 65
2 0 45 90
.63f501e373a91 4 0 88 110
2 0 76 91
.63f501e37687e 4 0 64 0
4 1 64 0
4 2 64 0
.63f501e387230 1 0 74 64
.63f501e3c6e2f 4 0 88 72
2 0 77 94
.63f501e3cb86f 4 0 64 127
4 1 64 127
4 2 64 127
.63f501e3e10a9 1 0 76 64
.63f501e3f25d4 1 0 77 64
.63f501e41d0e1 4 0 88 113
2 0 44 63
.63f501e42597a 4 0 88 27
2 0 77 103
.63f501e42660a 4 0 64 0
4 1 64 0
4 2 64 0
.63f501e426b3e 1 0 45 64
.63f501e493234 4 0 88 55
2 0 71 82
.63f501e4f0faf 4 0 88 10
2 0 70 98
.63f501e4faedb 1 0 71 64
.63f501e53cbbb 4 0 64 127
4 1 64 127
4 2 64 127
.63f501e53faf0 4 0 88 39
2 0 71 92
.63f501e543ec3 1 0 77 64
.63f501e54c60a 1 0 70 64
.63f501e56d807 1 0 44 64
.63f501e584b2b 1 0 71 64
.63f501e591ac8 4 0 64 0
4 1 64 0
4 2 64 0
.63f501e594106 4 0 88 47
2 0 76 71
.63f501e59505a 4 0 88 52
2 0 44 38
.63f501e5990b7 4 0 88 95
2 0 67 75
.63f501e5efb13 4 0 88 80
2 0 70 82
.63f501e605620 1 0 67 64
.63f501e60cbdc 4 0 64 127
4 1 64 127
4 2 64 127
.63f501e6417fc 4 0 64 0
4 1 64 0
4 2 64 0
.63f501e64cdbb 4 0 88 66
2 0 68 74
.63f501e653550 4 0 88 28
2 0 45 84
.63f501e65d0ad 1 0 70 64
.63f501e65efc3 1 0 44 64
.63f501e6c551f 4 0 88 122
2 0 67 90
.63f501e6ce7bd 1 0 68 64
.63f501e6d9da7 4 0 64 127
4 1 64 127
4 2 64 127
.63f501e6dc4ee 1 0 76 64
.63f501e6e2a53 4 0 64 0
4 1 64 0
4 2 64 0
.63f501e717bf2 4 0 88 13
2 0 65 85
.63f501e7260d0 4 0 64 127
4 1 64 127
4 2 64 127
.63f501e72a614 1 0 67 64
.63f501e76da9e 4 0 88 90
2 0 64 88
.63f501e772423 1 0 65 64
.63f501e7bfffb 1 0 64 64
.63f501e7c1499 4 0 64 0
4 1 64 0
4 2 64 0
.63f501e7c2237 4 0 88 85
2 0 74 84
.63f501e7c3747 4 0 88 122
2 0 65 90
.63f501e7c7d78 4 0 88 7
2 0 47 90
.63f501e7ce6cb 1 0 45 64
.63f501e81cbc5 4 0 88 7
2 0 68 95
.63f501e826cdc 1 0 65 64
.63f501e8481ab 4 0 64 127
4 1 64 127
4 2 64 127
.63f501e87fca0 4 0 64 0
4 1 64 0
4 2 64 0
.63f501e881325 4 0 88 45
2 0 67 87
.63f501e881ee7 4 0 88 90
2 0 50 88
.63f501e89820e 1 0 68 64
.63f501e89d7a1 1 0 47 64
.63f501e8e41de 4 0 88 117
2 0 65 100
.63f501e8ebb2a 1 0 74 64
.63f501e8efdb9 1 0 67 64
.63f501e93d6c4 4 0 88 127
2 0 63 77
.63f501e94bbfb 1 0 65 64
.63f501e984902 4 0 64 127
4 1 64 127
4 2 64 127
.63f501e991be8 4 0 88 83
2 0 62 98
.63f501e99a782 1 0 63 64
.63f501e9d6a66 1 0 50 64
.63f501e9df533 1 0 62 64
.63f501e9e24dd 4 0 64 0
4 1 64 0
4 2 64 0
.63f501e9e3c1b 4 0 88 37
2 0 60 97
.63f501e9e3d99 4 0 88 112
2 0 67 82
.63f501e9ead12 4 0 88 11
2 0 50 81
.63f501ea4a888 4 0 88 72
2 0 59 94
.63f501ea4ea80 1 0 60 64
.63f501ea60515 4 0 64 127
4 1 64 127
4 2 64 127
.63f501ea69e38 1 0 50 64
.63f501ea8f262 1 0 59 64
.63f501eabdac3 4 0 88 63
2 0 55 64
.63f501eac1d32 4 0 88 79
2 0 48 69
.63f501eacfa7c 4 0 64 0
4 1 64 0
4 2 64 0
.63f501ead7d2c 4 0 88 82
2 0 60 80
.63f501eafa29d 4 0 88 2
2 0 59 95
.63f501eafcfd0 1 0 60 64
.63f501eb14ea0 4 0 88 65
2 0 60 90
.63f501eb233b6 1 0 59 64
.63f501eb96e52 4 0 64 127
4 1 64 127
4 2 64 127
.63f501ebcf717 1 0 60 64
.63f501ebfd3b8 4 0 88 47
2 0 65 101
.63f501ec2c6d9 1 0 67 64
.63f501ec5aff2 4 0 88 72
2 0 63 85
.63f501ec6427f 4 0 88 95
2 0 60 75
.63f501ec65770 1 0 65 64
.63f501ec81525 4 0 64 0
4 1 64 0
4 2 64 0
.63f501ec857bc 4 0 88 116
2 0 65 86
.63f501ec87212 4 0 64 127
4 1 64 127
4 2 64 127
.63f501ec97c58 1 0 63 64
.63f501ecad56e 4 0 88 119
2 0 67 106
.63f501ecbc8c1 1 0 65 64
.63f501ece9012 1 0 55 64
.63f501ecf244d 1 0 60 64
.63f501ecf4b64 1 0 48 64
.63f501ed13034 4 0 88 125
2 0 48 81
.63f501ed19a3b 4 0 64 0
4 1 64 0
4 2 64 0
.63f501ed2eeb3 4 0 88 58
2 0 60 86
.63f501ed34778 4 0 88 62
2 0 63 34
.63f501ed356be 4 0 88 113
2 0 64 67
.63f501ed431ce 1 0 67 64
.63f501edb12d7 1 0 64 64
.63f501eddfa6f 4 0 88 1
2 0 55 86
.63f501ee3ca56 4 0 88 14
2 0 53 94
.63f501ee47af3 1 0 55 64
.63f501ee8b01a 4 0 88 116
2 0 55 86
.63f501ee9398e 4 0 64 127
4 1 64 127
4 2 64 127
.63f501ee977ec 1 0 53 64
.63f501ee9974d 4 0 64 0
4 1 64 0
4 2 64 0
.63f501eedd8bd 4 0 88 39
2 0 56 90
.63f501eee7b9c 1 0 55 64
.63f501eef73d8 4 0 64 127
4 1 64 127
4 2 64 127
.63f501ef3643e 4 0 88 72
2 0 55 94
.63f501ef3e5e6 1 0 56 64
.63f501ef44b7d 1 0 48 64
.63f501ef4c1b6 1 0 60 64
.63f501efa12f6 4 0 64 0
4 1 64 0
4 2 64 0
.63f501efa667b 4 0 88 33
2 0 48 88
.63f501efab6e2 4 0 88 119
2 0 58 87
.63f501efb25ec 1 0 55 64
.63f501efb3f84 4 0 88 13
2 0 65 85
.63f501efbe247 1 0 63 64
.63f501f0406b5 4 0 88 125
2 0 56 65
.63f501f052710 1 0 58 64
.63f501f0a0166 4 0 88 24
2 0 53 80
.63f501f0aa86f 1 0 56 64
.63f501f0f7f45 4 0 88 111
2 0 55 74
.63f501f105255 1 0 53 64
.63f501f1568ef 4 0 88 80
2 0 56 82
.63f501f15e7a9 1 0 55 64
.63f501f1a8998 4 0 88 82
2 0 53 80
.63f501f1aaac7 4 0 64 127
4 1 64 127
4 2 64 127
.63f501f1b17fa 1 0 56 64
.63f501f1c9bb4 1 0 48 64
.63f501f1ff0fd 4 0 88 110
2 0 48 91
.63f501f2006f8 1 0 53 64
.63f501f2046d3 1 0 65 64
.63f501f20729e 4 0 88 66
2 0 51 74
.63f501f20b6ac 4 0 64 0
4 1 64 0
4 2 64 0
.63f501f21a357 4 0 88 68
2 0 62 81
.63f501f21b80e 4 0 88 112
2 0 65 56
.63f501f271058 1 0 51 64
.63f501f272b0c 4 0 88 51
2 0 50 78
.63f501f29683d 4 0 88 20
2 0 51 86
.63f501f2a3709 1 0 50 64
.63f501f2a6bd1 1 0 48 64
.63f501f2b450f 4 0 88 24
2 0 48 98
.63f501f2be141 1 0 51 64
.63f501f2ccf2b 4 0 88 48
2 0 50 96
.63f501f2db082 4 0 88 48
2 0 51 84
.63f501f2e80bd 1 0 50 64
.63f501f2fafcc 4 0 88 125
2 0 50 81
.63f501f3058c0 1 0 51 64
.63f501f36b978 4 0 88 83
2 0 60 98
.63f501f39ac0a 1 0 62 64
.63f501f3ca42c 4 0 88 90
2 0 59 88
.63f501f3dd038 1 0 60 64
.63f501f4140d3 4 0 88 18
2 0 60 104
.63f501f41acca 4 0 64 127
4 1 64 127
4 2 64 127
.63f501f4219b8 1 0 59 64
.63f501f42b75d 1 0 48 64
.63f501f459d32 1 0 65 64
.63f501f46d9c7 4 0 88 106
2 0 55 62
.63f501f4756e3 4 0 88 27
2 0 62 93
.63f501f476b45 4 0 88 85
2 0 48 84
.63f501f478931 4 0 64 0
4 1 64 0
4 2 64 0
.63f501f47d62a 1 0 60 64
.63f501f480ca6 1 0 50 64
.63f501f4ee1f9 4 0 88 72
2 0 60 94
.63f501f523477 1 0 62 64
.63f501f547767 4 0 88 90
2 0 59 88
.63f501f55355c 1 0 60 64
.63f501f599ec0 4 0 88 60
2 0 62 95
.63f501f59a9f0 4 0 64 127
4 1 64 127
4 2 64 127
.63f501f5a6077 1 0 59 64
.63f501f5a8d7e 1 0 55 64
.63f501f5fe603 4 0 88 127
2 0 55 73
.63f501f658679 4 0 88 72
2 0 53 94
.63f501f660680 1 0 55 64
.63f501f67f99d 1 0 53 64
.63f501f6b6c7d 4 0 88 116
2 0 36 86
.63f501f6b7fba 4 0 88 20
2 0 51 86
.63f501f6b8f36 1 0 48 64
.63f501f6b9bee 4 0 64 0
4 1 64 0
4 2 64 0
.63f501f73b642 4 0 88 44
2 0 55 65
.63f501f753dc5 1 0 62 64
.63f501f7a1f23 4 0 88 24
2 0 60 80
.63f501f7d3124 4 0 64 127
4 1 64 127
4 2 64 127
.63f501f7eeb26 4 0 88 79
2 0 59 69
.63f501f7f3306 1 0 60 64
.63f501f8024f8 1 0 55 64
.63f501f81949b 1 0 51 64
.63f501f836ae1 4 0 64 0
4 1 64 0
4 2 64 0
.63f501f840a0b 4 0 88 0
2 0 38 106
4 0 88 20
2 0 51 86
.63f501f844bc5 4 0 88 39
2 0 60 92
.63f501f84c9d1 1 0 59 64
.63f501f854b5d 1 0 36 64
.63f501f89d3ff 4 0 64 127
4 1 64 127
4 2 64 127
.63f501f8a6223 4 0 88 87
2 0 62 103
.63f501f8af041 1 0 51 64
.63f501f8b518f 1 0 60 64
.63f501f8ff594 4 0 88 114
2 0 39 90
.63f501f900cc7 4 0 64 0
4 1 64 0
4 2 64 0
.63f501f90af0c 1 0 38 64
.63f501f918da5 4 0 88 2
2 0 55 95
.63f501f93373a 4 0 88 57
2 0 56 94
.63f501f9418ac 1 0 55 64
.63f501f94af80 4 0 88 82
2 0 55 110
.63f501f955c66 1 0 56 64
.63f501fa31ef8 4 0 88 83
2 0 60 98
.63f501fa51cb1 1 0 62 64
.63f501fa91e5b 1 0 60 64
.63f501fa9a4e5 4 0 88 95
2 0 59 75
.63f501fb132f8 4 0 64 127
4 1 64 127
4 2 64 127
.63f501fb313a9 1 0 59 64
.63f501fb6c1fe 1 0 55 64
.63f501fb6df66 4 0 88 110
2 0 60 91
.63f501fb6fdcf 4 0 88 9
2 0 56 68
.63f501fb73e28 4 0 88 119
2 0 41 70
4 0 64 0
4 1 64 0
4 2 64 0
.63f501fb7a830 1 0 39 64
.63f501fbedc3d 4 0 88 25
2 0 58 83
.63f501fbf30ca 1 0 56 64
.63f501fc4d213 4 0 88 6
2 0 56 82
.63f501fc5d4ee 1 0 58 64
.63f501fca6277 4 0 88 65
2 0 55 90
.63f501fcb5812 1 0 56 64
.63f501fcf2b60 4 0 88 97
2 0 53 92
.63f501fd03762 1 0 55 64
.63f501fd0b217 4 0 64 127
4 1 64 127
4 2 64 127
.63f501fd1420c 1 0 41 64
.63f501fd411ec 4 0 88 37
2 0 55 97
.63f501fd4ca20 1 0 53 64
.63f501fdae3d1 1 0 55 64
.63f501fdcf076 4 0 88 90
2 0 51 48
.63f501fdd24ec 4 0 88 105
2 0 44 34
.63f501fdd5474 4 0 64 0
4 1 64 0
4 2 64 0
.63f501fdda056 4 0 88 119
2 0 56 87
.63f501fdf7187 4 0 88 97
2 0 55 92
.63f501fe069c4 1 0 56 64
.63f501fe1d8e3 4 0 88 99
2 0 56 72
.63f501fe2fe1b 1 0 55 64
.63f501fedbd4d 1 0 51 64
.63f501fef1c33 4 0 88 48
2 0 53 96
.63f501ff1d7dd 4 0 64 127
4 1 64 127
4 2 64 127
.63f501ff67f9c 4 0 88 13
2 0 50 85
.63f501ff6c8d8 4 0 64 0
4 1 64 0
4 2 64 0
.63f501ffd2218 4 0 88 85
2 0 51 92
.63f501ffd971b 1 0 50 64
.63f501ffdf4d9 1 0 53 64
.63f501ffdff62 1 0 44 64
.63f501ffe1ba5 4 0 64 127
4 1 64 127
4 2 64 127
.63f502001bd24 1 0 51 64
.63f5020031d37 4 0 88 100
2 0 44 83
.63f5020032018 4 0 88 71
2 0 48 99
.63f5020036bfc 4 0 64 0
4 1 64 0
4 2 64 0
.63f50200aad0c 4 0 88 80
2 0 51 82
.63f50200c4daa 1 0 48 64
.63f50200fac12 1 0 51 64
.63f50200fb046 4 0 64 127
4 1 64 127
4 2 64 127
.63f50200fd90e 4 0 88 58
2 0 50 86
.63f5020107213 1 0 60 64
.63f5020117c21 1 0 56 64
.63f5020155528 4 0 88 47
2 0 48 101
.63f5020162ae6 1 0 50 64
.63f50201aeff2 4 0 88 78
2 0 47 76
.63f50201b232d 1 0 48 64
.63f50201b5d29 4 0 88 20
2 0 63 86
.63f50201b9842 4 0 64 0
4 1 64 0
4 2 64 0
.63f5020228312 4 0 88 118
2 0 48 95
.63f5020239a82 1 0 47 64
.63f5020243334 4 0 64 127
4 1 64 127
4 2 64 127
.63f502024cb4d 1 0 44 64
.63f50202baa86 4 0 88 20
2 0 43 89
.63f50202c0a8c 4 0 88 78
2 0 50 89
.63f50202c64bb 1 0 48 64
.63f50202c9312 1 0 63 64
.63f50202cce88 4 0 64 0
4 1 64 0
4 2 64 0
.63f50202d5b3e 4 0 88 41
2 0 62 83
.63f50202e5e8b 4 0 88 117
2 0 60 100
.63f50202f35f0 1 0 62 64
.63f5020304fb1 4 0 88 103
2 0 59 87
.63f5020308b2e 4 0 88 103
2 0 62 87
.63f5020313930 1 0 60 64
.63f50204015e0 4 0 88 83
2 0 55 98
.63f502040433d 1 0 50 64
.63f5020468923 4 0 88 119
2 0 53 106
.63f50204768b0 1 0 55 64
.63f50204bc213 4 0 64 127
4 1 64 127
4 2 64 127
.63f50204c6b27 1 0 53 64
.63f50204d5616 1 0 59 64
.63f50204e8c93 1 0 43 64
.63f502054168c 4 0 88 68
2 0 53 81
.63f5020542dc5 4 0 64 0
4 1 64 0
4 2 64 0
.63f50205430cc 4 0 88 32
2 0 43 72
.63f5020547c9e 4 0 88 58
2 0 60 86
.63f502054c3b8 1 0 62 64
.63f5020558e29 4 0 88 62
2 0 56 34
.63f50205ea16c 4 0 88 32
2 0 59 72
.63f50205ecc0d 1 0 56 64
.63f5020612e16 1 0 60 64
.63f502064874b 4 0 88 103
2 0 57 87
.63f502065dab7 1 0 59 64
.63f50206a2241 4 0 88 24
2 0 59 80
.63f5020700818 4 0 88 118
2 0 60 95
.63f50207070d8 1 0 57 64
.63f502070dd5d 1 0 59 64
.63f502073adc2 4 0 64 127
4 1 64 127
4 2 64 127
.63f5020753d0b 4 0 88 53
2 0 57 91
.63f502075ca72 1 0 53 64
.63f50207646df 1 0 43 64
.63f502076d06d 1 0 60 64
.63f50207abdc8 4 0 88 90
2 0 43 88
.63f50207aee5e 4 0 88 59
2 0 55 67
.63f50207b2ee5 4 0 64 0
4 1 64 0
4 2 64 0
.63f50207b5395 4 0 88 53
2 0 59 91
.63f50207bf014 1 0 57 64
.63f502082a8e1 4 0 88 47
2 0 57 101
.63f5020836d75 1 0 59 64
.63f5020862c7b 4 0 64 127
4 1 64 127
4 2 64 127
.63f50208783cb 1 0 55 64
.63f502088e5f1 4 0 88 103
2 0 55 87
.63f502089357a 1 0 57 64
.63f50208e472f 4 0 88 60
2 0 57 95
.63f50208f366f 1 0 55 64
.63f502091b111 1 0 43 64
.63f5020939715 4 0 88 98
2 0 59 83
.63f502094bb07 1 0 57 64
.63f502098ecdc 4 0 88 125
2 0 55 81
.63f5020992b3e 1 0 59 64
.63f50209dc97a 4 0 88 119
2 0 43 70
.63f50209dded4 4 0 88 32
2 0 53 72
.63f50209de90a 4 0 88 103
2 0 57 87
.63f50209dfa63 4 0 64 0
4 1 64 0
4 2 64 0
.63f50209e3478 1 0 55 64
.63f5020a47888 4 0 88 48
2 0 55 96
.63f5020a57074 1 0 57 64
.63f5020a607b7 1 0 53 64
.63f5020a69645 4 0 64 127
4 1 64 127
4 2 64 127
.63f5020a9c66b 4 0 88 27
2 0 53 93
.63f5020aa2b53 1 0 55 64
.63f5020af2987 4 0 88 95
2 0 55 75
.63f5020b0a964 1 0 53 64
.63f5020b5244a 4 0 88 40
2 0 56 80
.63f5020b6169a 1 0 55 64
.63f5020b7a080 1 0 43 64
.63f5020bbe090 4 0 88 72
2 0 53 94
.63f5020bc7480 1 0 56 64
.63f5020c2c9bc 4 0 64 0
4 1 64 0
4 2 64 0
.63f5020c30138 4 0 88 93
2 0 51 79
.63f5020c3337b 4 0 88 87
2 0 43 72
.63f5020c33606 4 0 88 71
2 0 55 99
.63f5020c3cb2e 1 0 53 64
.63f5020cac2a6 4 0 88 78
2 0 53 89
.63f5020cadfd2 4 0 88 24
2 0 50 80
.63f5020cb7bca 1 0 51 64
.63f5020cbc6db 1 0 55 64
.63f5020d0e352 4 0 88 43
2 0 51 87
.63f5020d12402 4 0 88 55
2 0 48 74
.63f5020d15ff8 1 0 53 64
.63f5020d1c4c5 1 0 50 64
.63f5020d69d4b 4 0 88 125
2 0 53 81
.63f5020d6ea70 4 0 88 90
2 0 50 88
.63f5020d6f3ba 1 0 51 64
.63f5020d7d074 1 0 48 64
.63f5020dcb4d2 4 0 88 85
2 0 55 84
.63f5020dd156d 4 0 88 96
2 0 51 86
.63f5020dd51f4 1 0 53 64
.63f5020dd7f0a 1 0 50 64
.63f5020e29a8d 1 0 51 64
.63f5020e36203 4 0 88 41
2 0 51 102
.63f5020e366d2 4 0 88 4
2 0 48 67
.63f5020e3907a 4 0 64 127
4 1 64 127
4 2 64 127
.63f5020e3f11f 1 0 55 64
.63f5020e4a11a 1 0 43 64
.63f5020e6de4f 1 0 51 64
.63f5020e71297 1 0 48 64
.63f5020eb675d 4 0 88 95
2 0 43 79
.63f5020eb9705 4 0 88 95
2 0 47 79
.63f5020ebd03c 4 0 88 59
2 0 53 100
.63f5020ebfdf9 4 0 64 0
4 1 64 0
4 2 64 0
.63f5020f0057c 4 0 64 127
4 1 64 127
4 2 64 127
.63f5020f08aef 4 0 88 11
2 0 45 81
.63f5020f0afc3 1 0 47 64
.63f5020f0c046 4 0 88 66
2 0 51 88
.63f5020f182ba 1 0 53 64
.63f5020f34e70 4 0 88 2
2 0 47 95
.63f5020f36117 4 0 88 36
2 0 53 56
.63f5020f3a266 1 0 51 64
.63f5020f408d8 1 0 45 64
.63f5020f56d06 4 0 88 18
2 0 51 40
.63f5020f5e159 4 0 64 0
4 1 64 0
4 2 64 0
.63f5020f60175 4 0 88 14
2 0 48 94
.63f5020f6343a 1 0 53 64
.63f5020f67b08 1 0 47 64
.63f5020f797e2 4 0 88 116
2 0 53 53
.63f5020f7a1a1 4 0 88 45
2 0 47 87
.63f5020f891c8 1 0 48 64
.63f5020f9b416 4 0 88 97
2 0 48 35
.63f5020fa987b 1 0 53 64
.63f5020fc9bcb 1 0 48 64
.63f50210a772a 4 0 88 59
2 0 50 100
.63f50210b4edd 1 0 51 64
.63f502115be96 4 0 64 127
4 1 64 127
4 2 64 127
.63f5021182ed7 1 0 47 64
.63f50211896fa 1 0 43 64
.63f50211bc9c2 4 0 88 1
2 0 48 86
.63f50211c4c9b 1 0 50 64
.63f50211c84cb 4 0 64 0
4 1 64 0
4 2 64 0
.63f50211fd809 4 0 88 65
2 0 36 77
.63f5021283d62 4 0 64 127
4 1 64 127
4 2 64 127
.63f50212d4383 4 0 88 80
2 0 46 82
.63f50212f03cf 4 0 64 0
4 1 64 0
4 2 64 0
.63f502135399f 4 0 88 14
2 0 44 69
.63f502135afd4 1 0 46 64
.63f50213ba07b 4 0 88 82
2 0 43 80
.63f50213be9b4 1 0 44 64
.63f50213cfc45 1 0 48 64
.63f50213d1d3f 4 0 64 127
4 1 64 127
4 2 64 127
.63f502141a10b 4 0 88 3
2 0 44 67
.63f502141d8aa 1 0 43 64
.63f502148b75b 4 0 88 95
2 0 48 79
.63f5021492130 1 0 44 64
.63f50214bb75a 1 0 36 64
.63f502150c9e7 4 0 88 95
2 0 36 75
.63f5021514235 4 0 64 0
4 1 64 0
4 2 64 0
.63f502151ca1c 1 0 48 64
.63f502159efbf 4 0 88 55
2 0 60 74
.63f50215ac813 4 0 64 127
4 1 64 127
4 2 64 127
.63f50215c430f 1 0 36 64
.63f5021606462 4 0 88 65
2 0 62 77
.63f5021613f67 1 0 60 64
.63f5021660ee0 4 0 88 51
2 0 64 78
.63f502166bdd9 1 0 62 64
.63f50216b6900 4 0 88 25
2 0 61 83
4 0 88 110
2 0 65 91
.63f50216b96cb 1 0 64 64
.63f502172287b 4 0 88 13
2 0 67 85
.63f5021734d66 1 0 65 64
.63f502174c93c 4 0 64 0
4 1 64 0
4 2 64 0
.63f502176404a 4 0 64 127
4 1 64 127
4 2 64 127
.63f502177b069 4 0 88 100
2 0 68 83
.63f502178cd03 1 0 67 64
.63f50217d8024 4 0 88 107
2 0 70 76
.63f50217e4fd7 1 0 68 64
.63f502182d0cb 4 0 88 118
2 0 72 95
.63f5021832961 1 0 70 64
.63f502187e676 4 0 88 27
2 0 74 93
.63f502188de47 1 0 72 64
.63f50218c6906 4 0 64 0
4 1 64 0
4 2 64 0
.63f50218daa9c 4 0 88 55
2 0 76 82
.63f50218e0776 4 0 88 65
2 0 60 90
.63f50218ea1cf 1 0 61 64
.63f50218ee48d 1 0 74 64
.63f5021948261 4 0 88 122
2 0 77 77
.63f5021955890 1 0 76 64
.63f50219adc9d 4 0 88 109
2 0 79 78
.63f50219b8f2d 1 0 77 64
.63f5021a18df8 4 0 88 33
2 0 76 88
.63f5021a2828d 1 0 79 64
.63f5021aa9aed 4 0 88 49
2 0 58 62
.63f5021aaff42 1 0 60 64
.63f5021ab5566 4 0 88 20
2 0 80 86
.63f5021aba09a 1 0 76 64
.63f5021b54dc8 4 0 88 41
2 0 79 83
.63f5021b55592 1 0 80 64
.63f5021bbd7f0 4 0 88 97
2 0 77 92
.63f5021bd29f2 1 0 79 64
.63f5021c183cc 4 0 64 127
4 1 64 127
4 2 64 127
.63f5021c25a18 4 0 88 60
2 0 76 95
.63f5021c2eee2 1 0 77 64
.63f5021c8bd4c 4 0 88 103
2 0 56 57
.63f5021c962f1 1 0 58 64
.63f5021ca8e1b 1 0 76 64
.63f5021cad2be 4 0 88 84
2 0 84 93
.63f5021cdb3f4 4 0 88 48
2 0 82 84
.63f5021ce4eba 1 0 84 64
.63f5021cf747a 4 0 88 103
2 0 84 87
.63f5021cfa981 1 0 82 64
.63f5021d113ce 4 0 88 119
2 0 82 64
.63f5021d181e5 1 0 84 64
.63f5021d31018 1 0 82 64
.63f5021d31cc6 4 0 88 22
2 0 84 46
.63f5021d354e4 4 0 88 87
2 0 82 75
.63f5021d3a575 4 0 64 0
4 1 64 0
4 2 64 0
.63f5021d44f5f 1 0 84 64
.63f5021d4e7da 4 0 88 68
2 0 84 105
.63f5021d58a83 1 0 82 64
.63f5021e21c8c 4 0 64 127
4 1 64 127
4 2 64 127
.63f5021e4660c 1 0 56 64
.63f5021e6782e 4 0 88 90
2 0 56 48
.63f5021f31144 4 0 88 46
2 0 58 57
.63f5021f3530c 4 0 64 0
4 1 64 0
4 2 64 0
.63f5021f395fc 1 0 56 64
.63f5021f953a0 4 0 88 33
2 0 82 72
.63f5021f9d957 1 0 84 64
.63f5021fecc68 4 0 88 33
2 0 80 72
.63f5021fedc61 4 0 64 127
4 1 64 127
4 2 64 127
.63f5021ffea78 1 0 82 64
.63f5022040e11 1 0 58 64
.63f50220417b9 4 0 88 90
2 0 79 88
.63f50220507e5 1 0 80 64
.63f502208f6c1 4 0 88 104
2 0 77 71
.63f502209592e 1 0 79 64
.63f5022097b1d 4 0 64 0
4 1 64 0
4 2 64 0
.63f50220982fc 4 0 88 34
2 0 58 96
.63f50220e8c4f 4 0 88 24
2 0 76 98
.63f50220f8e38 1 0 77 64
.63f5022115bf5 4 0 64 127
4 1 64 127
4 2 64 127
.63f5022142ce8 4 0 88 116
2 0 60 86
.63f5022153420 4 0 64 0
4 1 64 0
4 2 64 0
.63f50221555c8 4 0 88 13
2 0 77 99
.63f5022155c01 1 0 58 64
.63f502215dc40 1 0 76 64
.63f50221cb414 4 0 88 110
2 0 79 44
.63f50221cb9cc 1 0 77 64
.63f50221d7ca4 4 0 88 105
2 0 80 29
.63f50221ea758 1 0 79 64
.63f50222360b9 4 0 88 84
2 0 79 93
.63f502224b524 1 0 80 64
.63f502228e14f 4 0 88 14
2 0 77 94
.63f502229a26a 1 0 79 64
.63f50222a14c0 4 0 64 127
4 1 64 127
4 2 64 127
.63f50222c4a03 1 0 60 64
.63f50222da069 4 0 88 39
2 0 76 92
.63f50222decab 4 0 64 0
4 1 64 0
4 2 64 0
.63f50222e3a35 1 0 77 64
.63f50222e5896 4 0 88 20
2 0 60 89
.63f5022307d7d 4 0 64 127
4 1 64 127
4 2 64 127
.63f5022339ad8 4 0 88 105
2 0 77 101
.63f502234a79d 1 0 76 64
.63f502238981d 4 0 88 95
2 0 61 32
.63f502238dcc7 1 0 60 64
.63f502239766d 4 0 64 0
4 1 64 0
4 2 64 0
.63f50223b06e8 1 0 77 64
.63f50223b38e1 4 0 88 79
2 0 72 69
.63f502244a370 1 0 72 64
.63f5022461916 4 0 64 127
4 1 64 127
4 2 64 127
.63f50224797ca 4 0 88 104
2 0 72 71
.63f502248fb3c 1 0 72 64
.63f5022496459 4 0 64 0
4 1 64 0
4 2 64 0
.63f502249a9f5 4 0 88 94
2 0 70 31
.63f50224a3544 4 0 88 8
2 0 72 77
.63f50224c751f 1 0 72 64
.63f502253d57d 4 0 64 127
4 1 64 127
4 2 64 127
.63f502254c5c6 1 0 61 64
.63f502255e507 4 0 88 107
2 0 61 62
.63f502261ef08 4 0 64 0
4 1 64 0
4 2 64 0
.63f5022629508 4 0 88 65
2 0 60 57
.63f502262c53c 1 0 61 64
.63f502269125d 4 0 88 4
2 0 67 67
.63f5022698f67 1 0 70 64
.63f50226e3ffe 4 0 88 93
2 0 68 79
.63f50226e90ff 4 0 64 127
4 1 64 127
4 2 64 127
.63f50226ebfdb 4 0 64 0
4 1 64 0
4 2 64 0
.63f50226ef0b0 1 0 67 64
.63f5022706674 4 0 64 127
4 1 64 127
4 2 64 127
.63f5022735b44 4 0 88 96
2 0 70 86
.63f50227409ff 1 0 68 64
.63f502276392e 1 0 60 64
.63f5022787549 4 0 64 0
4 1 64 0
4 2 64 0
.63f502278808b 4 0 88 110
2 0 72 91
.63f502278cc56 4 0 88 11
2 0 60 81
.63f502278e511 1 0 70 64
.63f50227dd381 4 0 88 25
2 0 73 83
.63f50227e3360 1 0 72 64
.63f50227eaf3e 4 0 64 127
4 1 64 127
4 2 64 127
.63f5022834dfb 1 0 73 64
.63f50228380c8 4 0 88 103
2 0 75 57
.63f50228416d7 4 0 88 69
2 0 61 67
.63f5022842d1d 4 0 64 0
4 1 64 0
4 2 64 0
.63f5022849f30 1 0 60 64
.63f50228a63f9 4 0 88 28
2 0 79 84
.63f50228b368f 1 0 75 64
.63f50228fba6d 4 0 88 2
2 0 77 95
.63f5022912e46 4 0 64 127
4 1 64 127
4 2 64 127
.63f502291965d 1 0 79 64
.63f50229513c8 4 0 88 72
2 0 75 85
.63f5022961e52 1 0 77 64
.63f502297bd44 1 0 61 64
.63f502299d824 4 0 88 119
2 0 73 87
.63f502299e2dc 4 0 88 33
2 0 61 76
.63f50229b0135 1 0 75 64
.63f50229ee6f9 4 0 88 37
2 0 72 97
.63f50229f663e 1 0 73 64
.63f5022a0c437 1 0 72 64
.63f5022a4c9a6 4 0 88 50
2 0 63 50
.63f5022a51c20 1 0 61 64
.63f5022a58236 4 0 64 0
4 1 64 0
4 2 64 0
.63f5022a5f689 4 0 88 96
2 0 82 86
.63f5022a9979e 4 0 88 107
2 0 80 62
.63f5022a9dced 1 0 82 64
.63f5022ab6a8b 4 0 88 37
2 0 82 47
.63f5022abab55 1 0 80 64
.63f5022acc576 4 0 88 46
2 0 80 73
.63f5022ad7a52 1 0 82 64
.63f5022ae0d76 1 0 80 64
.63f5022ae22e8 4 0 88 62
2 0 82 91
.63f5022af212a 4 0 88 93
2 0 80 71
.63f5022af31da 1 0 82 64
.63f5022b049c8 4 0 88 14
2 0 82 89
.63f5022b0b9f1 1 0 80 64
.63f5022b88d3c 4 0 64 127
4 1 64 127
4 2 64 127
.63f5022bb053a 1 0 63 64
.63f5022bc25e6 4 0 88 126
2 0 63 51
.63f5022be3aa5 4 0 64 0
4 1 64 0
4 2 64 0
.63f5022bf82ba 4 0 64 127
4 1 64 127
4 2 64 127
.63f5022c6cb14 4 0 88 19
2 0 67 41
.63f5022c780f5 1 0 63 64
.63f5022c7ef30 4 0 64 0
4 1 64 0
4 2 64 0
.63f5022cde215 4 0 88 14
2 0 85 69
.63f5022ce43dc 1 0 82 64
.63f5022d3977f 4 0 88 78
2 0 84 89
.63f5022d488c4 1 0 85 64
.63f5022d666e5 4 0 64 127
4 1 64 127
4 2 64 127
.63f5022d9cc0e 4 0 88 85
2 0 82 92
.63f5022da9389 1 0 84 64
.63f5022db9e28 1 0 67 64
.63f5022de03b8 4 0 88 97
2 0 67 65
.63f5022ded31b 4 0 64 0
4 1 64 0
4 2 64 0
.63f5022dfa51d 4 0 88 39
2 0 80 90
.63f5022e0fc4f 1 0 82 64
.63f5022e54a1a 4 0 88 84
2 0 79 93
.63f5022e60290 1 0 80 64
.63f5022e710d1 4 0 64 127
4 1 64 127
4 2 64 127
.63f5022ec77bf 4 0 88 53
2 0 84 91
.63f5022ecb85a 4 0 88 33
2 0 68 39
.63f5022ed0c56 1 0 79 64
.63f5022ed1add 4 0 64 0
4 1 64 0
4 2 64 0
.63f5022ed3872 1 0 67 64
.63f5022ff0dcf 4 0 64 127
4 1 64 127
4 2 64 127
.63f5022ff6d53 1 0 84 64
.63f502300a782 4 0 88 94
2 0 77 97
.63f50230323e6 1 0 77 64
.63f502305e9c8 4 0 88 87
2 0 77 72
.63f502306edcc 4 0 64 0
4 1 64 0
4 2 64 0
.63f502306f52f 1 0 77 64
.63f5023079c5c 4 0 88 127
2 0 75 77
.63f5023088263 1 0 75 64
.63f5023089630 4 0 88 65
2 0 77 77
.63f5023099b7e 4 0 88 21
2 0 75 70
1 0 77 64
.63f5023115df4 4 0 64 127
4 1 64 127
4 2 64 127
.63f502314d876 4 0 64 0
4 1 64 0
4 2 64 0
.63f502315b3a5 4 0 88 32
2 0 67 63
.63f5023162196 1 0 68 64
.63f50231b867a 4 0 88 93
2 0 80 79
.63f50231c4db9 1 0 75 64
.63f5023219702 4 0 88 122
2 0 79 90
.63f502322b715 1 0 80 64
.63f5023246992 4 0 64 127
4 1 64 127
4 2 64 127
.63f502326f5c4 4 0 88 20
2 0 77 89
.63f502328874d 1 0 79 64
.63f502329f9db 1 0 67 64
.63f50232b64c6 4 0 88 6
2 0 75 82
.63f50232b8dc5 4 0 64 0
4 1 64 0
4 2 64 0
.63f50232bc85e 4 0 88 41
2 0 67 51
.63f50232c81a8 1 0 77 64
.63f5023313c9d 4 0 88 41
2 0 73 102
.63f502331e792 1 0 75 64
.63f5023322525 4 0 64 127
4 1 64 127
4 2 64 127
.63f50233349bc 1 0 73 64
.63f502336b406 4 0 88 103
2 0 65 87
.63f50233701a4 1 0 67 64
.63f50233801d3 4 0 64 0
4 1 64 0
4 2 64 0
.63f502338ed3e 4 0 88 20
2 0 84 89
.63f50233d3dba 4 0 88 93
2 0 82 79
.63f50233d9fe0 1 0 84 64
.63f50233e9988 4 0 64 127
4 1 64 127
4 2 64 127
.63f50233eef5f 4 0 88 109
2 0 84 78
.63f50233f02eb 1 0 82 64
.63f50233fe1df 4 0 88 25
2 0 82 83
.63f5023401796 1 0 84 64
.63f5023403eb8 4 0 64 0
4 1 64 0
4 2 64 0
.63f5023413ac6 4 0 88 7
2 0 84 90
.63f5023418d21 1 0 82 64
.63f5023422567 4 0 88 43
2 0 82 87
.63f5023435ba0 1 0 84 64
.63f50234ade73 4 0 64 127
4 1 64 127
4 2 64 127
.63f50234d0beb 1 0 65 64
.63f50234f31d0 4 0 88 83
2 0 65 98
.63f5023502e52 4 0 64 0
4 1 64 0
4 2 64 0
.63f5023543548 4 0 64 127
4 1 64 127
4 2 64 127
.63f50235822ad 4 0 88 0
2 0 63 42
.63f5023583c0d 4 0 64 0
4 1 64 0
4 2 64 0
.63f5023591b9d 1 0 65 64
.63f50235e6d27 4 0 88 120
2 0 80 73
.63f50235fb1b8 1 0 82 64
.63f502363b5fc 4 0 88 20
2 0 79 89
.63f502364f5de 1 0 80 64
.63f502366b431 4 0 64 127
4 1 64 127
4 2 64 127
.63f50236865a0 4 0 88 83
2 0 77 98
.63f502368e2e3 1 0 79 64
.63f50236bb0f6 1 0 63 64
.63f50236cefa8 4 0 88 25
2 0 75 83
.63f50236d4ba0 4 0 88 46
2 0 63 57
.63f50236dee67 1 0 77 64
.63f50236e3612 4 0 64 0
4 1 64 0
4 2 64 0
.63f5023725b8c 4 0 88 65
2 0 73 100
.63f5023729ad6 4 0 64 127
4 1 64 127
4 2 64 127
.63f502373102a 1 0 75 64
.63f502374a7f1 1 0 73 64
.63f5023771501 4 0 88 88
2 0 61 50
.63f502377243e 1 0 63 64
.63f50237819ea 4 0 64 0
4 1 64 0
4 2 64 0
.63f5023790744 4 0 88 104
2 0 72 71
.63f5023793e66 4 0 88 127
2 0 71 61
.63f50237ed8a7 4 0 88 60
2 0 70 81
.63f50237f3c53 1 0 71 64
.63f50237f6c60 1 0 72 64
.63f5023811389 4 0 88 111
2 0 72 58
.63f50238149c0 1 0 70 64
.63f502382b029 4 0 88 119
2 0 70 64
.63f5023831e8a 1 0 72 64
.63f502383ba02 1 0 70 64
.63f502383e919 4 0 88 45
2 0 72 87
.63f502384b8f5 4 0 88 1
2 0 70 46
.63f502385518a 4 0 88 25
2 0 72 47
.63f5023864340 1 0 72 64
1 0 72 64
.63f50238abeec 4 0 88 93
2 0 68 79
.63f50238bb154 1 0 70 64
.63f50238f38ca 4 0 88 83
2 0 67 98
.63f50238fc5c2 1 0 68 64
.63f502390d2b1 4 0 64 127
4 1 64 127
4 2 64 127
.63f5023939cad 4 0 88 108
2 0 68 93
.63f502394505b 1 0 67 64
.63f5023990a03 4 0 88 72
2 0 60 73
.63f502399517a 1 0 61 64
.63f5023996d8f 4 0 64 0
4 1 64 0
4 2 64 0
.63f502399f0e0 1 0 68 64
.63f50239aa63d 4 0 88 24
2 0 79 80
.63f5023a1c542 4 0 88 96
2 0 70 86
.63f5023a27948 1 0 79 64
.63f5023a70a11 4 0 88 72
2 0 68 85
.63f5023a7cc23 1 0 70 64
.63f5023ac2756 4 0 88 60
2 0 67 95
.63f5023ac98f3 1 0 68 64
.63f5023ad931f 4 0 64 127
4 1 64 127
4 2 64 127
.63f5023b18314 4 0 88 127
2 0 65 73
.63f5023b1c208 1 0 67 64
.63f5023b1c858 4 0 64 0
4 1 64 0
4 2 64 0
.63f5023b7ac57 4 0 88 116
2 0 64 86
.63f5023b85097 1 0 65 64
.63f5023b85fea 4 0 64 127
4 1 64 127
4 2 64 127
.63f5023b8ac34 1 0 60 64
.63f5023bda504 4 0 88 29
2 0 61 49
.63f5023bdde74 4 0 64 0
4 1 64 0
4 2 64 0
.63f5023bde757 4 0 88 127
2 0 65 61
.63f5023be53cb 1 0 64 64
.63f5023c418fd 4 0 88 26
2 0 70 71
.63f5023c93ca8 4 0 88 33
2 0 68 72
.63f5023ca618e 1 0 70 64
.63f5023ca8512 1 0 65 64
.63f5023cab013 4 0 64 127
4 1 64 127
4 2 64 127
.63f5023ce488b 4 0 88 14
2 0 67 94
.63f5023ceb6b0 1 0 68 64
.63f5023d12787 1 0 61 64
.63f5023d399b6 4 0 88 43
2 0 68 87
.63f5023d3c5f6 4 0 88 46
2 0 61 57
.63f5023d41bfb 1 0 67 64
.63f5023d55023 4 0 64 0
4 1 64 0
4 2 64 0
.63f5023d5dc49 4 0 64 127
4 1 64 127
4 2 64 127
.63f5023d939f7 4 0 88 45
2 0 72 87
.63f5023da07e7 1 0 68 64
.63f5023de7097 4 0 88 85
2 0 58 42
.63f5023debd81 1 0 61 64
.63f5023ded4a9 4 0 64 0
4 1 64 0
4 2 64 0
.63f5023dfcfa2 4 0 88 33
2 0 75 58
.63f5023e044cf 1 0 72 64
.63f5023e62530 4 0 88 21
2 0 70 59
.63f5023eb5887 4 0 88 93
2 0 68 71
.63f5023ebe918 1 0 70 64
.63f5023ec91a4 4 0 64 127
4 1 64 127
4 2 64 127
.63f5023ed4d21 4 0 64 0
4 1 64 0
4 2 64 0
.63f5023ed7af9 4 0 64 127
4 1 64 127
4 2 64 127
.63f5023f0c8d7 4 0 88 48
2 0 73 84
.63f5023f14367 1 0 75 64
.63f5023f1e022 1 0 68 64
.63f5023f6d304 4 0 64 0
4 1 64 0
4 2 64 0
.63f5023f73014 4 0 88 92
2 0 63 44
.63f5023f74b67 4 0 88 122
2 0 67 77
.63f5023f7cf74 1 0 58 64
.63f5023fdf6e1 4 0 88 80
2 0 68 82
.63f5023fef82d 1 0 67 64
.63f502400b695 4 0 64 127
4 1 64 127
4 2 64 127
.63f5024037285 1 0 68 64
.63f5024058043 4 0 88 102
2 0 56 45
.63f50240663af 4 0 64 0
4 1 64 0
4 2 64 0
.63f502407ae82 1 0 73 64
.63f502407bd95 4 0 88 68
2 0 72 51
.63f502407c266 4 0 88 20
2 0 71 61
.63f50240a856c 1 0 71 64
.63f50240dce8b 4 0 88 12
2 0 70 75
.63f50240e68dc 1 0 72 64
.63f50240f97ca 4 0 88 59
2 0 72 67
.63f50240fb483 1 0 70 64
.63f50241135cd 4 0 88 58
2 0 70 61
.63f502411a8a6 1 0 72 64
.63f502412c415 4 0 88 51
2 0 72 78
.63f5024135755 1 0 70 64
.63f502413e3fe 1 0 72 64
.63f50241430f2 4 0 88 117
2 0 70 61
.63f5024152783 1 0 70 64
.63f5024154dd3 4 0 88 8
2 0 72 77
.63f5024160288 4 0 88 99
2 0 70 72
.63f502416fa69 4 0 88 91
2 0 72 55
.63f502417199f 1 0 70 64
.63f50241ef0ce 1 0 56 64
.63f502421be55 4 0 88 46
2 0 56 57
.63f502421daff 4 0 64 127
4 1 64 127
4 2 64 127
.63f50242c9e6b 1 0 56 64
.63f50242d08ee 4 0 64 0
4 1 64 0
4 2 64 0
4 0 88 115
2 0 55 32
.63f502434e19f 4 0 88 33
2 0 70 72
.63f502435e65a 1 0 72 64
1 0 72 64
.63f50243a4a2c 4 0 88 100
2 0 68 83
.63f50243bb974 1 0 70 64
.63f50243cf61b 4 0 64 127
4 1 64 127
4 2 64 127
.63f50243f67bc 4 0 88 7
2 0 67 90
.63f50243fb1c3 1 0 68 64
.63f5024416474 1 0 55 64
.63f5024451726 4 0 88 16
2 0 55 51
.63f5024455c1d 4 0 88 120
2 0 68 73
.63f5024456206 4 0 64 0
4 1 64 0
4 2 64 0
.63f5024466471 1 0 67 64
.63f50244bd3b1 4 0 88 20
2 0 70 86
.63f50244c6f99 1 0 68 64
.63f50244d718b 4 0 64 127
4 1 64 127
4 2 64 127
.63f50244efd34 1 0 55 64
.63f50245068a2 1 0 70 64
.63f5024526a5f 4 0 88 78
2 0 54 36
.63f5024537c97 4 0 64 0
4 1 64 0
4 2 64 0
.63f502453bcd1 4 0 88 87
2 0 70 75
.63f50245ea8d7 1 0 63 64
.63f5024614029 4 0 88 66
2 0 63 74
.63f5024674343 4 0 64 127
4 1 64 127
4 2 64 127
.63f50246e50c2 4 0 88 87
2 0 62 72
.63f50246e5e2d 1 0 63 64
.63f50246ef493 4 0 64 0
4 1 64 0
4 2 64 0
.63f502470c90d 4 0 64 127
4 1 64 127
4 2 64 127
.63f502472a623 1 0 54 64
.63f5024748f17 1 0 62 64
.63f50247598d1 4 0 88 11
2 0 54 50
.63f502477aa92 4 0 88 49
2 0 61 62
.63f5024789089 1 0 61 64
.63f502478a818 4 0 64 0
4 1 64 0
4 2 64 0
.63f502478fcf7 4 0 88 53
2 0 62 91
.63f50247a8677 4 0 88 12
2 0 61 75
.63f50247b3aa8 1 0 62 64
.63f50247b52da 4 0 88 64
2 0 69 70
.63f50247ba4b1 4 0 88 78
2 0 62 66
.63f50247beda4 1 0 70 64
.63f50247c567a 1 0 61 64
.63f5024885d03 4 0 88 9
2 0 58 68
.63f50248bcc9a 1 0 62 64
.63f50248e31e8 4 0 88 112
2 0 60 82
.63f50248e43e6 4 0 64 127
4 1 64 127
4 2 64 127
.63f5024900ade 1 0 58 64
.63f5024940c43 1 0 60 64
.63f502494d2ae 4 0 88 114
2 0 63 90
.63f502499ce7c 4 0 88 1
2 0 67 86
.63f502499d3a2 4 0 88 8
2 0 62 70
.63f502499d83e 1 0 63 64
.63f50249a2bb7 4 0 64 0
4 1 64 0
4 2 64 0
.63f50249af2cc 1 0 69 64
.63f50249f2c7f 4 0 88 27
2 0 60 93
.63f50249ff3fe 1 0 62 64
.63f5024a0a00e 1 0 54 64
.63f5024a0c2cf 4 0 64 127
4 1 64 127
4 2 64 127
.63f5024a44a9f 1 0 60 64
.63f5024a5b57e 4 0 64 0
4 1 64 0
4 2 64 0
.63f5024a5bf85 4 0 88 91
2 0 55 55
.63f5024a645f4 4 0 88 47
2 0 60 49
.63f5024b11fbc 4 0 88 51
2 0 57 78
.63f5024b44f58 1 0 60 64
.63f5024b79c5e 4 0 88 9
2 0 58 68
.63f5024b8e357 1 0 57 64
.63f5024bc99bc 4 0 64 127
4 1 64 127
4 2 64 127
.63f5024bcc7b0 4 0 88 112
2 0 60 82
.63f5024bd27ee 1 0 58 64
.63f5024c2a675 4 0 88 95
2 0 62 79
.63f5024c313c2 1 0 60 64
.63f5024c33024 4 0 64 0
4 1 64 0
4 2 64 0
.63f5024c64e32 4 0 64 127
4 1 64 127
4 2 64 127
.63f5024c808cb 4 0 88 60
2 0 60 95
.63f5024c85587 1 0 62 64
.63f5024c9682d 1 0 55 64
.63f5024cb7533 1 0 60 64
.63f5024ce5ccf 4 0 64 0
4 1 64 0
4 2 64 0
.63f5024ce7de9 4 0 88 68
2 0 53 51
.63f5024ce8b6c 4 0 88 24
2 0 62 57
.63f5024d6517a 4 0 88 11
2 0 65 81
.63f5024d7f4d9 1 0 67 64
.63f5024dc1cae 4 0 88 113
2 0 64 67
.63f5024dce8ab 1 0 65 64
.63f5024e12dea 4 0 88 45
2 0 65 87
.63f5024e1f72b 1 0 64 64
.63f5024e2232a 4 0 64 127
4 1 64 127
4 2 64 127
.63f5024e3f11c 1 0 53 64
.63f5024e6579a 4 0 88 45
2 0 67 87
.63f5024e6e6a7 1 0 65 64
.63f5024e74aaa 4 0 88 74
2 0 53 61
.63f5024e919ae 4 0 64 0
4 1 64 0
4 2 64 0
.63f5024ebc071 4 0 88 33
2 0 64 88
.63f5024ed21b8 1 0 67 64
.63f5024ee39fe 4 0 64 127
4 1 64 127
4 2 64 127
.63f5024eefebd 1 0 64 64
.63f5024ef32ac 1 0 53 64
.63f5024f0a666 1 0 62 64
.63f5024f3a2e0 4 0 88 42
2 0 52 60
.63f5024f415bb 4 0 64 0
4 1 64 0
4 2 64 0
.63f5024f6ac9b 4 0 88 2
2 0 66 56
.63f5024ff4e18 4 0 88 69
2 0 63 67
.63f5025053267 4 0 88 78
2 0 62 89
.63f502505c476 1 0 63 64
.63f50250a6103 4 0 88 6
2 0 63 82
.63f50250aa01f 1 0 66 64
.63f50250aca56 4 0 64 127
4 1 64 127
4 2 64 127
.63f50250ba235 1 0 62 64
.63f50250fbcfe 4 0 64 0
4 1 64 0
4 2 64 0
.63f50250fc010 4 0 88 72
2 0 57 94
.63f50251146cc 1 0 63 64
.63f50251161f0 4 0 64 127
4 1 64 127
4 2 64 127
.63f50251578e9 4 0 88 114
2 0 58 90
.63f502516201b 1 0 57 64
.63f5025176ad0 1 0 52 64
.63f50251b7447 4 0 88 118
2 0 60 95
.63f50251b7d03 4 0 88 65
2 0 52 77
.63f50251b995d 1 0 58 64
.63f50251c30b9 4 0 64 0
4 1 64 0
4 2 64 0
.63f502520e965 4 0 88 21
2 0 58 59
.63f502521642e 1 0 60 64
.63f502523690f 4 0 88 65
2 0 60 90
.63f502523b359 1 0 58 64
4 0 64 127
4 1 64 127
4 2 64 127
.63f5025257d4f 4 0 88 88
2 0 58 52
.63f502526036b 1 0 60 64
.63f502526ff30 4 0 88 97
2 0 60 92
.63f5025271c00 1 0 58 64
.63f50252852db 4 0 88 69
2 0 58 67
.63f502528af59 1 0 60 64
.63f5025290256 4 0 64 0
4 1 64 0
4 2 64 0
.63f502529ea47 4 0 88 116
2 0 60 86
.63f50252a414e 1 0 58 64
.63f50252bb1d3 4 0 88 58
2 0 58 61
.63f50252bd3b0 4 0 88 118
2 0 62 95
.63f50252ccf6e 1 0 58 64
.63f50253562af 4 0 88 125
2 0 58 84
.63f5025360147 1 0 60 64
.63f5025397dc6 4 0 64 127
4 1 64 127
4 2 64 127
.63f50253bf3f5 4 0 88 32
2 0 57 63
.63f50253c0cff 4 0 64 0
4 1 64 0
4 2 64 0
.63f50253c52e2 4 0 88 103
2 0 61 57
.63f50253c6783 4 0 88 74
2 0 63 55
.63f50253c80e0 1 0 58 64
.63f50253cf0c2 1 0 62 64
.63f5025444683 4 0 88 26
2 0 56 71
.63f502544f45b 1 0 57 64
.63f502545dece 1 0 52 64
.63f5025462034 4 0 64 127
4 1 64 127
4 2 64 127
.63f50254b29cb 4 0 88 2
2 0 57 95
.63f50254b6f38 4 0 64 0
4 1 64 0
4 2 64 0
.63f50254b8aec 4 0 88 76
2 0 49 68
.63f50254bf33e 1 0 56 64
.63f50255185c6 1 0 61 64
.63f5025528e62 4 0 88 122
2 0 62 77
.63f5025544d2f 1 0 63 64
.63f5025586d01 4 0 88 78
2 0 60 89
.63f502559e8a0 1 0 62 64
.63f50255bd439 1 0 57 64
.63f50255e308e 4 0 88 84
2 0 59 93
.63f50255eb753 1 0 60 64
.63f502563c0c2 4 0 88 98
2 0 61 35
.63f5025640b51 4 0 88 72
2 0 62 94
.63f5025643825 1 0 59 64
.63f502564cd81 1 0 61 64
.63f50256982ff 4 0 88 43
2 0 63 87
.63f50256a3714 1 0 62 64
.63f50256b1e09 4 0 64 127
4 1 64 127
4 2 64 127
.63f50256e6f35 4 0 88 127
2 0 50 73
.63f50256eda67 1 0 49 64
.63f50256fb261 4 0 64 0
4 1 64 0
4 2 64 0
.63f502570dd9c 4 0 88 95
2 0 57 75
.63f502577d86e 4 0 88 38
2 0 55 79
.63f502578727a 1 0 57 64
.63f50257cb4dc 1 0 55 64
.63f50257d422a 4 0 88 19
2 0 54 79
.63f5025827086 4 0 88 65
2 0 55 77
.63f50258331d7 1 0 54 64
.63f502586099b 4 0 64 127
4 1 64 127
4 2 64 127
.63f5025877123 4 0 88 70
2 0 57 85
.63f502587a6e1 1 0 55 64
.63f50258c729d 4 0 88 91
2 0 54 89
.63f50258d2876 1 0 63 64
.63f50258d61c1 1 0 57 64
.63f5025914d4d 4 0 88 4
2 0 47 67
.63f502591dfa9 1 0 50 64
.63f5025921f96 4 0 64 0
4 1 64 0
4 2 64 0
.63f5025925a03 4 0 88 47
2 0 53 101
.63f5025931548 1 0 54 64
.63f5025994170 4 0 88 58
2 0 62 86
.63f50259f9f14 4 0 88 72
2 0 56 85
.63f5025a12f6c 1 0 53 64
.63f5025a4fea9 4 0 88 1
2 0 55 86
.63f5025a6005d 1 0 56 64
.63f5025aa8c5c 4 0 88 65
2 0 56 100
.63f5025ab6746 1 0 55 64
.63f5025abaafc 1 0 62 64
.63f5025afe536 4 0 88 85
2 0 62 84
.63f5025b05674 4 0 64 127
4 1 64 127
4 2 64 127
.63f5025b2d17d 1 0 56 64
.63f5025b551a8 1 0 47 64
.63f5025b58d0c 4 0 88 36
2 0 48 56
.63f5025b632d9 4 0 64 0
4 1 64 0
4 2 64 0
.63f5025b65138 4 0 88 1
2 0 55 86
.63f5025bd1035 4 0 88 98
2 0 53 83
.63f5025bd856b 1 0 55 64
.63f5025be1861 1 0 62 64
.63f5025c2c0cb 4 0 88 48
2 0 51 84
.63f5025c3f9e6 1 0 53 64
.63f5025c8106b 4 0 88 110
2 0 53 91
.63f5025c8c181 1 0 51 64
.63f5025cd94d4 4 0 88 98
2 0 55 83
.63f5025ce69ee 1 0 53 64
.63f5025d20911 4 0 64 127
4 1 64 127
4 2 64 127
.63f5025d2ab34 4 0 88 125
2 0 51 84
.63f5025d3b5f4 1 0 55 64
.63f5025d77b80 4 0 88 28
2 0 46 46
.63f5025d81452 4 0 64 0
4 1 64 0
4 2 64 0
.63f5025d85252 1 0 48 64
.63f5025d87744 4 0 88 45
2 0 53 87
.63f5025d8e165 1 0 51 64
.63f5025deabd0 4 0 88 109
2 0 62 78
.63f5025e420f4 4 0 88 82
2 0 59 80
.63f5025e508ae 1 0 62 64
.63f5025e91ff4 4 0 88 7
2 0 60 90
.63f5025e9d5bf 1 0 59 64
.63f5025eebc9b 4 0 88 85
2 0 62 84
.63f5025ef73fa 1 0 60 64
.63f5025f3e70b 4 0 88 45
2 0 59 87
.63f5025f4f11f 1 0 62 64
.63f5025f6a91b 4 0 64 127
4 1 64 127
4 2 64 127
.63f5025f7bcfd 1 0 59 64
.63f5025f957b2 4 0 88 25
2 0 44 83
.63f5025f9bb63 1 0 46 64
.63f5025fb3cf8 4 0 64 0
4 1 64 0
4 2 64 0
.63f5025fb5413 4 0 88 78
2 0 60 89
.63f5025fcda2c 4 0 88 13
2 0 59 85
.63f5025fd7aa5 1 0 60 64
.63f5025fe83cc 4 0 88 122
2 0 60 90
.63f5025ff5e6a 1 0 59 64
.63f502603dca3 1 0 53 64
.63f5026041fdf 4 0 88 97
2 0 55 92
.63f502609bcf1 4 0 88 13
2 0 53 85
.63f50260a2270 1 0 55 64
.63f50260f282f 4 0 88 119
2 0 56 87
.63f50260f9129 1 0 53 64
.63f502614d38a 4 0 88 55
2 0 55 82
.63f5026161069 1 0 56 64
.63f502619456c 4 0 64 127
4 1 64 127
4 2 64 127
.63f50261a39f7 1 0 44 64
.63f50261a9489 4 0 88 1
2 0 53 86
.63f50261ac17a 1 0 55 64
.63f502620b46f 1 0 53 64
.63f502621616f 4 0 88 85
2 0 51 92
.63f50262171c7 4 0 88 1
2 0 43 86
.63f502621e09f 4 0 64 0
4 1 64 0
4 2 64 0
.63f50262b238f 4 0 88 78
2 0 55 89
.63f50262ccc77 1 0 51 64
.63f502631ae76 4 0 88 122
2 0 53 90
.63f5026327046 1 0 55 64
.63f5026379888 4 0 88 91
2 0 51 89
.63f5026388d8f 1 0 53 64
.63f5026392215 4 0 64 127
4 1 64 127
4 2 64 127
.63f50263d1abb 4 0 88 97
2 0 50 92
.63f50263d28f4 4 0 64 0
4 1 64 0
4 2 64 0
.63f50263d8606 1 0 51 64
.63f502642adc2 1 0 50 64
.63f502642bf78 4 0 88 19
2 0 51 79
.63f502645f38e 4 0 64 127
4 1 64 127
4 2 64 127
.63f5026460a6c 4 0 88 2
2 0 48 95
.63f5026466e1d 1 0 51 64
.63f502646a6a9 1 0 43 64
.63f50264bbc2b 4 0 88 112
2 0 43 82
.63f50264bd282 4 0 88 90
2 0 50 88
.63f50264c0942 1 0 48 64
.63f50264c5d10 4 0 64 0
4 1 64 0
4 2 64 0
.63f502651047e 4 0 88 20
2 0 48 89
.63f5026513de2 1 0 50 64
.63f502653df1f 4 0 88 98
2 0 50 83
.63f50265452ed 1 0 48 64
.63f502654f848 4 0 64 127
4 1 64 127
4 2 64 127
.63f502655b534 4 0 88 125
2 0 48 81
.63f502656142d 1 0 50 64
.63f5026576465 4 0 88 72
2 0 50 94
.63f5026577baf 1 0 48 64
.63f502658ec40 4 0 88 33
2 0 48 88
.63f5026591e45 1 0 50 64
.63f5026592d73 4 0 64 0
4 1 64 0
4 2 64 0
.63f502659d27f 4 0 88 125
2 0 59 81
.63f502659e0a5 1 0 60 64
.63f50265a5973 4 0 88 27
2 0 50 103
.63f50265ac57a 1 0 48 64
.63f5026650c02 4 0 88 20
2 0 51 86
.63f502665b1f9 1 0 50 64
.63f50266b97a9 4 0 88 21
2 0 53 55
.63f50266ca61f 1 0 51 64
.63f502675ee8b 4 0 64 127
4 1 64 127
4 2 64 127
.63f502678e580 1 0 43 64
.63f50267915f9 1 0 53 64
.63f50267eabbe 4 0 88 39
2 0 53 92
.63f50267ebf26 4 0 88 120
2 0 44 73
.63f50267ee732 4 0 64 0
4 1 64 0
4 2 64 0
.63f5026892e9e 4 0 88 3
2 0 51 67
.63f50268a724a 1 0 53 64
.63f50268f65d4 4 0 88 104
2 0 50 71
.63f5026902df0 1 0 51 64
.63f5026963475 4 0 88 98
2 0 53 83
.63f502696f289 1 0 50 64
.63f50269c5416 4 0 88 80
2 0 51 82
.63f50269cd8c6 1 0 53 64
.63f5026a0998d 4 0 64 127
4 1 64 127
4 2 64 127
.63f5026a25cb4 4 0 88 24
2 0 50 80
.63f5026a31c77 1 0 51 64
.63f5026a39c19 1 0 44 64
.63f5026a9fc0a 4 0 88 39
2 0 43 75
.63f5026aa68f1 1 0 50 64
.63f5026aa7c27 4 0 64 0
4 1 64 0
4 2 64 0
.63f5026ab4c07 4 0 88 100
2 0 56 83
.63f5026ac1492 1 0 59 64
.63f5026b4dd55 4 0 88 95
2 0 53 79
.63f5026b57cc2 1 0 56 64
.63f5026bb6236 4 0 88 40
2 0 51 80
.63f5026bc6622 1 0 53 64
.63f5026c192a4 4 0 88 42
2 0 53 60
.63f5026c21262 1 0 51 64
.63f5026c7c960 4 0 88 55
2 0 50 82
.63f5026c88bd5 1 0 53 64
.63f5026cc0031 4 0 64 127
4 1 64 127
4 2 64 127
.63f5026ce002a 4 0 88 66
2 0 51 74
.63f5026cf0858 1 0 50 64
.63f5026d19730 1 0 51 64
.63f5026d3bfe6 1 0 43 64
.63f5026d58649 4 0 88 14
2 0 41 94
.63f5026d5e361 4 0 64 0
4 1 64 0
4 2 64 0
.63f5026d786fd 4 0 88 118
2 0 55 95
.63f5026e14ca0 4 0 88 124
2 0 58 38
.63f5026e192af 1 0 55 64
.63f5026e1c27e 4 0 88 119
2 0 59 70
.63f5026e248e1 4 0 88 110
2 0 60 44
.63f5026e276c0 1 0 58 64
.63f5026e33bb8 1 0 60 64
.63f5026e85c6b 4 0 88 114
2 0 56 80
.63f5026e879a6 1 0 59 64
.63f5026eecd8e 4 0 88 60
2 0 55 95
.63f5026f03da8 1 0 56 64
.63f5026f41d47 4 0 88 24
2 0 53 98
.63f5026f4c436 1 0 55 64
.63f5026f4d59f 4 0 64 127
4 1 64 127
4 2 64 127
.63f5026f9b237 4 0 88 85
2 0 51 92
.63f5026fae372 1 0 41 64
.63f5026fd202f 1 0 51 64
.63f5026feddae 1 0 53 64
.63f5026ffe5e3 4 0 88 122
2 0 62 77
.63f5027004060 4 0 88 78
2 0 41 66
.63f50270049d2 4 0 88 20
2 0 48 89
.63f5027008e8d 4 0 64 0
4 1 64 0
4 2 64 0
.63f50270872fd 4 0 88 20
2 0 56 86
.63f50270ddcb6 4 0 88 68
2 0 55 81
.63f50270dfe07 1 0 56 64
.63f50271477d0 4 0 88 46
2 0 56 73
.63f5027149a16 1 0 55 64
.63f502717a1e8 4 0 64 127
4 1 64 127
4 2 64 127
.63f50271a3c59 1 0 56 64
.63f50271a6870 4 0 88 10
2 0 53 64
.63f50271a71e2 4 0 88 14
2 0 47 94
.63f50271a925b 1 0 48 64
.63f50271b1c7b 4 0 64 0
4 1 64 0
4 2 64 0
.63f5027216125 1 0 41 64
.63f5027225123 4 0 88 85
2 0 56 92
.63f5027226e62 1 0 53 64
.63f502723e6c9 4 0 64 127
4 1 64 127
4 2 64 127
.63f502725689a 1 0 47 64
.63f50272b531c 4 0 88 23
2 0 48 76
.63f50272b597a 4 0 88 8
2 0 39 47
.63f50272b67cb 4 0 64 0
4 1 64 0
4 2 64 0
.63f50272c76c0 4 0 88 70
2 0 55 85
.63f50272cdea6 1 0 56 64
.63f5027359b83 4 0 88 98
2 0 53 83
.63f5027360e12 1 0 55 64
.63f502736f242 4 0 64 127
4 1 64 127
4 2 64 127
.63f5027372170 1 0 62 64
.63f502737ad66 4 0 64 0
4 1 64 0
4 2 64 0
.63f502738c6fa 4 0 64 127
4 1 64 127
4 2 64 127
.63f50273c2a41 4 0 88 96
2 0 51 86
.63f50273cd9c6 1 0 53 64
.63f50273e6235 1 0 48 64
.63f50274015a2 1 0 39 64
.63f5027428338 4 0 88 107
2 0 50 96
.63f502742d939 1 0 51 64
.63f5027489cf7 4 0 88 85
2 0 51 95
.63f502749a27b 1 0 50 64
.63f50274a2c3f 4 0 64 0
4 1 64 0
4 2 64 0
.63f50274a8a17 4 0 64 127
4 1 64 127
4 2 64 127
.63f50274f1303 4 0 88 20
2 0 53 89
.63f50274fab36 1 0 51 64
.63f502755e4f4 4 0 64 0
4 1 64 0
4 2 64 0
.63f5027562120 4 0 88 66
2 0 51 74
.63f5027563603 4 0 88 95
2 0 55 79
.63f502756756f 4 0 88 42
2 0 48 50
.63f50275689ff 4 0 88 18
2 0 41 54
.63f5027568e26 1 0 53 64
.63f50275ea8b2 4 0 88 60
2 0 56 81
.63f50275f436b 1 0 55 64
.63f5027654186 1 0 56 64
.63f50276580c4 4 0 88 24
2 0 55 69
.63f50276c4776 1 0 51 64
.63f50276c5a0c 4 0 88 38
2 0 53 79
.63f502771fd06 1 0 55 64
.63f5027740a4b 4 0 88 12
2 0 51 75
.63f5027759f2f 1 0 53 64
.63f50277eeb43 4 0 88 103
2 0 50 87
.63f50277fd72b 1 0 51 64
.63f50278008c6 1 0 41 64
.63f5027807369 1 0 48 64
.63f502781d829 4 0 64 127
4 1 64 127
4 2 64 127
.63f502785e2ec 1 0 50 64
.63f5027902558 4 0 88 7
2 0 51 53
.63f502790c38e 4 0 88 5
2 0 43 39
.63f502790c842 4 0 88 108
2 0 48 41
.63f502790e1bf 4 0 88 127
2 0 56 42
.63f502791224f 4 0 88 18
2 0 55 104
.63f502791394b 4 0 64 0
4 1 64 0
4 2 64 0
.63f502791e01c 1 0 56 64
.63f50279e326c 4 0 88 37
2 0 60 97
.63f50279f0e31 1 0 55 64
.63f5027a42cd6 4 0 88 113
2 0 59 67
.63f5027a4c310 1 0 60 64
.63f5027a7ab14 4 0 88 7
2 0 60 90
.63f5027a7e507 1 0 59 64
.63f5027aa522e 4 0 88 109
2 0 59 78
.63f5027aa8e70 1 0 60 64
.63f5027abe79b 4 0 88 55
2 0 60 82
.63f5027ac59c7 1 0 59 64
.63f5027ada801 4 0 88 28
2 0 59 59
.63f5027adb8e9 1 0 60 64
.63f5027ae57d8 4 0 64 127
4 1 64 127
4 2 64 127
.63f5027ae8862 1 0 51 64
.63f5027af0a9e 4 0 88 78
2 0 60 76
.63f5027af4fbb 1 0 59 64
.63f5027b03ebe 4 0 88 51
2 0 59 78
.63f5027b0f7ef 1 0 60 64
.63f5027b1592e 1 0 59 64
.63f5027b1c78b 4 0 88 58
2 0 60 86
.63f5027b24f5a 1 0 48 64
.63f5027b29aac 1 0 60 64
.63f5027b2c4ff 4 0 88 47
2 0 59 71
.63f5027b319be 4 0 64 0
4 1 64 0
4 2 64 0
.63f5027b3c7f0 4 0 88 24
2 0 60 66
.63f5027b4584f 1 0 59 64
.63f5027b5080c 4 0 88 21
2 0 54 70
.63f5027b519d1 4 0 88 20
2 0 59 61
.63f5027b53464 1 0 60 64
.63f5027b6335e 4 0 88 116
2 0 60 86
.63f5027b667e4 1 0 59 64
.63f5027b78033 1 0 60 64
.63f5027b78cd6 4 0 88 47
2 0 59 71
.63f5027b8b17b 4 0 88 111
2 0 60 74
.63f5027b8dbcb 1 0 59 64
.63f5027b9aa5d 1 0 60 64
.63f5027b9d817 4 0 88 22
2 0 59 46
.63f5027bae85a 4 0 88 106
2 0 60 62
.63f5027bc0964 4 0 88 127
2 0 59 24
.63f5027bc16ae 1 0 60 64
.63f5027bd4119 4 0 88 82
2 0 60 80
.63f5027bd7e5e 1 0 59 64
1 0 59 64
.63f5027bd8c1b 4 0 88 104
2 0 55 71
.63f5027bdcbf0 1 0 54 64
.63f5027be4332 1 0 60 64
.63f5027be8d24 4 0 88 72
2 0 59 73
.63f5027bfc524 4 0 88 113
2 0 60 67
.63f5027bfdc0f 1 0 59 64
.63f5027c0dc5e 1 0 60 64
.63f5027c1117b 4 0 88 4
2 0 59 67
.63f5027c21b01 4 0 88 24
2 0 60 66
.63f5027c22b02 1 0 59 64
.63f5027c360e2 4 0 88 32
2 0 59 72
.63f5027c3891a 1 0 60 64
.63f5027c3c4ee 4 0 64 127
4 1 64 127
4 2 64 127
.63f5027c41bda 1 0 55 64
.63f5027c4ea53 4 0 88 113
2 0 60 67
.63f5027c55586 4 0 88 87
2 0 57 103
.63f5027c56bf9 1 0 59 64
.63f5027c613d2 1 0 60 64
.63f5027c66229 4 0 88 47
2 0 59 47
.63f5027c7e9c2 4 0 88 77
2 0 60 40
.63f5027c82275 1 0 59 64
.63f5027c9e080 1 0 57 64
.63f5027ca8f98 4 0 88 85
2 0 59 34
.63f5027cae6a5 1 0 60 64
.63f5027cba43e 4 0 88 58
2 0 55 86
.63f5027cbed0d 4 0 88 109
2 0 60 78
.63f5027cc5599 1 0 59 64
.63f5027cd64fe 4 0 88 63
2 0 59 64
.63f5027cdc1ff 1 0 60 64
.63f5027ced011 4 0 88 51
2 0 60 78
.63f5027cedbe9 1 0 59 64
.63f5027cfc90f 1 0 60 64
.63f5027d01b11 4 0 88 96
2 0 59 60
.63f5027d1324b 1 0 59 64
.63f5027d13d48 4 0 88 18
2 0 60 54
.63f5027d24a28 1 0 55 64
.63f5027d2607e 1 0 60 64
.63f5027d27d54 4 0 88 91
2 0 59 42
.63f5027d38f79 4 0 88 10
2 0 60 64
.63f5027d39c23 1 0 59 64
.63f5027d467c9 4 0 88 24
2 0 59 66
.63f5027d481e4 1 0 60 64
.63f5027d49d5f 4 0 64 0
4 1 64 0
4 2 64 0
.63f5027d4e01b 4 0 88 19
2 0 54 79
.63f5027d57f94 4 0 88 95
2 0 60 79
.63f5027d5d1c4 1 0 59 64
.63f5027d69b27 4 0 88 38
2 0 59 43
.63f5027d767f3 1 0 60 64
.63f5027dd0aab 4 0 64 127
4 1 64 127
4 2 64 127
.63f5027e583d9 1 0 54 64
.63f5027e64f11 1 0 43 64
.63f5027e8377d 1 0 59 64
.63f5027ef2b3d 4 0 64 0
4 1 64 0
4 2 64 0
.63f5027ef5986 4 0 88 18
2 0 60 104
.63f5027ef659b 4 0 88 73
2 0 63 78
.63f5027ef7bc8 4 0 88 84
2 0 43 63
.63f5027efa767 4 0 88 59
2 0 55 67
.63f502807f08e 4 0 88 24
2 0 62 80
.63f5028083cca 4 0 88 126
2 0 59 55
.63f5028085a4d 1 0 60 64
.63f502808a876 1 0 63 64
.63f50280bebe3 4 0 64 127
4 1 64 127
4 2 64 127
.63f50280dffb3 1 0 59 64
.63f5028113275 4 0 88 55
2 0 60 74
.63f5028115e24 4 0 88 113
2 0 57 67
.63f502811c82f 4 0 64 0
4 1 64 0
4 2 64 0
.63f50281253e5 1 0 62 64
.63f502814e4cb 4 0 64 127
4 1 64 127
4 2 64 127
.63f5028180a0e 1 0 57 64
.63f50281b3a43 4 0 88 41
2 0 62 83
.63f50281b4cc0 4 0 64 0
4 1 64 0
4 2 64 0
.63f50281b6170 4 0 88 64
2 0 59 70
.63f50281bd7ad 1 0 60 64
.63f502820109e 4 0 64 127
4 1 64 127
4 2 64 127
.63f5028271e00 4 0 88 28
2 0 63 46
.63f5028276bf8 4 0 88 116
2 0 60 86
.63f502827b216 1 0 62 64
.63f502827c1e7 4 0 64 0
4 1 64 0
4 2 64 0
.63f502827c708 1 0 59 64
.63f5028334ac9 4 0 64 127
4 1 64 127
4 2 64 127
.63f502837ac95 1 0 60 64
.63f502839d0d3 4 0 88 77
2 0 60 43
.63f50283a20d3 4 0 88 53
2 0 57 62
.63f50283accf1 4 0 64 0
4 1 64 0
4 2 64 0
.63f502848891c 4 0 64 127
4 1 64 127
4 2 64 127
.63f5028514f88 1 0 60 64
.63f502851901b 1 0 63 64
.63f502857deb0 1 0 57 64
.63f50285c98cb 4 0 88 0
2 0 67 43
.63f502860a222 4 0 88 8
2 0 66 47
.63f5028615dfd 1 0 67 64
.63f5028630c12 4 0 88 42
2 0 64 50
.63f502863149e 1 0 66 64
.63f502864e722 4 0 88 79
2 0 66 45
.63f50286578c9 1 0 64 64
.63f502866dfca 4 0 88 72
2 0 67 73
.63f5028670c73 1 0 66 64
.63f5028674ca3 4 0 64 0
4 1 64 0
4 2 64 0
.63f5028684e46 4 0 88 2
2 0 66 56
.63f50286908b5 1 0 67 64
.63f502869c51c 1 0 66 64
.63f502869e7b4 4 0 88 113
2 0 67 67
.63f50286b40b9 4 0 88 11
2 0 66 50
.63f50286bef8a 1 0 67 64
.63f50287a8793 4 0 64 127
4 1 64 127
4 2 64 127
.63f50287e1f82 1 0 43 64
.63f50287eded6 1 0 55 64
.63f502889a28e 4 0 88 110
2 0 67 91
.63f50288a75e6 1 0 66 64
.63f5028a1e66c 4 0 64 0
4 1 64 0
4 2 64 0
.63f5028a2a1ff 4 0 88 60
2 0 55 20
.63f5028a2d6f5 4 0 88 84
2 0 62 93
.63f5028a32549 4 0 88 72
2 0 59 73
.63f5028a3738f 4 0 88 18
2 0 43 19
.63f5028a40aa9 4 0 88 48
2 0 50 34
.63f5028ab0e9e 4 0 64 127
4 1 64 127
4 2 64 127
.63f5028abe82a 1 0 59 64
.63f5028ae7cce 4 0 88 64
2 0 60 70
.63f5028aead2f 4 0 88 68
2 0 57 51
.63f5028af451c 4 0 64 0
4 1 64 0
4 2 64 0
.63f5028afaef4 1 0 62 64
.63f5028b2041e 4 0 64 127
4 1 64 127
4 2 64 127
.63f5028b5f446 1 0 55 64
.63f5028b5fbcb 1 0 57 64
.63f5028b6df04 1 0 60 64
.63f5028ba4628 4 0 88 108
2 0 59 46
.63f5028ba5848 4 0 88 104
2 0 55 33
.63f5028ba9f33 4 0 64 0
4 1 64 0
4 2 64 0
.63f5028bfc038 4 0 64 127
4 1 64 127
4 2 64 127
.63f5028c34762 1 0 55 64
.63f5028c6ef59 1 0 50 64
.63f5028cc2bf2 4 0 88 8
2 0 60 77
.63f5028cc68bb 4 0 88 97
2 0 57 43
.63f5028cc92c4 4 0 88 77
2 0 50 43
.63f5028cc9700 1 0 59 64
.63f5028cdaafa 4 0 64 0
4 1 64 0
4 2 64 0
.63f5028eb8468 4 0 64 127
4 1 64 127
4 2 64 127
.63f5028ec2c33 1 0 43 64
.63f5028ec7ef4 1 0 50 64
.63f5028ef5688 1 0 57 64
.63f5028f77ff1 4 0 88 126
2 0 62 55
1 0 60 64
.63f5028f78900 4 0 88 108
2 0 59 45
.63f5028f7a6ec 4 0 88 74
2 0 43 26
.63f5028f7b154 4 0 88 52
2 0 51 35
.63f5028f7e944 4 0 88 6
2 0 55 35
.63f5028f804eb 4 0 88 92
2 0 48 37
.63f5028f826f7 4 0 64 0
4 1 64 0
4 2 64 0
.63f5029197b83 4 0 64 127
4 1 64 127
4 2 64 127
.63f50291b45b2 1 0 55 64
.63f50291e3b1a 4 0 88 111
2 0 55 40
.63f50292b3d27 1 0 59 64
.63f50292c119f 4 0 88 56
2 0 60 55
.63f50292d1387 4 0 64 0
4 1 64 0
4 2 64 0
.63f5029337c15 4 0 64 127
4 1 64 127
4 2 64 127
.63f50293437c7 4 0 64 0
4 1 64 0
4 2 64 0
.63f502934f30f 4 0 64 127
4 1 64 127
4 2 64 127
.63f50293de687 1 0 55 64
.63f5029424229 4 0 88 91
2 0 55 24
.63f50294eecff 1 0 67 64
.63f50294fb5b2 1 0 62 64
.63f502951e352 4 0 88 86
2 0 57 46
.63f5029529f67 1 0 60 64
.63f5029588ca8 1 0 51 64
.63f50295f6ee2 1 0 48 64
.63f50295f757b 4 0 88 97
2 0 59 43
.63f5029601843 1 0 57 64
.63f502970da68 4 0 88 122
2 0 31 25
.63f5029711dc4 4 0 88 111
2 0 60 74
.63f5029719079 4 0 64 0
4 1 64 0
4 2 64 0
.63f502971b782 1 0 59 64
.63f50297b22e3 4 0 88 56
2 0 59 55
.63f50297c6d98 1 0 60 64
.63f50297edf44 4 0 88 10
2 0 57 64
.63f50297f2a97 1 0 59 64
.63f502981fa43 4 0 88 50
2 0 59 54
.63f5029832c99 1 0 57 64
.63f5029842f8f 4 0 88 79
2 0 60 69
.63f50298441e8 1 0 59 64
.63f5029862aee 4 0 88 46
2 0 59 52
.63f502986a734 1 0 60 64
.63f502987f76c 4 0 88 59
2 0 60 67
.63f5029883a77 1 0 59 64
.63f5029893d53 4 0 88 119
2 0 59 70
.63f5029897753 1 0 60 64
.63f50298a83ba 1 0 59 64
.63f50298aac1f 4 0 88 11
2 0 60 81
.63f50298ba65d 1 0 60 64
.63f50298bf282 4 0 88 108
2 0 59 46
.63f50298c9e46 4 0 88 110
2 0 60 91
.63f50298d0bc2 1 0 59 64
.63f50298d99a6 1 0 60 64
.63f50298dc500 4 0 88 67
2 0 59 50
.63f50299f58b3 4 0 64 127
4 1 64 127
4 2 64 127
.63f5029a2b517 1 0 59 64
.63f5029ab3b23 4 0 88 72
2 0 57 41
.63f5029ab4068 4 0 88 2
2 0 54 38
.63f5029abfb20 4 0 64 0
4 1 64 0
4 2 64 0
.63f5029ac7b46 1 0 55 64
.63f5029d5722c 1 0 31 64
.63f5029dd759a 1 0 43 64
.63f5029ddfca6 4 0 88 37
2 0 31 27
.63f5029e0a196 4 0 88 23
2 0 50 49
.63f5029e15714 1 0 54 64
.63f5029e6732d 4 0 88 80
2 0 55 48
.63f5029e72dd7 1 0 57 64
.63f5029edc47c 4 0 88 35
2 0 59 42
.63f502a2ae328 4 0 64 127
4 1 64 127
4 2 64 127
.63f502a61385c 1 0 50 64
.63f502a6147d5 1 0 31 64
.63f502a615039 1 0 55 64
.63f502a615f6f 1 0 59 64
.63f502aa94d5e 4 0 88 108
2 0 50 22
.63f502aaf6062 4 0 88 110
2 0 57 25
.63f502ab090aa 1 0 50 64
.63f502ab177e7 1 0 57 64
.63f502ac307e1 4 0 88 24
2 0 50 38
.63f502ac5ca8e 4 0 88 120
2 0 57 49
.63f502ac8b6af 1 0 50 64
.63f502ac907ef 4 0 88 93
2 0 62 47
.63f502ac9daee 1 0 57 64
.63f502aca1f3b 1 0 62 64
.63f502ae5092b 4 0 88 65
2 0 50 45
.63f502ae67336 4 0 88 8
2 0 57 77
.63f502ae69a1f 1 0 50 64
.63f502ae7cc83 4 0 88 68
2 0 62 81
.63f502ae8052c 1 0 57 64
.63f502ae8b8d0 1 0 62 64
.63f502af741c4 4 0 88 70
2 0 57 47
.63f502af83eb4 4 0 88 82
2 0 62 80
.63f502af87299 1 0 57 64
.63f502af93efe 1 0 62 64
.63f502af9b8bf 4 0 88 85
2 0 69 84
.63f502afafb8a 1 0 69 64
.63f502b031121 4 0 88 90
2 0 62 44
.63f502b04332f 1 0 62 64
.63f502b046512 4 0 88 118
2 0 69 64
.63f502b05af70 4 0 88 28
2 0 74 84
.63f502b06d5dd 1 0 69 64
.63f502b072a1f 1 0 74 64
.63f502b1cb935 4 0 88 41
2 0 69 51
.63f502b1e6650 4 0 88 91
2 0 74 55
.63f502b1fd93a 4 0 88 2
2 0 81 95
.63f502b1fe0fe 1 0 69 64
.63f502b204233 1 0 74 64
.63f502b21da61 1 0 81 64
.63f502b385374 4 0 88 18
2 0 74 37
.63f502b3b5c0b 4 0 88 43
2 0 81 46
.63f502b403324 4 0 88 38
2 0 86 38
.63f502b45dc07 1 0 74 64
.63f502b494520 1 0 81 64
.63f502b556f7f 1 0 86 64
.63f502b59a414 4 0 88 74
2 0 86 59
.63f502b61c289 4 0 88 54
2 0 81 41
.63f502b6414ae 1 0 86 64
.63f502b69c343 1 0 81 64
.63f502b6cf6af 4 0 88 77
2 0 86 43
.63f502b70b9c7 4 0 88 58
2 0 77 43
.63f502b72aaf0 1 0 86 64
.63f502b76fffc 1 0 77 64
.63f502b7be323 4 0 88 77
2 0 81 43
.63f502b7dd111 4 0 88 119
2 0 74 39
.63f502b7e56ea 1 0 81 64
.63f502b82ac37 1 0 74 64
.63f502b85aa6f 4 0 88 103
2 0 77 48
.63f502b87b4f9 1 0 77 64
.63f502b87c1d7 4 0 88 36
2 0 69 56
.63f502b8d3fa1 1 0 69 64
.63f502b8dbf0f 4 0 88 47
2 0 74 49
.63f502b90bdb0 4 0 88 10
2 0 65 48
.63f502b9145fe 1 0 74 64
.63f502b990966 4 0 88 58
2 0 69 43
.63f502b996abf 1 0 65 64
.63f502b9d2115 4 0 88 6
2 0 62 30
.63f502b9db78c 1 0 69 64
.63f502ba5c9ed 1 0 62 64
.63f502ba7041b 4 0 88 19
2 0 65 41
.63f502bac4b9d 4 0 88 10
2 0 57 48
.63f502bb2e3ab 1 0 57 64
.63f502bb3d7f5 4 0 88 113
2 0 62 67
.63f502bb8796e 1 0 62 64
.63f502bb92b24 4 0 88 42
2 0 61 42
.63f502bba51f7 1 0 61 64
.63f502bbaf722 4 0 88 63
2 0 62 64
.63f502bbcae48 1 0 62 64
.63f502bbcdf5e 4 0 88 65
2 0 61 47
.63f502bbe149e 1 0 61 64
.63f502bbe5217 4 0 88 24
2 0 62 80
.63f502bbf4964 1 0 62 64
.63f502bbf56be 4 0 88 117
2 0 61 61
.63f502bc02547 4 0 64 0
4 1 64 0
4 2 64 0
.63f502bc0b196 4 0 88 45
2 0 62 87
.63f502bc16329 1 0 61 64
.63f502bc4b900 4 0 64 127
4 1 64 127
4 2 64 127
.63f502bd6d4dc 1 0 65 64
.63f502bd71591 4 0 88 47
2 0 57 49
.63f502bd75344 1 0 62 64
.63f502bdb4d1e 4 0 88 19
2 0 53 52
.63f502bdc1ce9 1 0 57 64
.63f502bea7225 4 0 64 0
4 1 64 0
4 2 64 0
.63f502befc17c 4 0 64 127
4 1 64 127
4 2 64 127
.63f502c018440 4 0 88 8
2 0 57 44
.63f502c02976c 1 0 53 64
.63f502c07b50d 4 0 88 97
2 0 50 43
.63f502c165532 4 0 88 85
2 0 34 43
.63f502c170128 1 0 50 64
.63f502c17a080 4 0 88 46
2 0 49 73
.63f502c17acda 4 0 64 0
4 1 64 0
4 2 64 0
.63f502c28b525 4 0 64 127
4 1 64 127
4 2 64 127
.63f502c2dd631 1 0 57 64
.63f502c300298 4 0 88 87
2 0 57 72
.63f502c31b962 1 0 49 64
.63f502c32e26c 1 0 57 64
.63f502c36a39d 4 0 88 47
2 0 57 47
.63f502c37dba7 1 0 57 64
.63f502c388f7c 4 0 88 126
2 0 55 32
.63f502c38f200 4 0 88 13
2 0 57 85
.63f502c39010d 4 0 64 0
4 1 64 0
4 2 64 0
.63f502c3abe35 1 0 57 64
.63f502c445c4f 4 0 64 127
4 1 64 127
4 2 64 127
.63f502c589028 4 0 88 72
2 0 49 85
.63f502c5985ae 1 0 34 64
.63f502c5bd87f 4 0 88 120
2 0 55 12
.63f502c613f3b 4 0 88 84
2 0 50 93
.63f502c615d21 4 0 88 92
2 0 46 44
.63f502c6179b4 4 0 64 0
4 1 64 0
4 2 64 0
.63f502c6180d2 4 0 88 1
2 0 34 44
.63f502c619043 1 0 49 64
.63f502c6b2ecd 4 0 64 127
4 1 64 127
4 2 64 127
.63f502c6bea2d 4 0 64 0
4 1 64 0
4 2 64 0
.63f502c6c47a3 4 0 64 127
4 1 64 127
4 2 64 127
.63f502c70662b 1 0 46 64
.63f502c70c84a 1 0 34 64
.63f502c74d53a 1 0 55 64
1 0 55 64
.63f502c7d7b79 4 0 88 70
2 0 55 85
.63f502c804327 1 0 50 64
.63f502c805080 4 0 88 127
2 0 33 61
.63f502c806c4d 4 0 64 0
4 1 64 0
4 2 64 0
.63f502c81f17b 4 0 88 80
2 0 49 82
.63f502c9145fb 4 0 64 127
4 1 64 127
4 2 64 127
.63f502c92f1fa 1 0 49 64
.63f502c93d6ba 1 0 55 64
.63f502c9779e4 4 0 88 70
2 0 55 47
.63f502c979273 4 0 88 66
2 0 57 58
.63f502c99a581 1 0 57 64
.63f502c9a5752 1 0 55 64
.63f502c9dc627 4 0 88 55
2 0 55 74
.63f502c9fd584 4 0 88 118
2 0 53 64
.63f502c9fdf11 1 0 55 64
.63f502ca0bad4 4 0 88 33
2 0 55 88
.63f502ca0d48f 1 0 53 64
.63f502ca1053b 4 0 64 0
4 1 64 0
4 2 64 0
.63f502ca1edae 4 0 88 38
2 0 53 79
.63f502ca2d6ca 1 0 55 64
.63f502ca4519f 4 0 64 127
4 1 64 127
4 2 64 127
.63f502cbec7a6 4 0 88 14
2 0 49 89
.63f502cc287ff 1 0 33 64
.63f502cc835e9 4 0 64 0
4 1 64 0
4 2 64 0
.63f502cc86096 4 0 88 119
2 0 33 70
4 0 88 97
2 0 50 92
.63f502cc90c3a 1 0 49 64
.63f502cd09558 1 0 53 64
.63f502cd15e45 4 0 64 127
4 1 64 127
4 2 64 127
.63f502cd218e1 4 0 64 0
4 1 64 0
4 2 64 0
.63f502cd2d4ac 4 0 64 127
4 1 64 127
4 2 64 127
.63f502ce0f08b 4 0 88 39
2 0 53 92
.63f502ce37a23 1 0 33 64
.63f502ce69bfa 4 0 64 0
4 1 64 0
4 2 64 0
.63f502ce6dbb9 4 0 88 73
2 0 31 56
.63f502ce8a7bd 1 0 50 64
.63f502ce97197 4 0 88 20
2 0 46 86
.63f502cf7751e 4 0 64 127
4 1 64 127
4 2 64 127
.63f502cfb4f22 1 0 46 64
.63f502cfbe023 1 0 53 64
.63f502d0056d3 4 0 88 116
2 0 53 86
.63f502d040225 1 0 53 64
.63f502d079ed1 4 0 88 38
2 0 53 79
.63f502d093400 4 0 88 118
2 0 52 50
.63f502d0956c8 1 0 53 64
.63f502d0a35e2 4 0 88 127
2 0 53 73
.63f502d0a511c 4 0 64 0
4 1 64 0
4 2 64 0
.63f502d0ab716 1 0 52 64
.63f502d0b3c58 4 0 88 45
2 0 52 87
.63f502d0bd5d3 1 0 53 64
.63f502d1cd05a 4 0 64 127
4 1 64 127
4 2 64 127
.63f502d29aaaa 4 0 88 25
2 0 46 83
.63f502d2f8f8a 1 0 31 64
.63f502d31efde 1 0 46 64
.63f502d320d72 4 0 64 0
4 1 64 0
4 2 64 0
.63f502d323b5b 4 0 88 47
2 0 31 71
.63f502d32da49 4 0 88 125
2 0 48 81
.63f502d3b07eb 4 0 64 127
4 1 64 127
4 2 64 127
.63f502d404749 1 0 52 64
.63f502d4cc4e6 4 0 88 72
2 0 52 94
.63f502d4ce69a 4 0 88 104
2 0 36 71
.63f502d4eb6b6 1 0 31 64
.63f502d56637d 4 0 88 79
2 0 29 69
.63f502d56f39f 1 0 36 64
.63f502d59121d 4 0 64 0
4 1 64 0
4 2 64 0
4 0 88 41
2 0 45 83
.63f502d59cb07 1 0 48 64
.63f502d68145a 4 0 64 127
4 1 64 127
4 2 64 127
.63f502d69afcf 1 0 52 64
.63f502d72664c 4 0 88 97
2 0 52 92
.63f502d7821b4 1 0 52 64
.63f502d7b12bb 1 0 29 64
.63f502d7da1be 4 0 88 45
2 0 29 87
.63f502d7fd1fa 4 0 88 70
2 0 41 85
.63f502d804d1f 4 0 88 94
2 0 52 97
.63f502d842a88 4 0 88 14
2 0 50 94
.63f502d84e4e5 1 0 52 64
.63f502d858fa2 4 0 64 0
4 1 64 0
4 2 64 0
.63f502d86342e 4 0 88 112
2 0 52 82
.63f502d865ccd 1 0 50 64
.63f502d87656e 4 0 88 28
2 0 50 84
.63f502d8872c7 1 0 52 64
.63f502d998602 4 0 64 127
4 1 64 127
4 2 64 127
.63f502d998956 1 0 45 64
.63f502d9c91e4 4 0 88 95
2 0 45 75
.63f502d9d2386 4 0 88 21
2 0 47 39
.63f502d9e39ff 1 0 47 64
.63f502da1be0b 1 0 29 64
.63f502da459f6 4 0 88 53
2 0 29 91
.63f502da4b100 4 0 64 0
4 1 64 0
4 2 64 0
.63f502da4ed86 1 0 41 64
.63f502da606ad 1 0 45 64
.63f502da6189b 4 0 88 62
2 0 46 91
.63f502da7ed66 1 0 50 64
.63f502db466c4 4 0 88 97
2 0 48 92
.63f502dbf9d4b 4 0 88 78
2 0 50 89
.63f502dc00b5b 1 0 48 64
.63f502dc077e4 4 0 88 65
2 0 41 57
.63f502dc32db1 1 0 29 64
.63f502dc48ed1 4 0 64 127
4 1 64 127
4 2 64 127
.63f502dd3f0b4 1 0 41 64
.63f502dd44153 4 0 88 24
2 0 28 80
.63f502dd53330 4 0 88 85
2 0 43 84
.63f502dd56441 1 0 46 64
.63f502dd5c4b9 4 0 64 0
4 1 64 0
4 2 64 0
.63f502de13176 1 0 50 64
.63f502de3643c 4 0 88 27
2 0 50 93
.63f502de460e4 1 0 43 64
.63f502de5b3e1 4 0 64 127
4 1 64 127
4 2 64 127
.63f502de9ea35 4 0 64 0
4 1 64 0
4 2 64 0
.63f502dea2537 4 0 88 97
2 0 52 65
.63f502dea7d88 1 0 50 64
.63f502ded4cec 4 0 88 58
2 0 53 86
.63f502deeecaf 1 0 52 64
.63f502df0f4a7 4 0 88 39
2 0 55 92
.63f502df18b7c 4 0 64 127
4 1 64 127
4 2 64 127
.63f502df1d0b8 1 0 53 64
.63f502df39375 4 0 88 105
2 0 57 101
.63f502df499db 1 0 55 64
.63f502df58094 1 0 28 64
.63f502df77aa5 4 0 88 53
2 0 28 62
.63f502df8b076 4 0 64 0
4 1 64 0
4 2 64 0
.63f502df97c85 4 0 88 85
2 0 58 92
.63f502dfa3e4b 1 0 57 64
.63f502e00e1df 4 0 88 11
2 0 55 81
.63f502e0595cf 4 0 88 55
2 0 53 82
.63f502e067824 1 0 55 64
.63f502e08705f 4 0 64 127
4 1 64 127
4 2 64 127
.63f502e088ac0 1 0 53 64
.63f502e088cfc 4 0 88 122
2 0 52 90
.63f502e09319f 1 0 58 64
.63f502e0aef06 4 0 88 116
2 0 50 86
.63f502e0b2f27 4 0 64 0
4 1 64 0
4 2 64 0
.63f502e0babd5 1 0 52 64
.63f502e0d1da8 4 0 88 25
2 0 49 83
.63f502e0d8c63 1 0 50 64
.63f502e0ece20 4 0 88 7
2 0 50 90
.63f502e0f1718 1 0 49 64
.63f502e10a4f3 4 0 88 14
2 0 52 94
.63f502e10fcd8 1 0 50 64
.63f502e125f07 4 0 88 94
2 0 53 97
.63f502e127c7d 1 0 52 64
.63f502e138ce4 1 0 53 64
.63f502e14148f 4 0 88 1
2 0 55 86
.63f502e15b235 4 0 88 39
2 0 57 92
.63f502e162271 1 0 55 64
.63f502e17d3f9 4 0 88 58
2 0 59 86
.63f502e18c503 1 0 57 64
.63f502e1af9ff 4 0 88 21
2 0 61 42
.63f502e1b06dd 4 0 88 109
2 0 60 107
.63f502e1bac8b 1 0 59 64
.63f502e1e7dad 1 0 61 64
.63f502e2013b9 4 0 88 24
2 0 40 66
.63f502e20c6fe 4 0 88 14
2 0 61 89
.63f502e20d179 1 0 28 64
.63f502e215f7f 1 0 60 64
.63f502e27ef1d 4 0 88 39
2 0 57 92
.63f502e2b9961 4 0 64 127
4 1 64 127
4 2 64 127
.63f502e2d3f2e 4 0 64 0
4 1 64 0
4 2 64 0
.63f502e2d6023 4 0 88 97
2 0 55 92
.63f502e2dbed4 1 0 57 64
.63f502e2fa584 1 0 61 64
.63f502e310153 4 0 88 20
2 0 53 89
.63f502e31cfd1 1 0 55 64
.63f502e323064 4 0 64 127
4 1 64 127
4 2 64 127
.63f502e338987 4 0 88 78
2 0 52 89
.63f502e34352e 4 0 64 0
4 1 64 0
4 2 64 0
.63f502e351986 1 0 53 64
.63f502e355e51 1 0 52 64
.63f502e357bbd 4 0 88 53
2 0 50 91
.63f502e385fa7 4 0 88 125
2 0 49 84
.63f502e38713e 1 0 50 64
.63f502e3b7611 4 0 88 117
2 0 50 100
.63f502e3bb547 1 0 49 64
.63f502e3d90e5 4 0 88 94
2 0 52 97
.63f502e3e0528 1 0 50 64
.63f502e3f9051 4 0 88 65
2 0 53 90
.63f502e3fdfed 1 0 52 64
.63f502e40b374 1 0 53 64
.63f502e412024 4 0 88 97
2 0 55 92
.63f502e42ac32 4 0 88 72
2 0 57 94
.63f502e4302ae 1 0 55 64
.63f502e4477af 4 0 88 7
2 0 59 90
.63f502e45476b 1 0 57 64
.63f502e45c952 4 0 64 127
4 1 64 127
4 2 64 127
.63f502e46841b 4 0 88 112
2 0 61 96
.63f502e471b4f 1 0 40 64
.63f502e47a889 1 0 59 64
.63f502e491512 4 0 88 106
2 0 40 62
.63f502e49a17c 4 0 64 0
4 1 64 0
4 2 64 0
.63f502e49e979 4 0 88 117
2 0 62 100
.63f502e4a9fe3 1 0 61 64
.63f502e4d28b8 4 0 88 60
2 0 57 95
.63f502e4da936 4 0 64 127
4 1 64 127
4 2 64 127
.63f502e4e09e6 1 0 62 64
.63f502e4ec96d 1 0 40 64
.63f502e512ef7 4 0 88 24
2 0 45 98
.63f502e51817c 4 0 64 0
4 1 64 0
4 2 64 0
.63f502e51bbd6 4 0 88 118
2 0 64 95
.63f502e528df2 1 0 57 64
.63f502e57af58 4 0 88 59
2 0 62 100
.63f502e599b20 1 0 64 64
.63f502e5b0351 4 0 88 48
2 0 61 84
.63f502e5cc345 1 0 62 64
.63f502e5da051 4 0 88 110
2 0 59 91
.63f502e5eb124 4 0 64 127
4 1 64 127
4 2 64 127
.63f502e5edfdd 1 0 61 64
.63f502e611e58 4 0 88 77
2 0 57 104
.63f502e61c322 1 0 59 64
.63f502e628968 4 0 64 0
4 1 64 0
4 2 64 0
.63f502e64e7e1 4 0 88 1
2 0 59 86
.63f502e65c3cd 1 0 57 64
.63f502e6733f3 4 0 88 80
2 0 61 82
.63f502e67a2e8 1 0 59 64
.63f502e6948a2 4 0 88 110
2 0 62 91
.63f502e694d87 1 0 61 64
.63f502e6ae231 4 0 88 65
2 0 64 90
.63f502e6b95f9 1 0 62 64
.63f502e6cb52f 4 0 88 110
2 0 65 91
.63f502e6d044e 1 0 64 64
.63f502e6ddb9c 1 0 65 64
.63f502e6ea7cb 4 0 88 21
2 0 65 55
.63f502e6eae03 4 0 88 116
2 0 67 54
.63f502e6f7b55 4 0 88 113
2 0 69 67
.63f502e6f8b30 1 0 65 64
.63f502e70dcfd 1 0 67 64
.63f502e714f91 4 0 88 65
2 0 71 90
.63f502e724bc3 1 0 69 64
.63f502e73a11c 4 0 88 40
2 0 73 80
.63f502e7476d7 1 0 71 64
.63f502e7700a8 4 0 88 72
2 0 74 94
.63f502e77e595 1 0 73 64
.63f502e79c26e 4 0 88 53
2 0 69 91
.63f502e7a9a3c 1 0 74 64
.63f502e7d08c3 4 0 88 118
2 0 76 95
.63f502e7db6fa 1 0 69 64
.63f502e80a1a6 4 0 88 13
2 0 74 99
.63f502e82cab5 1 0 76 64
.63f502e833093 4 0 88 25
2 0 73 83
.63f502e840118 1 0 74 64
.63f502e853870 4 0 88 111
2 0 74 74
.63f502e855316 1 0 73 64
.63f502e858ee7 4 0 88 25
2 0 72 40
.63f502e86c365 1 0 72 64
.63f502e8765bf 4 0 88 97
2 0 76 92
.63f502e882b4c 1 0 74 64
.63f502e89a2d7 4 0 88 94
2 0 77 97
.63f502e8a3b70 1 0 76 64
.63f502e8be45f 4 0 88 60
2 0 79 95
.63f502e8ca41f 1 0 77 64
.63f502e8eb9d5 4 0 88 107
2 0 81 96
.63f502e8fa4dd 1 0 79 64
.63f502e92194e 4 0 88 7
2 0 77 90
.63f502e9544ad 4 0 88 58
2 0 74 86
.63f502e9638cd 1 0 77 64
.63f502e9974ea 4 0 88 24
2 0 77 98
.63f502e9a3020 1 0 74 64
.63f502e9a92f8 1 0 81 64
.63f502e9e3e18 4 0 88 2
2 0 71 95
.63f502e9f418c 1 0 77 64
.63f502ea36648 4 0 88 57
2 0 73 94
.63f502ea62714 1 0 71 64
.63f502ea96874 4 0 64 127
4 1 64 127
4 2 64 127
.63f502ea9a3e1 4 0 88 35
2 0 74 102
.63f502eaaa3fb 1 0 73 64
.63f502eacb403 4 0 64 0
4 1 64 0
4 2 64 0
.63f502ead0dfd 4 0 88 96
2 0 68 104
.63f502eae2b20 4 0 64 127
4 1 64 127
4 2 64 127
.63f502eaf00c7 1 0 45 64
1 0 68 64
.63f502eaf2b5f 1 0 74 64
.63f502eb2f544 4 0 88 111
2 0 45 74
.63f502eb48132 4 0 88 14
2 0 57 94
.63f502eb4f165 4 0 64 0
4 1 64 0
4 2 64 0
.63f502eb9ac6d 4 0 88 84
2 0 83 93
.63f502ebe1a9c 4 0 88 13
2 0 81 85
.63f502ebebdc9 1 0 83 64
.63f502ebfe5da 4 0 88 58
2 0 83 86
.63f502ec01b3b 1 0 81 64
.63f502ec18597 4 0 88 95
2 0 81 75
.63f502ec215ce 1 0 83 64
.63f502ec2f7b0 4 0 88 78
2 0 83 89
.63f502ec3bb5b 4 0 88 53
2 0 81 62
.63f502ec3e564 1 0 83 64
.63f502ec521bb 4 0 88 27
2 0 83 93
.63f502ec5dee3 1 0 81 64
1 0 81 64
.63f502ed2bad0 4 0 88 111
2 0 74 74
.63f502ed664ca 4 0 88 48
2 0 76 96
.63f502ed856da 1 0 74 64
.63f502edb1737 4 0 88 127
2 0 74 73
.63f502edbabe6 4 0 88 68
2 0 77 81
.63f502edc4124 1 0 76 64
.63f502eec7285 4 0 64 127
4 1 64 127
4 2 64 127
.63f502ef17527 1 0 83 64
.63f502ef213bb 1 0 74 64
.63f502ef24e6b 1 0 77 64
.63f502efa5fac 4 0 88 73
2 0 68 78
.63f502eff47ed 1 0 45 64
.63f502f0205c7 4 0 88 24
2 0 45 57
.63f502f03df92 4 0 64 0
4 1 64 0
4 2 64 0
.63f502f04aaf3 4 0 88 55
2 0 69 82
.63f502f0500bf 1 0 68 64
.63f502f0528b2 4 0 88 67
2 0 61 60
.63f502f146c74 4 0 88 84
2 0 64 63
.63f502f1516c9 4 0 64 127
4 1 64 127
4 2 64 127
.63f502f15d1a9 4 0 64 0
4 1 64 0
4 2 64 0
.63f502f15e04b 1 0 61 64
.63f502f168cbd 4 0 64 127
4 1 64 127
4 2 64 127
.63f502f181f31 1 0 64 64
.63f502f1cdfda 4 0 88 126
2 0 61 51
.63f502f244499 1 0 57 64
.63f502f284ca9 4 0 88 65
2 0 57 45
.63f502f30db54 1 0 45 64
.63f502f36608a 1 0 57 64
.63f502f36f830 1 0 61 64
.63f502f395517 1 0 69 64
.63f502f457b32 4 0 88 55
2 0 46 45
.63f502f45c048 4 0 88 107
2 0 58 41
.63f502f45fa9a 4 0 64 0
4 1 64 0
4 2 64 0
.63f502f474fc6 4 0 88 19
2 0 70 79
.63f502f479039 4 0 88 84
2 0 67 63
.63f502f47a05a 4 0 88 96
2 0 64 60
.63f502f4c1471 4 0 88 85
2 0 69 84
.63f502f4c8628 1 0 70 64
.63f502f4e77c6 4 0 88 93
2 0 70 79
.63f502f4f16f4 1 0 69 64
.63f502f4feb43 4 0 88 41
2 0 69 83
.63f502f50ccff 1 0 70 64
.63f502f51bf97 4 0 88 43
2 0 70 87
.63f502f524b19 1 0 69 64
.63f502f531385 4 0 88 90
2 0 69 88
.63f502f5372c8 1 0 70 64
.63f502f56c2ec 4 0 88 107
2 0 70 76
.63f502f5794ec 1 0 69 64
.63f502f61d177 4 0 64 127
4 1 64 127
4 2 64 127
.63f502f61d822 1 0 67 64
.63f502f650190 1 0 64 64
.63f502f68bc07 1 0 70 64
.63f502f69131d 4 0 88 103
2 0 67 87
.63f502f6966f0 1 0 58 64
.63f502f6aef44 1 0 46 64
.63f502f6afb9d 1 0 67 64
.63f502f6e12a5 4 0 88 65
2 0 57 90
.63f502f6e41fc 4 0 88 38
2 0 45 79
.63f502f6ed1af 4 0 64 0
4 1 64 0
4 2 64 0
.63f502f6fadc7 4 0 88 8
2 0 67 77
.63f502f6fd715 4 0 88 117
2 0 61 61
.63f502f705d1e 4 0 88 120
2 0 64 51
.63f502f71ce7d 4 0 88 65
2 0 65 77
.63f502f721ce4 1 0 67 64
.63f502f723f98 1 0 64 64
.63f502f73a083 4 0 88 63
2 0 67 64
.63f502f73eae8 4 0 88 55
2 0 64 38
.63f502f7480d3 1 0 65 64
.63f502f7a8a99 4 0 64 127
4 1 64 127
4 2 64 127
.63f502f7b50c6 1 0 67 64
.63f502f7e149c 1 0 64 64
.63f502f7f9847 4 0 88 2
2 0 69 95
.63f502f7fbd4f 1 0 61 64
.63f502f807207 1 0 57 64
.63f502f81054f 1 0 45 64
.63f502f8400c6 4 0 88 55
2 0 43 74
.63f502f84c72c 4 0 88 23
2 0 55 76
.63f502f84fa11 4 0 64 0
4 1 64 0
4 2 64 0
.63f502f854126 4 0 88 72
2 0 62 94
.63f502f8548b2 4 0 88 116
2 0 65 86
.63f502f85dd23 1 0 69 64
.63f502f8e5155 4 0 64 127
4 1 64 127
4 2 64 127
.63f502f91e508 1 0 62 64
.63f502f9f5f9d 4 0 88 7
2 0 57 90
.63f502fb01a0a 4 0 88 33
2 0 61 76
.63f502fb672b2 4 0 88 48
2 0 62 96
.63f502fb7185c 1 0 61 64
.63f502fb7888a 1 0 65 64
.63f502fb95ceb 1 0 55 64
.63f502fba3953 4 0 88 83
2 0 64 98
.63f502fbade16 1 0 62 64
.63f502fbae789 1 0 43 64
.63f502fbc8018 1 0 57 64
.63f502fbec7e4 4 0 88 24
2 0 41 80
.63f502fbf1588 4 0 88 109
2 0 53 78
.63f502fbf4fbd 4 0 88 116
2 0 44 27
.63f502fbf946d 4 0 64 0
4 1 64 0
4 2 64 0
.63f502fc0aee2 1 0 44 64
.63f502fc13472 4 0 88 118
2 0 65 95
.63f502fc184a8 4 0 88 68
2 0 57 81
.63f502fc1a606 4 0 88 113
2 0 61 63
.63f502fc1e3eb 1 0 64 64
.63f502fc79811 4 0 88 109
2 0 64 78
.63f502fc82414 1 0 65 64
.63f502fc9f4fb 4 0 88 111
2 0 65 74
.63f502fca32f3 4 0 64 127
4 1 64 127
4 2 64 127
.63f502fca5b4d 1 0 64 64
.63f502fcbbc39 4 0 88 53
2 0 64 62
.63f502fcc6f2c 1 0 65 64
.63f502fcd8590 4 0 88 111
2 0 65 74
.63f502fcde4b7 1 0 64 64
.63f502fcebfc9 4 0 88 55
2 0 64 74
.63f502fcf2b86 1 0 65 64
.63f502fcfb14f 1 0 64 64
.63f502fcfe949 4 0 88 83
2 0 65 98
.63f502fd00f09 4 0 64 0
4 1 64 0
4 2 64 0
.63f502fd14d38 4 0 88 4
2 0 64 67
.63f502fd1aa77 1 0 65 64
.63f502fd954dd 1 0 61 64
.63f502fdaa05b 4 0 88 47
2 0 62 101
.63f502fdadcd3 4 0 64 127
4 1 64 127
4 2 64 127
.63f502fdbc6ff 1 0 64 64
.63f502fdcfef3 1 0 53 64
.63f502fdf58a1 1 0 57 64
.63f502fe1a428 4 0 88 98
2 0 43 83
.63f502fe20f49 1 0 41 64
.63f502fe28e78 4 0 64 0
4 1 64 0
4 2 64 0
.63f502fe3ab43 4 0 88 55
2 0 55 74
.63f502fe43b55 1 0 62 64
.63f502fe59c36 4 0 88 93
2 0 58 79
.63f502fe8683c 4 0 88 100
2 0 61 83
.63f502fec4e76 4 0 88 27
2 0 62 93
.63f502fed359e 1 0 61 64
.63f502ff451ff 4 0 64 127
4 1 64 127
4 2 64 127
.63f502ff7091d 1 0 58 64
.63f502ff9021e 1 0 55 64
.63f502ffa1fcf 4 0 88 72
2 0 58 85
.63f503001465e 4 0 88 70
2 0 45 85
.63f50300180b3 4 0 64 0
4 1 64 0
4 2 64 0
.63f503001b3dd 1 0 43 64
.63f5030037605 4 0 88 87
2 0 52 103
.63f503010b472 4 0 64 127
4 1 64 127
4 2 64 127
.63f50301140bd 4 0 64 0
4 1 64 0
4 2 64 0
.63f503012e6fa 4 0 64 127
4 1 64 127
4 2 64 127
.63f503013a216 4 0 64 0
4 1 64 0
4 2 64 0
.63f503013c3bf 1 0 62 64
.63f5030145df4 4 0 64 127
4 1 64 127
4 2 64 127
.63f5030160408 4 0 64 0
4 1 64 0
4 2 64 0
.63f503016caf4 4 0 88 118
2 0 62 95
.63f5030177abe 4 0 64 127
4 1 64 127
4 2 64 127
.63f50301d2a72 4 0 88 127
2 0 46 77
.63f50301d6091 1 0 62 64
.63f50301db8ea 1 0 45 64
.63f50301e7079 4 0 64 0
4 1 64 0
4 2 64 0
.63f50301f5752 4 0 88 2
2 0 61 56
.63f50302bf19e 1 0 52 64
.63f50302fa737 4 0 64 127
4 1 64 127
4 2 64 127
.63f503030da2b 4 0 88 84
2 0 52 93
.63f5030336ec3 1 0 58 64
.63f50303f7a52 1 0 46 64
.63f50303fc6b2 1 0 52 64
.63f503040249a 4 0 88 55
2 0 57 82
.63f503040de41 4 0 64 0
4 1 64 0
4 2 64 0
.63f503040eee7 4 0 88 2
2 0 41 45
.63f5030553240 4 0 64 127
4 1 64 127
4 2 64 127
.63f5030563091 1 0 57 64
.63f50305a3cf0 4 0 88 43
2 0 49 87
.63f50305e361c 1 0 49 64
.63f503063ceaa 4 0 88 28
2 0 43 84
.63f503064bb03 1 0 41 64
.63f503064f166 4 0 64 0
4 1 64 0
4 2 64 0
.63f5030660a3b 4 0 88 96
2 0 50 102
.63f50306a16a6 1 0 61 64
.63f50306ea182 4 0 88 119
2 0 58 87
.63f503075978c 1 0 50 64
.63f50307659b8 4 0 88 107
2 0 57 96
.63f503077cd8e 1 0 58 64
.63f50307b5aeb 4 0 88 78
2 0 55 89
.63f50307d243a 1 0 57 64
.63f50307e84af 4 0 88 37
2 0 53 97
.63f50307eef4e 1 0 55 64
.63f503080d39b 4 0 88 0
2 0 52 100
.63f5030821aba 1 0 53 64
.63f503084715b 4 0 88 39
2 0 45 92
.63f5030849f82 4 0 64 127
4 1 64 127
4 2 64 127
.63f503084f194 1 0 43 64
.63f503087019b 4 0 64 0
4 1 64 0
4 2 64 0
.63f5030870e13 4 0 88 48
2 0 50 96
.63f5030879679 1 0 52 64
.63f50308ec9bd 4 0 88 85
2 0 49 92
.63f50308f3959 1 0 50 64
.63f5030938824 4 0 88 20
2 0 50 89
.63f5030940595 1 0 49 64
.63f5030966870 4 0 88 48
2 0 52 96
.63f5030975324 1 0 50 64
.63f50309ab454 4 0 88 39
2 0 53 92
.63f50309b5413 1 0 52 64
.63f50309ea8ae 4 0 88 118
2 0 50 95
.63f50309f6725 1 0 53 64
.63f5030a2c232 4 0 88 48
2 0 52 96
.63f5030a3b9e0 1 0 50 64
.63f5030a6545f 4 0 88 60
2 0 53 95
.63f5030a6f86c 1 0 52 64
.63f5030ab4426 4 0 64 127
4 1 64 127
4 2 64 127
.63f5030ae1486 1 0 45 64
.63f5030afef0a 4 0 88 55
2 0 45 74
.63f5030b0938d 4 0 64 0
4 1 64 0
4 2 64 0
.63f5030b18103 4 0 88 53
2 0 52 91
.63f5030b2646e 1 0 53 64
.63f5030b78c63 4 0 88 60
2 0 50 95
.63f5030b83826 1 0 52 64
.63f5030b99fcc 4 0 88 28
2 0 52 84
.63f5030ba181e 1 0 50 64
.63f5030bb905e 4 0 64 127
4 1 64 127
4 2 64 127
.63f5030bbeb00 4 0 88 68
2 0 50 81
.63f5030bc2e07 1 0 52 64
.63f5030bd3e4b 4 0 88 13
2 0 52 85
.63f5030bddc46 1 0 50 64
.63f5030beaeea 4 0 88 78
2 0 50 89
.63f5030bf4e92 1 0 52 64
.63f5030c00d84 1 0 50 64
4 0 88 48
2 0 52 96
.63f5030c0d9b1 1 0 52 64
.63f5030c0fe9c 4 0 88 72
2 0 50 94
.63f5030c27ae0 4 0 88 20
2 0 52 89
.63f5030c2c3d1 1 0 50 64
.63f5030c3415f 4 0 64 0
4 1 64 0
4 2 64 0
.63f5030c3ed4f 4 0 88 93
2 0 49 79
.63f5030c494a8 1 0 45 64
.63f5030d6aac8 4 0 64 127
4 1 64 127
4 2 64 127
.63f5030db41d1 4 0 88 122
2 0 50 90
.63f5030dbf9f1 4 0 64 0
4 1 64 0
4 2 64 0
.63f5030e39ea0 1 0 52 64
.63f5030e66a43 4 0 64 127
4 1 64 127
4 2 64 127
.63f5030eb0d02 1 0 50 64
.63f5030ec94a2 1 0 49 64
.63f5030f6b6a1 4 0 64 0
4 1 64 0
4 2 64 0
.63f5030f6d906 4 0 88 78
2 0 50 89
.63f5030f6f4f3 4 0 88 122
2 0 38 77
.63f503115a97d 4 0 64 127
4 1 64 127
4 2 64 127
.63f503117091a 4 0 88 45
2 0 45 87
.63f503117d53d 1 0 50 64
.63f50311be3c7 4 0 64 0
4 1 64 0
4 2 64 0
.63f50311d289d 4 0 88 45
2 0 48 87
.63f50311e2fa5 1 0 45 64
.63f5031300886 4 0 64 127
4 1 64 127
4 2 64 127
.63f503139ed90 1 0 48 64
.63f503139f154 1 0 38 64
.63f50313a6c10 4 0 88 109
2 0 45 78
.63f503145756c 4 0 64 0
4 1 64 0
4 2 64 0
.63f50314581df 4 0 88 1
2 0 62 86
.63f50314587be 4 0 88 33
2 0 46 76
.63f50314594a5 4 0 88 78
2 0 57 76
.63f503145a2f3 4 0 88 4
2 0 50 67
.63f503145ceb3 4 0 88 98
2 0 38 83
.63f50314692d8 1 0 45 64
.63f50315ab3ed 4 0 64 127
4 1 64 127
4 2 64 127
.63f50315dec87 1 0 50 64
.63f50315f94e8 1 0 57 64
.63f503160581b 1 0 62 64
.63f50316d9b58 4 0 88 78
2 0 43 89
.63f50316e86fd 1 0 46 64
.63f503174d06d 1 0 38 64
.63f503178d01b 4 0 88 19
2 0 38 52
.63f50317a5f34 4 0 88 46
2 0 46 73
.63f50317b16c4 1 0 43 64
.63f50317c3776 4 0 64 0
4 1 64 0
4 2 64 0
.63f50317cb856 4 0 88 87
2 0 57 72
.63f50317fa982 4 0 88 15
2 0 62 73
.63f5031849080 4 0 88 33
2 0 69 88
.63f503190b9bb 4 0 64 127
4 1 64 127
4 2 64 127
.63f5031a89c13 1 0 62 64
.63f5031aa0135 4 0 88 73
2 0 62 52
.63f5031b640f8 4 0 88 10
2 0 64 64
.63f5031bb0961 1 0 69 64
.63f5031c178d8 4 0 88 119
2 0 66 64
.63f5031c2ead7 1 0 64 64
.63f5031cad82c 1 0 46 64
.63f5031cb04e5 1 0 38 64
.63f5031cf7980 4 0 88 72
2 0 67 94
.63f5031d0a549 1 0 66 64
.63f5031da891c 1 0 62 64
.63f5031dcaaec 1 0 57 64
.63f5031ddc156 1 0 67 64
.63f5031e2b11c 4 0 88 127
2 0 50 48
.63f5031e2db07 4 0 88 110
2 0 67 91
.63f5031e2dd06 4 0 88 10
2 0 45 48
.63f5031e2eb60 4 0 88 63
2 0 62 64
.63f5031e30efc 4 0 88 31
2 0 38 37
.63f5031e33152 4 0 88 103
2 0 57 48
.63f5031e351a8 4 0 64 0
4 1 64 0
4 2 64 0
.63f5031e373e6 4 0 88 41
2 0 59 51
.63f5031e47a71 1 0 59 64
.63f5031ee1f62 4 0 88 91
2 0 66 89
.63f5031ef0114 1 0 67 64
.63f5031f33556 4 0 88 7
2 0 67 90
.63f5031f3f6a3 1 0 66 64
.63f5031f684aa 4 0 88 107
2 0 66 76
.63f5031f76bd1 1 0 67 64
.63f5031f8beee 4 0 88 111
2 0 67 74
.63f5031f97d5d 1 0 66 64
.63f5031fa8cb7 4 0 88 3
2 0 66 67
.63f5031fb6b2a 1 0 67 64
.63f5031fca437 4 0 88 122
2 0 67 77
.63f5031fd39ec 1 0 66 64
.63f5031fdfa8f 4 0 88 73
2 0 66 78
.63f5031fea760 1 0 67 64
.63f5031ffbfc8 4 0 88 23
2 0 67 76
.63f50320025b4 1 0 66 64
.63f503200f016 4 0 88 40
2 0 66 80
.63f5032016fe5 1 0 67 64
.63f5032028988 4 0 88 78
2 0 67 76
.63f5032030a05 1 0 66 64
.63f503203a40e 4 0 88 88
2 0 66 70
.63f503203b628 1 0 67 64
.63f503204b311 4 0 88 122
2 0 67 90
.63f503205d7ae 4 0 88 127
2 0 66 42
.63f50320692c7 1 0 67 64
.63f50322a4fcb 4 0 88 11
2 0 64 81
.63f50322b4062 1 0 66 64
1 0 66 64
.63f50322f32cd 4 0 88 125
2 0 66 84
.63f5032303a9b 1 0 64 64
.63f50328b6834 1 0 62 64
1 0 57 64
.63f50328b6b55 1 0 38 64
.63f50328b8c2b 1 0 66 64
.63f50328ba4b7 1 0 45 64
.63f50328bbaf2 1 0 50 64
.63f50329fc131 4 0 64 127
4 1 64 127
4 2 64 127
.63f5032df7b67 4 0 64 0
4 1 64 0
4 2 64 0
.63f5032e0ac63 4 0 88 5
2 0 62 32
.63f5032ef0405 4 0 88 47
2 0 69 47
.63f5032f0816b 1 0 62 64
.63f5032fce42c 4 0 88 64
2 0 70 37
.63f5032fdb58a 1 0 69 64
.63f50330a709a 4 0 88 65
2 0 67 46
.63f50330b30f6 1 0 70 64
.63f5033187866 4 0 88 108
2 0 65 46
.63f503319635a 1 0 67 64
.63f50331fabff 4 0 88 18
2 0 67 54
.63f503320ac75 1 0 65 64
.63f50332736ac 4 0 88 111
2 0 69 40
.63f503328b5c1 1 0 67 64
.63f50332cc3af 4 0 64 127
4 1 64 127
4 2 64 127
.63f50332f229a 1 0 69 64
.63f5033361b50 4 0 88 92
2 0 62 37
.63f503337c0bb 4 0 64 0
4 1 64 0
4 2 64 0
.63f5033387bcd 4 0 64 127
4 1 64 127
4 2 64 127
.63f50333f8b11 1 0 62 64
.63f5033550d6b 4 0 64 0
4 1 64 0
4 2 64 0
.63f5033555b9a 4 0 88 73
2 0 57 56
.63f5033642238 4 0 88 51
2 0 64 78
.63f503369edf0 4 0 64 127
4 1 64 127
4 2 64 127
.63f503371fc43 4 0 64 0
4 1 64 0
4 2 64 0
.63f5033728c9c 4 0 88 28
2 0 65 59
.63f50337392a5 1 0 64 64
.63f5033745dc9 4 0 64 127
4 1 64 127
4 2 64 127
.63f503380b5dd 4 0 88 36
2 0 62 56
.63f5033816e9c 1 0 65 64
.63f503383158f 1 0 57 64
.63f50338d74dc 4 0 64 0
4 1 64 0
4 2 64 0
.63f50338daeac 4 0 88 97
2 0 69 65
.63f50338dbe49 4 0 88 59
2 0 60 67
.63f50338df92b 1 0 62 64
.63f503394cf4a 4 0 88 121
2 0 62 59
.63f503395aa44 1 0 60 64
.63f50339cfdf2 4 0 88 104
2 0 64 32
.63f50339e55f8 1 0 62 64
.63f5033adcb05 1 0 64 64
.63f5033adfba4 1 0 69 64
.63f5033ae0a6b 4 0 88 43
2 0 76 46
.63f5033ae68b5 4 0 88 0
2 0 60 53
.63f5033be1aed 4 0 88 74
2 0 57 61
.63f5033befc89 1 0 60 64
.63f5033c2bf0d 4 0 64 127
4 1 64 127
4 2 64 127
.63f5033c91288 1 0 57 64
.63f5033cc1606 4 0 64 0
4 1 64 0
4 2 64 0
.63f5033cc568f 4 0 88 24
2 0 74 66
.63f5033cc763b 4 0 88 80
2 0 55 48
.63f5033cca6f4 1 0 76 64
.63f5033d2f318 4 0 88 119
2 0 57 70
.63f5033d41035 1 0 55 64
.63f5033da46fa 4 0 88 37
2 0 58 47
.63f5033db553c 1 0 57 64
.63f5033ea1f05 4 0 88 118
2 0 67 64
.63f5033eae30b 1 0 58 64
.63f5033eb11da 4 0 88 47
2 0 53 29
.63f5033eb437d 4 0 88 48
2 0 52 31
.63f5033ec67e7 1 0 53 64
.63f5033f9d3e4 4 0 88 104
2 0 49 53
.63f5033fb3904 1 0 52 64
.63f5033ffe989 4 0 64 127
4 1 64 127
4 2 64 127
.63f50340380c9 1 0 67 64
.63f5034070916 4 0 88 91
2 0 50 55
.63f5034073d8b 1 0 49 64
.63f5034085625 4 0 64 0
4 1 64 0
4 2 64 0
.63f5034088413 4 0 88 116
2 0 69 86
.63f503408888d 4 0 88 99
2 0 65 52
.63f503409a99e 1 0 74 64
.63f50340f8970 4 0 88 39
2 0 64 75
.63f5034108a83 1 0 65 64
.63f5034176608 4 0 88 0
2 0 65 53
.63f5034187789 1 0 64 64
.63f5034248866 1 0 69 64
.63f50342546da 4 0 88 78
2 0 67 76
.63f503425cca4 4 0 88 84
2 0 57 93
.63f5034266ef2 1 0 65 64
.63f503426ac37 1 0 50 64
.63f503433091e 4 0 88 10
2 0 62 64
.63f503441b29e 4 0 88 64
2 0 58 66
.63f503441ea4c 4 0 88 125
2 0 61 65
.63f503442baae 1 0 57 64
.63f503442fa52 1 0 62 64
.63f50344f9e33 4 0 88 55
2 0 62 82
.63f503450b063 1 0 67 64
.63f50345bcaf7 4 0 88 113
2 0 64 67
.63f50345c05fb 4 0 88 111
2 0 55 58
.63f50345c75f4 1 0 62 64
.63f50345c98a7 1 0 58 64
.63f5034646fcf 1 0 61 64
.63f503469497f 4 0 88 125
2 0 61 84
.63f50346eb453 4 0 64 127
4 1 64 127
4 2 64 127
.63f5034751cfe 4 0 64 0
4 1 64 0
4 2 64 0
.63f503475cef6 4 0 88 32
2 0 53 63
.63f503475e815 4 0 88 78
2 0 62 89
.63f503476225e 1 0 55 64
.63f503476e6dd 1 0 64 64
.63f503477170f 1 0 61 64
.63f50347c8296 4 0 88 11
2 0 55 81
.63f50347de356 1 0 53 64
.63f5034846f64 4 0 88 109
2 0 57 78
.63f503485a3cd 1 0 55 64
.63f50349265ae 4 0 88 47
2 0 64 71
.63f5034932df0 1 0 62 64
.63f50349fae7e 4 0 88 55
2 0 53 82
.63f5034a0e984 1 0 57 64
.63f5034a3fe83 4 0 64 127
4 1 64 127
4 2 64 127
.63f5034ac9a08 4 0 64 0
4 1 64 0
4 2 64 0
.63f5034ad1ccf 4 0 88 63
2 0 65 64
.63f5034ad87cf 1 0 64 64
.63f5034ad8a71 4 0 88 72
2 0 50 94
.63f5034adecfe 1 0 53 64
.63f5034ba59a8 4 0 88 116
2 0 57 86
.63f5034c17a7c 4 0 64 127
4 1 64 127
4 2 64 127
.63f5034c6e1f4 4 0 88 10
2 0 48 64
.63f5034c72173 4 0 88 79
2 0 62 69
.63f5034c74c4b 1 0 50 64
.63f5034c756e0 4 0 64 0
4 1 64 0
4 2 64 0
.63f5034c7c563 1 0 65 64
.63f5034d4ca26 4 0 88 24
2 0 55 80
.63f5034d684ea 1 0 57 64
.63f5034db1dee 4 0 64 127
4 1 64 127
4 2 64 127
.63f5034e050b1 4 0 88 8
2 0 53 70
.63f5034e07824 4 0 88 33
2 0 46 54
.63f5034e09a9e 1 0 55 64
.63f5034e0be73 1 0 48 64
.63f5034e128e9 4 0 64 0
4 1 64 0
4 2 64 0
.63f5034e76374 4 0 88 55
2 0 55 82
.63f5034e87fbb 1 0 53 64
.63f5034ee5278 4 0 88 14
2 0 57 94
.63f5034ef3f00 1 0 55 64
.63f5034f48f87 1 0 62 64
.63f5034fba061 4 0 88 8
2 0 61 47
.63f50350a11ec 4 0 88 38
2 0 55 79
.63f50350aedab 1 0 57 64
.63f50350c8f95 4 0 64 127
4 1 64 127
4 2 64 127
.63f503511bd5f 1 0 61 64
.63f5035167317 4 0 64 0
4 1 64 0
4 2 64 0
.63f503516e7ee 4 0 88 74
2 0 45 59
.63f503516eb5d 4 0 88 110
2 0 62 91
.63f50351716d3 4 0 88 85
2 0 53 84
.63f5035174eb0 1 0 55 64
.63f5035175325 1 0 46 64
.63f503524ac46 4 0 88 33
2 0 60 88
.63f503524d17a 4 0 88 53
2 0 52 62
.63f503525ec89 1 0 53 64
.63f5035260090 1 0 62 64
.63f50353253f0 4 0 88 55
2 0 50 74
.63f5035328073 4 0 88 8
2 0 59 77
.63f503532a577 1 0 52 64
.63f5035332d66 1 0 60 64
.63f50353ef43c 4 0 88 121
2 0 52 59
.63f50353f4410 4 0 88 41
2 0 60 83
.63f50353f8af3 1 0 50 64
.63f5035403d43 1 0 59 64
.63f5035459370 4 0 88 78
2 0 57 89
.63f503545b212 4 0 88 41
2 0 48 83
.63f50354625ce 1 0 52 64
.63f503546e5fe 1 0 60 64
.63f503547efee 1 0 45 64
.63f503548a08c 4 0 64 127
4 1 64 127
4 2 64 127
.63f50354da50f 4 0 88 127
2 0 47 73
.63f50354e1fb1 1 0 48 64
.63f50354e4d95 4 0 64 0
4 1 64 0
4 2 64 0
.63f50354f4121 4 0 88 80
2 0 56 82
.63f50354f5170 1 0 57 64
.63f503557b29e 4 0 88 14
2 0 50 94
.63f503558537a 1 0 47 64
.63f50355e02e6 4 0 88 65
2 0 48 90
.63f50355f0362 1 0 50 64
.63f5035632f7f 4 0 88 35
2 0 47 102
.63f5035638bf2 4 0 64 127
4 1 64 127
4 2 64 127
.63f503564a110 1 0 48 64
.63f503569e9f4 4 0 88 78
2 0 52 89
.63f50356adf39 4 0 64 0
4 1 64 0
4 2 64 0
.63f50356b29a5 1 0 56 64
.63f50356b9d5f 1 0 47 64
.63f503577277c 4 0 88 25
2 0 56 83
.63f503577382e 4 0 88 70
2 0 60 85
.63f503577df1f 1 0 52 64
.63f50357d6e2e 4 0 88 105
2 0 57 101
.63f50357ee076 1 0 56 64
.63f5035849f9c 4 0 88 87
2 0 62 72
.63f503584ed6d 4 0 88 119
2 0 59 70
.63f5035855a1b 1 0 60 64
.63f5035857774 1 0 57 64
.63f50358aa05b 4 0 88 103
2 0 60 87
.63f50358b0201 4 0 88 58
2 0 57 86
.63f50358b2c06 1 0 62 64
.63f50358b8345 1 0 59 64
.63f503591af32 4 0 88 125
2 0 62 81
.63f503591b61b 4 0 88 83
2 0 59 54
.63f503592ce7e 1 0 57 64
.63f503592e503 1 0 60 64
.63f5035975fa7 4 0 64 127
4 1 64 127
4 2 64 127
.63f5035992877 1 0 62 64
.63f50359f4e5d 4 0 88 33
2 0 71 88
.63f5035acc70b 4 0 88 58
2 0 64 86
.63f5035accc04 4 0 64 0
4 1 64 0
4 2 64 0
.63f5035b33fb7 4 0 88 107
2 0 62 96
.63f5035b3c1a2 4 0 64 127
4 1 64 127
4 2 64 127
.63f5035b3cc1e 1 0 64 64
.63f5035b6f302 1 0 62 64
.63f5035b86af8 1 0 59 64
.63f5035bb1038 4 0 88 20
2 0 60 89
.63f5035bba190 4 0 64 0
4 1 64 0
4 2 64 0
.63f5035be0370 4 0 64 127
4 1 64 127
4 2 64 127
.63f5035c73342 4 0 88 110
2 0 62 91
.63f5035c770e7 4 0 88 110
2 0 59 91
.63f5035c78894 4 0 64 0
4 1 64 0
4 2 64 0
.63f5035c7b9ce 1 0 60 64
.63f5035cf97e5 4 0 64 127
4 1 64 127
4 2 64 127
.63f5035d3ce05 4 0 64 0
4 1 64 0
4 2 64 0
.63f5035d43eaa 4 0 88 60
2 0 64 95
.63f5035d466ea 4 0 88 41
2 0 57 83
.63f5035d4b353 1 0 59 64
.63f5035d4fde7 1 0 62 64
.63f5035e129c9 4 0 88 97
2 0 55 92
.63f5035e18381 1 0 57 64
.63f5035ed1f4c 4 0 88 42
2 0 57 60
.63f5035ed61fb 4 0 88 11
2 0 53 81
.63f5035ed93c0 1 0 55 64
.63f5035fa5347 4 0 88 2
2 0 62 95
.63f5035fad4bd 1 0 64 64
.63f5035fd3689 1 0 71 64
.63f5035ff0640 4 0 64 127
4 1 64 127
4 2 64 127
.63f5036062a45 4 0 64 0
4 1 64 0
4 2 64 0
.63f503606637e 4 0 88 125
2 0 69 81
.63f503606bee1 4 0 88 60
2 0 52 95
.63f5036074b8d 1 0 53 64
.63f5036136d6d 4 0 88 116
2 0 64 86
.63f5036137600 1 0 62 64
.63f503619e141 4 0 88 13
2 0 62 99
.63f50361a6c44 1 0 64 64
.63f50361c245c 4 0 64 127
4 1 64 127
4 2 64 127
.63f5036209a90 4 0 88 1
2 0 64 86
.63f50362115a5 4 0 64 0
4 1 64 0
4 2 64 0
.63f5036221b41 1 0 62 64
.63f503622bbb8 4 0 64 127
4 1 64 127
4 2 64 127
.63f503626c377 1 0 69 64
.63f50362de7b4 4 0 64 0
4 1 64 0
4 2 64 0
.63f50362dfe9f 4 0 88 33
2 0 66 93
.63f50362f36a4 1 0 64 64
.63f5036349682 4 0 88 105
2 0 67 101
.63f503635c39b 1 0 66 64
.63f503636539a 4 0 64 127
4 1 64 127
4 2 64 127
.63f50363b74b4 4 0 64 0
4 1 64 0
4 2 64 0
.63f50363bfd95 4 0 88 58
2 0 65 86
.63f50363c3c3b 4 0 88 58
2 0 50 86
.63f50363cb1f2 1 0 52 64
.63f50363f23c6 1 0 67 64
.63f50364950f7 4 0 88 7
2 0 64 90
.63f503649d885 4 0 88 91
2 0 49 89
.63f50364a877f 1 0 65 64
.63f50364aaa9e 1 0 50 64
.63f50364f6aab 4 0 64 127
4 1 64 127
4 2 64 127
.63f503654b7de 1 0 57 64
.63f5036553011 4 0 88 1
2 0 62 86
.63f5036554b3d 4 0 88 20
2 0 65 89
.63f5036555f13 4 0 88 38
2 0 47 79
.63f503655aebd 1 0 49 64
.63f503655de21 1 0 64 64
.63f5036565ff5 4 0 64 0
4 1 64 0
4 2 64 0
.63f50365bcf7f 4 0 88 38
2 0 49 99
.63f50365d2e93 1 0 47 64
.63f503662d136 4 0 88 28
2 0 50 84
.63f503662fe57 4 0 88 85
2 0 64 84
.63f5036633bfa 1 0 49 64
.63f5036634b47 1 0 65 64
.63f50366ab41d 4 0 64 127
4 1 64 127
4 2 64 127
.63f50366b6326 1 0 62 64
.63f5036701847 4 0 88 57
2 0 44 94
.63f50367031ef 4 0 64 0
4 1 64 0
4 2 64 0
.63f50367034ed 4 0 88 58
2 0 59 86
.63f503670a6e2 1 0 50 64
.63f50367c0f36 4 0 88 23
2 0 62 49
.63f50367c50fb 1 0 64 64
.63f50367ca6ba 4 0 88 110
2 0 65 91
.63f503681e470 4 0 88 7
2 0 64 90
.63f503682e0bf 1 0 62 64
.63f503682f36d 1 0 65 64
.63f5036836c6a 4 0 64 127
4 1 64 127
4 2 64 127
.63f50368761f2 1 0 44 64
.63f5036884c51 4 0 88 48
2 0 65 96
.63f503688cc0c 4 0 88 64
2 0 44 66
.63f503688f75f 1 0 64 64
.63f5036891986 4 0 64 0
4 1 64 0
4 2 64 0
.63f503693eb94 4 0 88 27
2 0 62 93
.63f5036996695 4 0 64 127
4 1 64 127
4 2 64 127
.63f50369d61e5 1 0 65 64
.63f50369e587b 4 0 64 0
4 1 64 0
4 2 64 0
.63f50369ea17b 4 0 88 32
2 0 64 72
.63f50369ec963 4 0 88 125
2 0 43 81
.63f50369f3441 1 0 44 64
.63f5036ab2d38 4 0 88 60
2 0 60 95
.63f5036abc7ac 1 0 59 64
.63f5036ac8094 1 0 62 64
.63f5036b192b2 4 0 88 97
2 0 59 92
.63f5036b253a6 1 0 60 64
.63f5036b42363 4 0 64 127
4 1 64 127
4 2 64 127
.63f5036b55ee3 1 0 43 64
.63f5036b7c062 4 0 88 23
2 0 43 76
.63f5036b7c5f4 4 0 88 27
2 0 60 93
.63f5036b85264 1 0 59 64
.63f5036b85a28 4 0 64 0
4 1 64 0
4 2 64 0
.63f5036bf1666 4 0 88 34
2 0 58 96
.63f5036bfe0fe 1 0 60 64
.63f5036c1df99 4 0 64 127
4 1 64 127
4 2 64 127
.63f5036c55a24 4 0 64 0
4 1 64 0
4 2 64 0
.63f5036c59d12 4 0 88 71
2 0 57 99
.63f5036c60ce2 1 0 58 64
.63f5036ccdc30 4 0 64 127
4 1 64 127
4 2 64 127
.63f5036cedefa 1 0 57 64
.63f5036d4477a 4 0 88 119
2 0 41 70
.63f5036d45587 4 0 88 125
2 0 54 84
.63f5036d45dd0 4 0 64 0
4 1 64 0
4 2 64 0
.63f5036d494a3 1 0 43 64
.63f5036df3433 1 0 64 64
.63f5036e07a6b 4 0 88 90
2 0 62 88
.63f5036e5954e 4 0 64 127
4 1 64 127
4 2 64 127
.63f5036e625cd 4 0 88 53
2 0 60 91
.63f5036e6f102 1 0 62 64
.63f5036e9dab5 1 0 54 64
.63f5036ece89a 4 0 64 0
4 1 64 0
4 2 64 0
.63f5036ed10f7 4 0 88 82
2 0 62 80
.63f5036ed1c06 4 0 88 123
2 0 54 47
.63f5036ed2618 4 0 88 45
2 0 40 87
.63f5036ed9ba0 1 0 60 64
.63f5036ee10fe 1 0 41 64
.63f5036f56cb0 4 0 88 96
2 0 63 86
.63f5036f620fd 1 0 62 64
.63f5036fb45a6 4 0 88 28
2 0 62 84
.63f5036fc9305 1 0 63 64
.63f5036ffc551 4 0 64 127
4 1 64 127
4 2 64 127
.63f503700ab7c 4 0 88 33
2 0 60 88
.63f5037019e81 1 0 62 64
.63f503703998b 1 0 54 64
.63f503706bb69 4 0 88 59
2 0 39 56
.63f503706dc1f 1 0 40 64
.63f503706e8d0 4 0 64 0
4 1 64 0
4 2 64 0
.63f50370746fe 4 0 88 58
2 0 59 86
.63f503707c4d1 1 0 60 64
.63f50370dd7fc 4 0 88 2
2 0 60 95
.63f50370f2e79 1 0 59 64
.63f5037144e0b 4 0 88 110
2 0 62 91
.63f503714e349 1 0 60 64
.63f50371a8e91 4 0 88 125
2 0 56 84
.63f50371c2787 4 0 64 127
4 1 64 127
4 2 64 127
.63f50371e6720 1 0 39 64
.63f503721439e 4 0 88 53
2 0 55 91
.63f50372147a9 4 0 64 0
4 1 64 0
4 2 64 0
.63f5037215da4 4 0 88 80
2 0 39 82
.63f503721cb37 1 0 56 64
.63f50372e5253 4 0 88 114
2 0 56 90
.63f50372e91d2 1 0 55 64
.63f503734dcea 4 0 88 20
2 0 55 89
.63f503735d558 1 0 56 64
.63f50373ae054 4 0 88 72
2 0 53 94
.63f50373b1a02 4 0 64 127
4 1 64 127
4 2 64 127
.63f50373bb6d7 1 0 55 64
.63f50373cce16 1 0 39 64
.63f50373eb704 1 0 53 64
.63f503741a6ce 4 0 88 110
2 0 36 91
.63f503741b1a1 4 0 64 0
4 1 64 0
4 2 64 0
.63f503741b6be 4 0 88 80
2 0 51 82
.63f5037499255 4 0 64 127
4 1 64 127
4 2 64 127
.63f50375058c1 4 0 64 0
4 1 64 0
4 2 64 0
.63f5037509198 4 0 88 70
2 0 60 85
.63f5037513d15 4 0 88 46
2 0 44 57
.63f503751da1b 1 0 62 64
.63f503752a3bc 1 0 36 64
.63f503757fe4d 4 0 88 59
2 0 59 67
.63f5037583b6b 1 0 60 64
.63f503758c561 4 0 64 127
4 1 64 127
4 2 64 127
.63f50375e72bc 4 0 64 0
4 1 64 0
4 2 64 0
.63f50375ebd35 4 0 88 58
2 0 60 86
.63f50375ee0f0 4 0 88 127
2 0 43 73
.63f50375efb1f 1 0 59 64
.63f50375fac26 1 0 44 64
.63f503769ad0d 1 0 51 64
.63f50376a7df7 4 0 88 46
2 0 56 73
.63f50376aca36 4 0 88 18
2 0 41 104
.63f50376bc8e2 1 0 43 64
.63f5037776b52 1 0 56 64
.63f503777ab3a 4 0 88 32
2 0 55 72
.63f5037791ead 4 0 88 8
2 0 40 105
.63f503779e7e5 1 0 41 64
.63f50377ebb61 4 0 88 83
2 0 41 98
4 0 88 80
2 0 56 82
.63f50377fbb5d 1 0 40 64
.63f50377fc337 1 0 55 64
.63f5037856420 1 0 60 64
.63f50378587b4 4 0 88 37
2 0 43 97
.63f50378597c8 4 0 88 88
2 0 58 70
.63f5037864a47 1 0 41 64
.63f503786a0f6 1 0 56 64
.63f5037910242 4 0 88 14
2 0 49 89
.63f503797b20e 4 0 88 60
2 0 55 95
.63f50379e1525 4 0 88 35
2 0 53 102
.63f50379e93a8 1 0 55 64
.63f5037a4376c 4 0 88 65
2 0 55 77
.63f5037a4b7b9 1 0 43 64
.63f5037a56581 1 0 53 64
.63f5037a60d40 4 0 64 127
4 1 64 127
4 2 64 127
.63f5037a6d5bd 1 0 58 64
.63f5037ab027e 4 0 88 72
2 0 56 85
.63f5037ab1a73 4 0 88 67
2 0 41 50
.63f5037ab56c4 4 0 88 97
2 0 43 43
.63f5037abe95e 4 0 64 0
4 1 64 0
4 2 64 0
.63f5037ac29d8 1 0 55 64
.63f5037acc3a0 1 0 43 64
.63f5037b33d71 4 0 88 112
2 0 55 82
.63f5037b5365d 1 0 56 64
.63f5037b942e0 4 0 88 2
2 0 53 95
.63f5037b9cebe 1 0 55 64
.63f5037bf20c1 4 0 88 65
2 0 52 90
.63f5037c03d2f 4 0 64 127
4 1 64 127
4 2 64 127
.63f5037c0426d 1 0 53 64
.63f5037c2adb7 1 0 41 64
.63f5037c4a265 4 0 64 0
4 1 64 0
4 2 64 0
.63f5037c4f2d7 4 0 88 114
2 0 44 90
.63f5037c539c7 4 0 88 118
2 0 53 95
.63f5037c5d28b 1 0 49 64
.63f5037c6362a 1 0 52 64
.63f5037cbfcf0 4 0 88 58
2 0 55 86
.63f5037cd0c20 1 0 53 64
.63f5037d1c0b2 4 0 88 72
2 0 56 85
.63f5037d210cd 4 0 88 117
2 0 48 100
.63f5037d26031 1 0 55 64
.63f5037d329e4 1 0 44 64
.63f5037d7d132 4 0 88 97
2 0 53 92
.63f5037d874f6 1 0 56 64
.63f5037d953ac 4 0 64 127
4 1 64 127
4 2 64 127
.63f5037ded229 4 0 64 0
4 1 64 0
4 2 64 0
.63f5037df0c5e 4 0 88 100
2 0 58 83
.63f5037df4040 4 0 88 108
2 0 46 93
.63f5037dfc4fd 1 0 53 64
.63f5037e03333 1 0 48 64
.63f5037e693e5 4 0 88 125
2 0 56 84
.63f5037e7efe1 1 0 58 64
.63f5037ec8278 4 0 88 95
2 0 55 79
.63f5037ede838 1 0 56 64
.63f5037f2bcb0 4 0 88 2
2 0 53 95
.63f5037f3e0c6 1 0 55 64
.63f5037f8db0e 4 0 88 14
2 0 52 94
.63f5037f98437 1 0 53 64
.63f5037fe84a2 4 0 88 66
2 0 49 88
.63f5037fff4eb 1 0 46 64
.63f5038049918 4 0 88 20
2 0 48 89
.63f503805b938 1 0 49 64
.63f50380ad4a5 4 0 88 62
2 0 46 91
.63f50380bf4d5 1 0 48 64
.63f50380d2719 4 0 64 127
4 1 64 127
4 2 64 127
.63f503811afa5 1 0 52 64
.63f5038121887 4 0 88 105
2 0 48 101
.63f503812a58a 4 0 64 0
4 1 64 0
4 2 64 0
.63f503813195f 1 0 46 64
.63f503818b421 4 0 88 1
2 0 59 86
.63f50381f2d5b 4 0 88 87
2 0 52 103
4 0 88 7
2 0 60 90
.63f5038200be4 1 0 59 64
.63f50382048a2 1 0 48 64
.63f5038250e45 4 0 88 45
2 0 62 87
.63f503825b810 1 0 60 64
.63f50382ba65a 4 0 88 48
2 0 55 96
.63f50382bdf2e 4 0 88 89
2 0 61 54
.63f50382c50e5 1 0 52 64
.63f503833726e 1 0 62 64
.63f503838b8c0 4 0 88 85
2 0 56 92
.63f503839c9a9 1 0 55 64
.63f503843b99c 4 0 64 127
4 1 64 127
4 2 64 127
.63f5038459a10 4 0 88 53
2 0 60 91
.63f5038464465 4 0 88 98
2 0 55 83
.63f50384671d6 1 0 61 64
.63f503846b2f4 1 0 56 64
.63f5038479215 4 0 64 0
4 1 64 0
4 2 64 0
.63f50384c16ee 4 0 88 38
2 0 56 99
.63f50384da89a 1 0 55 64
.63f503852a9a7 4 0 88 96
2 0 58 86
.63f50385410ae 1 0 56 64
.63f503858bd91 4 0 88 47
2 0 64 71
.63f50385f0a95 4 0 88 68
2 0 65 81
.63f50385fd4ae 1 0 64 64
.63f5038655865 1 0 60 64
.63f50386572c5 4 0 88 14
2 0 61 89
.63f503865fe5d 1 0 58 64
.63f50386bf812 4 0 88 28
2 0 60 84
.63f50386ca5fd 1 0 61 64
.63f5038720737 4 0 88 40
2 0 58 80
.63f5038731da5 1 0 60 64
.63f5038789274 4 0 88 103
2 0 57 87
.63f5038796729 1 0 58 64
.63f50387f1016 4 0 88 119
2 0 64 70
.63f5038801b65 1 0 65 64
.63f503885be7f 4 0 88 83
2 0 65 98
.63f50388648db 1 0 64 64
.63f50388bc546 4 0 88 7
2 0 67 90
.63f50388cfc04 1 0 65 64
.63f503892214c 4 0 88 67
2 0 58 60
.63f5038923f2f 4 0 88 103
2 0 62 87
.63f50389254b9 4 0 88 87
2 0 68 75
.63f503892cca6 1 0 57 64
.63f5038930dea 1 0 67 64
.63f50389a5c6f 4 0 88 98
2 0 67 83
.63f50389c7563 1 0 68 64
.63f50389fbc01 4 0 88 97
2 0 65 92
.63f5038a054ab 1 0 67 64
.63f5038a409d8 1 0 62 64
.63f5038a5c099 4 0 88 70
2 0 64 85
.63f5038a63f18 4 0 64 127
4 1 64 127
4 2 64 127
.63f5038a6f959 1 0 65 64
.63f5038ab8ee3 4 0 64 0
4 1 64 0
4 2 64 0
.63f5038abcb9f 1 0 58 64
.63f5038ac072c 4 0 88 28
2 0 65 84
.63f5038ac0e7b 4 0 88 64
2 0 62 70
.63f5038ac1599 4 0 88 67
2 0 59 50
.63f5038ace5f8 1 0 64 64
.63f5038b2364d 4 0 88 68
2 0 67 81
.63f5038b2f5f1 1 0 65 64
.63f5038b85890 4 0 88 72
2 0 68 85
.63f5038b903f3 1 0 67 64
.63f5038baa382 1 0 62 64
.63f5038bfab52 4 0 88 24
2 0 65 98
.63f5038c5de01 4 0 88 33
2 0 63 76
.63f5038c6b3cf 1 0 65 64
.63f5038cbedaf 4 0 88 11
2 0 62 81
.63f5038cc38a3 1 0 63 64
.63f5038ce1ecb 1 0 59 64
.63f5038ce88d0 4 0 64 127
4 1 64 127
4 2 64 127
.63f5038d1e890 4 0 88 33
2 0 67 88
.63f5038d1f726 4 0 88 70
2 0 60 85
.63f5038d2aed9 1 0 68 64
.63f5038d31ce9 4 0 64 0
4 1 64 0
4 2 64 0
.63f5038d32f4e 1 0 62 64
.63f5038d86559 4 0 88 14
2 0 59 94
.63f5038d94aa7 1 0 60 64
.63f5038e00a97 4 0 88 1
2 0 63 46
.63f5038e085bf 4 0 88 41
2 0 60 51
.63f5038e12750 1 0 59 64
.63f5038e7be27 4 0 88 11
2 0 65 81
.63f5038e8a34a 1 0 67 64
.63f5038ed773a 4 0 88 78
2 0 67 89
.63f5038edc9d4 1 0 65 64
.63f5038f2338f 1 0 60 64
.63f5038f35e74 4 0 88 72
2 0 69 94
.63f5038f9a04d 4 0 88 70
2 0 62 85
.63f5038f9b451 4 0 88 122
2 0 71 90
.63f5038fa172c 1 0 63 64
.63f5038fa1c8c 1 0 67 64
.63f5038faaf3e 1 0 69 64
.63f5038fffda9 4 0 88 116
2 0 67 86
.63f503900cfd8 1 0 71 64
.63f50390674da 4 0 88 41
2 0 69 83
.63f503907e6bc 1 0 67 64
.63f50390c88fd 4 0 88 110
2 0 71 91
.63f50390e2bda 1 0 69 64
.63f5039133c04 4 0 88 14
2 0 68 69
.63f50391375fe 4 0 88 67
2 0 63 60
.63f503913e660 4 0 88 20
2 0 72 89
.63f503914103e 1 0 62 64
.63f503914f427 1 0 71 64
.63f50391a812c 4 0 88 53
2 0 67 91
.63f50391aa698 4 0 88 13
2 0 71 99
.63f50391b7f3b 1 0 68 64
.63f50391bc0ed 1 0 72 64
.63f5039221c68 4 0 88 45
2 0 72 87
.63f50392245c5 4 0 88 69
2 0 68 67
.63f5039228700 1 0 67 64
.63f5039233079 1 0 71 64
.63f50392a76e0 4 0 88 63
2 0 65 64
.63f50392b51cd 1 0 63 64
.63f50392bd802 1 0 68 64
.63f5039308eb2 4 0 88 57
2 0 63 65
.63f5039315868 1 0 65 64
.63f503936e17d 4 0 88 33
2 0 62 88
.63f503937917e 1 0 63 64
.63f50393cb406 4 0 88 51
2 0 60 78
.63f50393cefa7 4 0 88 110
2 0 74 91
.63f50393d6dd7 1 0 62 64
.63f50393e3399 1 0 72 64
.63f50394389da 4 0 88 84
2 0 62 93
.63f5039440db2 1 0 60 64
.63f503949b822 4 0 88 109
2 0 59 78
.63f50394a4f70 1 0 62 64
.63f503950867d 4 0 88 33
2 0 62 88
.63f5039513d2d 1 0 59 64
.63f50395671ea 4 0 88 110
2 0 67 91
.63f503956b9ba 4 0 88 55
2 0 60 82
.63f5039574ffa 1 0 62 64
.63f50395c02b5 1 0 74 64
.63f50395c6629 4 0 88 1
2 0 59 86
.63f50395c7564 4 0 64 127
4 1 64 127
4 2 64 127
.63f50395cca24 1 0 67 64
.63f50395d8c4f 1 0 60 64
.63f503962425d 4 0 88 20
2 0 57 89
.63f503962ddb7 1 0 59 64
.63f5039636b7f 4 0 88 71
2 0 77 99
.63f50396399c6 4 0 64 0
4 1 64 0
4 2 64 0
.63f503969a4fc 4 0 88 14
2 0 60 94
.63f50396a70ea 1 0 57 64
.63f50396fcb9d 4 0 88 95
2 0 59 75
.63f503970b3e1 1 0 60 64
.63f50397548fd 4 0 88 59
2 0 57 100
.63f503976690f 1 0 59 64
.63f50397be039 4 0 88 65
2 0 59 90
.63f50397c8f8e 1 0 57 64
.63f503981ee1d 4 0 88 48
2 0 62 96
.63f5039828cb3 1 0 59 64
.63f503987f51c 4 0 88 15
2 0 65 73
.63f503987ffd4 4 0 88 72
2 0 71 94
.63f503988f06b 1 0 62 64
.63f50398dbf2e 4 0 88 25
2 0 68 83
.63f50398f0024 1 0 65 64
.63f5039945d33 4 0 88 28
2 0 67 59
.63f503994b8db 4 0 88 0
2 0 74 106
.63f503994db90 1 0 68 64
.63f5039963066 1 0 77 64
.63f50399b8606 4 0 88 13
2 0 65 85
.63f50399cdc24 1 0 67 64
.63f5039a1c84a 4 0 88 107
2 0 63 76
.63f5039a3386b 1 0 65 64
.63f5039a7ea1b 4 0 88 58
2 0 62 86
.63f5039a84d7b 1 0 63 64
.63f5039af2853 4 0 88 58
2 0 63 61
.63f5039af5379 4 0 88 127
2 0 60 73
.63f5039af7bdf 1 0 62 64
.63f5039afd465 4 0 88 55
2 0 73 46
.63f5039b08cba 1 0 71 64
.63f5039b16daf 1 0 73 64
.63f5039b6ee69 4 0 88 11
2 0 59 81
.63f5039b7d434 1 0 60 64
.63f5039be3202 4 0 88 20
2 0 60 89
.63f5039be97cd 4 0 88 63
2 0 67 64
.63f5039bebe35 1 0 59 64
.63f5039c2473b 1 0 74 64
.63f5039c5c29f 4 0 64 127
4 1 64 127
4 2 64 127
.63f5039cb0359 4 0 88 112
2 0 72 82
.63f5039cb115e 4 0 64 0
4 1 64 0
4 2 64 0
.63f5039cb5b23 4 0 88 0
2 0 48 100
.63f5039cbd5a9 1 0 60 64
.63f5039d6891a 1 0 67 64
.63f5039d85e44 4 0 88 62
2 0 70 91
.63f5039d96177 1 0 72 64
.63f5039dcd564 4 0 64 127
4 1 64 127
4 2 64 127
.63f5039de654f 1 0 63 64
.63f5039e3c387 4 0 88 21
2 0 68 70
.63f5039e428c2 4 0 88 112
2 0 55 82
4 0 64 0
4 1 64 0
4 2 64 0
.63f5039e4fffe 1 0 70 64
.63f5039ec32a4 4 0 88 78
2 0 67 66
.63f5039ec3e7f 4 0 88 15
2 0 72 73
.63f5039ecf874 1 0 68 64
.63f5039f23d77 4 0 88 112
2 0 65 82
.63f5039f303d3 1 0 67 64
.63f5039f81dba 4 0 88 64
2 0 63 66
.63f5039f87c20 4 0 64 127
4 1 64 127
4 2 64 127
.63f5039f97af6 1 0 65 64
.63f5039fddee6 1 0 72 64
.63f5039fdfa13 4 0 64 0
4 1 64 0
4 2 64 0
.63f5039fe20e2 4 0 88 13
2 0 65 85
.63f5039ff4ba8 1 0 63 64
.63f5039ffa04b 4 0 64 127
4 1 64 127
4 2 64 127
.63f503a03fa5d 4 0 88 117
2 0 62 100
.63f503a04a31b 1 0 65 64
.63f503a071b97 1 0 55 64
.63f503a09bdbf 4 0 88 114
2 0 63 80
.63f503a09de5a 4 0 88 57
2 0 56 94
.63f503a0acd00 4 0 64 0
4 1 64 0
4 2 64 0
.63f503a106e28 4 0 88 110
2 0 65 91
.63f503a118c52 1 0 63 64
.63f503a162430 4 0 88 68
2 0 67 81
.63f503a1709f1 1 0 65 64
.63f503a1b79a2 4 0 88 25
2 0 68 83
.63f503a1c426f 1 0 67 64
.63f503a21626f 4 0 88 87
2 0 67 72
.63f503a2174f7 4 0 88 98
2 0 53 83
.63f503a21e1b0 1 0 56 64
.63f503a22f8d1 1 0 62 64
.63f503a23438c 1 0 68 64
.63f503a2707f3 4 0 88 116
2 0 65 86
.63f503a289a66 1 0 67 64
.63f503a2cf717 4 0 88 33
2 0 63 76
.63f503a2edfd9 1 0 65 64
.63f503a32fb05 4 0 88 48
2 0 62 96
.63f503a331649 4 0 64 127
4 1 64 127
4 2 64 127
.63f503a3393da 1 0 63 64
.63f503a38274f 4 0 88 84
2 0 67 63
.63f503a386679 4 0 88 118
2 0 60 95
.63f503a38c401 4 0 64 0
4 1 64 0
4 2 64 0
.63f503a392c80 1 0 62 64
.63f503a3dd7cc 4 0 88 45
2 0 59 87
.63f503a3e5512 1 0 60 64
.63f503a3efdd9 4 0 64 127
4 1 64 127
4 2 64 127
.63f503a44029e 4 0 88 14
2 0 60 94
.63f503a44311a 4 0 88 39
2 0 51 90
.63f503a448640 1 0 59 64
.63f503a44b39a 1 0 53 64
.63f503a4508bc 4 0 64 0
4 1 64 0
4 2 64 0
.63f503a4a2009 4 0 88 27
2 0 53 103
.63f503a4b33a9 1 0 51 64
.63f503a5113d8 4 0 88 58
2 0 55 86
.63f503a522b64 1 0 53 64
.63f503a569c41 4 0 88 93
2 0 56 79
.63f503a57c1ba 1 0 67 64
.63f503a5a1d2f 4 0 88 87
2 0 60 19
.63f503a5d69e5 4 0 88 55
2 0 65 74
.63f503a638b42 4 0 88 48
2 0 53 96
.63f503a649e76 1 0 55 64
.63f503a699fec 4 0 88 19
2 0 51 79
.63f503a69c6dc 4 0 88 52
2 0 63 64
.63f503a6a6490 1 0 53 64
1 0 65 64
.63f503a6aee56 1 0 48 64
.63f503a6fc852 4 0 88 65
2 0 50 77
.63f503a70dca5 1 0 51 64
.63f503a715fbf 1 0 60 64
1 0 60 64
.63f503a73ea44 4 0 64 127
4 1 64 127
4 2 64 127
.63f503a741e5c 1 0 56 64
.63f503a762a66 4 0 88 48
2 0 48 96
.63f503a765982 4 0 88 32
2 0 53 63
.63f503a76858b 4 0 88 111
2 0 55 58
.63f503a76bd57 1 0 50 64
.63f503a770746 4 0 64 0
4 1 64 0
4 2 64 0
.63f503a77739c 1 0 55 64
.63f503a7ccc15 4 0 88 120
2 0 56 73
.63f503a7e8a2f 1 0 53 64
.63f503a82a783 4 0 88 85
2 0 55 84
.63f503a842b52 1 0 56 64
.63f503a85dc64 4 0 64 127
4 1 64 127
4 2 64 127
.63f503a885a00 4 0 88 27
2 0 53 93
.63f503a89050b 1 0 55 64
.63f503a899a44 1 0 63 64
.63f503a8df0f9 4 0 88 112
2 0 62 82
.63f503a8e38af 4 0 88 7
2 0 46 95
.63f503a8e4856 4 0 64 0
4 1 64 0
4 2 64 0
.63f503a8ebd62 1 0 53 64
.63f503a8ece94 1 0 48 64
.63f503a948359 4 0 88 35
2 0 53 102
.63f503a9a1f1c 4 0 88 27
2 0 55 93
.63f503a9b2b2e 1 0 53 64
.63f503aa01886 4 0 88 43
2 0 56 87
.63f503aa1040e 1 0 55 64
.63f503aa1b237 4 0 64 127
4 1 64 127
4 2 64 127
.63f503aa5bf9d 4 0 88 127
2 0 44 60
.63f503aa5f2cd 4 0 88 96
2 0 51 86
.63f503aa61d0c 1 0 46 64
.63f503aa6d2fb 1 0 56 64
.63f503aa73084 4 0 64 0
4 1 64 0
4 2 64 0
.63f503aadd397 4 0 88 78
2 0 50 89
.63f503aaeceae 1 0 51 64
.63f503ab36a30 4 0 88 107
2 0 48 96
.63f503ab48add 1 0 50 64
.63f503ab9235b 4 0 88 76
2 0 46 34
.63f503ab934cd 4 0 88 116
2 0 47 53
.63f503ab97850 1 0 48 64
.63f503abc8533 1 0 46 64
.63f503abee9df 4 0 88 48
2 0 48 96
.63f503abf829b 1 0 47 64
.63f503ac536d7 4 0 88 53
2 0 60 91
.63f503ac71625 1 0 62 64
.63f503acae96f 4 0 88 70
2 0 59 85
.63f503acb451d 4 0 88 116
2 0 56 99
.63f503acba736 1 0 60 64
.63f503ad09e65 4 0 88 41
2 0 60 108
.63f503ad101ae 1 0 59 64
.63f503ad17e8f 4 0 64 127
4 1 64 127
4 2 64 127
.63f503ad19b29 1 0 48 64
.63f503ad29ae7 1 0 44 64
.63f503ad4747f 1 0 56 64
.63f503ad6ade3 4 0 88 118
2 0 62 95
.63f503ad6b1ce 4 0 88 65
2 0 55 90
.63f503ad6bcef 4 0 88 60
2 0 43 95
.63f503ad75ab6 4 0 64 0
4 1 64 0
4 2 64 0
.63f503ad7cbff 1 0 60 64
.63f503add453b 4 0 88 24
2 0 65 80
.63f503adec764 1 0 62 64
.63f503ae29e2b 4 0 88 91
2 0 63 89
.63f503ae4c1a2 1 0 65 64
.63f503ae6bcbd 4 0 64 127
4 1 64 127
4 2 64 127
.63f503ae80864 4 0 88 84
2 0 62 93
.63f503ae8fa00 1 0 63 64
.63f503aea42aa 1 0 43 64
.63f503aed66a4 4 0 88 79
2 0 67 69
.63f503aedb1e0 4 0 64 0
4 1 64 0
4 2 64 0
.63f503aedb935 4 0 88 80
2 0 43 48
.63f503aede75e 4 0 88 95
2 0 59 79
.63f503aee05b6 1 0 62 64
.63f503af07634 1 0 55 64
.63f503af48b80 4 0 88 14
2 0 65 94
.63f503af61f97 1 0 67 64
.63f503af9e472 4 0 88 25
2 0 63 83
.63f503afbf11c 1 0 65 64
.63f503afc5802 4 0 64 127
4 1 64 127
4 2 64 127
.63f503afed7b9 1 0 59 64
.63f503aff6fb9 4 0 88 107
2 0 62 96
.63f503b00777d 1 0 43 64
.63f503b00ad8a 1 0 63 64
.63f503b05de71 4 0 64 0
4 1 64 0
4 2 64 0
.63f503b05f71e 4 0 88 123
2 0 42 48
.63f503b060f96 4 0 88 33
2 0 51 58
.63f503b06341c 4 0 88 24
2 0 60 98
.63f503b06a83a 1 0 62 64
.63f503b0d54e5 4 0 88 33
2 0 59 88
.63f503b0ecb55 1 0 60 64
.63f503b131ddc 4 0 88 78
2 0 57 89
.63f503b14130e 1 0 59 64
.63f503b18bbbb 4 0 88 90
2 0 55 88
.63f503b195a08 1 0 57 64
.63f503b1ea4f1 4 0 88 118
2 0 57 95
.63f503b1fce72 1 0 55 64
.63f503b1fdeff 4 0 64 127
4 1 64 127
4 2 64 127
.63f503b209ad4 4 0 64 0
4 1 64 0
4 2 64 0
.63f503b215650 4 0 64 127
4 1 64 127
4 2 64 127
.63f503b24bcc5 4 0 88 13
2 0 60 99
.63f503b257b0a 1 0 57 64
.63f503b263f29 1 0 51 64
.63f503b265c02 1 0 42 64
.63f503b2aa4bb 4 0 88 72
2 0 42 85
.63f503b2aacaf 4 0 88 78
2 0 59 89
.63f503b2ac776 4 0 88 59
2 0 50 100
.63f503b2b0ac2 4 0 64 0
4 1 64 0
4 2 64 0
.63f503b2c1a7f 1 0 60 64
.63f503b30cba0 4 0 88 59
2 0 57 100
.63f503b30e6bd 4 0 64 127
4 1 64 127
4 2 64 127
.63f503b31d431 1 0 59 64
.63f503b32414e 1 0 42 64
.63f503b331745 1 0 57 64
.63f503b3694ce 4 0 64 0
4 1 64 0
4 2 64 0
.63f503b36d1eb 4 0 88 4
2 0 43 67
.63f503b37d84c 4 0 88 14
2 0 59 94
.63f503b3e98d4 4 0 88 91
2 0 63 89
.63f503b443647 4 0 88 103
2 0 62 87
.63f503b44953e 4 0 88 70
2 0 65 85
.63f503b44dc39 1 0 63 64
.63f503b4a3843 4 0 88 37
2 0 60 97
.63f503b4a5b4b 4 0 64 127
4 1 64 127
4 2 64 127
.63f503b4ad8af 1 0 62 64
.63f503b4c14b3 1 0 59 64
.63f503b4fc8f7 4 0 88 83
2 0 62 98
.63f503b4ff781 4 0 88 47
2 0 45 101
.63f503b50088a 4 0 64 0
4 1 64 0
4 2 64 0
.63f503b50a6d4 1 0 50 64
.63f503b50f3a2 1 0 60 64
.63f503b513db8 1 0 43 64
.63f503b5187de 1 0 65 64
.63f503b565212 4 0 88 72
2 0 65 94
.63f503b5c2249 4 0 88 85
2 0 63 92
.63f503b5d6217 1 0 62 64
.63f503b5d833b 1 0 65 64
.63f503b5f6b08 4 0 64 127
4 1 64 127
4 2 64 127
.63f503b61b3b9 4 0 88 83
2 0 62 98
.63f503b62dffe 1 0 63 64
.63f503b671c1e 4 0 64 0
4 1 64 0
4 2 64 0
.63f503b6731eb 4 0 88 7
2 0 65 90
.63f503b6785d9 4 0 88 18
2 0 47 104
.63f503b68741a 1 0 45 64
.63f503b6d7326 4 0 88 92
2 0 48 109
.63f503b6e4c33 1 0 47 64
.63f503b731444 4 0 88 105
2 0 50 101
.63f503b73a757 1 0 62 64
.63f503b743f03 1 0 48 64
.63f503b787b69 4 0 88 108
2 0 56 93
.63f503b7ef16c 4 0 88 7
2 0 55 90
.63f503b7fc284 1 0 56 64
.63f503b84c62f 4 0 88 18
2 0 53 104
.63f503b85822c 4 0 64 127
4 1 64 127
4 2 64 127
.63f503b89ac1d 1 0 50 64
.63f503b8ab305 4 0 88 85
2 0 51 92
.63f503b8ab5a9 4 0 88 53
2 0 62 91
.63f503b8b2f2c 4 0 64 0
4 1 64 0
4 2 64 0
.63f503b8c25fa 1 0 53 64
.63f503b901958 4 0 88 96
2 0 50 102
.63f503b911816 1 0 51 64
.63f503b92259f 4 0 64 127
4 1 64 127
4 2 64 127
.63f503b96662c 4 0 88 10
2 0 51 98
.63f503b9699cc 4 0 88 48
2 0 48 96
.63f503b970702 1 0 50 64
.63f503b971653 4 0 64 0
4 1 64 0
4 2 64 0
.63f503b9c23c0 4 0 88 96
2 0 60 102
.63f503b9ccaff 1 0 62 64
.63f503b9d7535 1 0 65 64
.63f503ba1bf03 4 0 88 37
2 0 62 97
.63f503ba3652c 1 0 55 64
.63f503ba36a36 1 0 60 64
.63f503ba705de 4 0 64 127
4 1 64 127
4 2 64 127
.63f503ba7154e 4 0 88 7
2 0 63 95
.63f503ba7ec6c 1 0 62 64
.63f503bac9778 4 0 88 96
2 0 65 102
.63f503bacb22c 4 0 64 0
4 1 64 0
4 2 64 0
.63f503bacd154 4 0 88 27
2 0 50 103
.63f503bacf423 1 0 63 64
.63f503bad062f 1 0 51 64
.63f503badc5f2 1 0 48 64
.63f503bb2beb7 4 0 88 10
2 0 68 98
.63f503bb431c9 1 0 65 64
.63f503bb86f03 4 0 88 2
2 0 67 95
.63f503bba0c92 1 0 68 64
.63f503bba6e69 4 0 64 127
4 1 64 127
4 2 64 127
.63f503bbd6f35 4 0 88 94
2 0 65 97
.63f503bbdd30e 1 0 67 64
.63f503bc2db43 4 0 64 0
4 1 64 0
4 2 64 0
.63f503bc30025 4 0 88 95
2 0 74 79
.63f503bc31a6f 4 0 88 20
2 0 51 86
.63f503bc32112 4 0 88 7
2 0 67 90
.63f503bc35e62 1 0 65 64
.63f503bc3dbed 1 0 50 64
.63f503bc8cb45 4 0 88 107
2 0 69 96
.63f503bca0523 1 0 67 64
.63f503bcef11a 4 0 88 27
2 0 71 103
.63f503bd00aa4 1 0 69 64
.63f503bd4bb47 4 0 88 90
2 0 55 88
.63f503bd7188f 1 0 51 64
.63f503bdaadb0 4 0 88 47
2 0 53 101
.63f503bdb9f70 1 0 55 64
.63f503be02175 4 0 88 33
2 0 56 93
.63f503be0a04e 1 0 53 64
.63f503be56feb 4 0 88 8
2 0 55 77
.63f503be5dc92 1 0 56 64
.63f503be5e581 4 0 88 50
2 0 69 107
.63f503be746ff 1 0 71 64
.63f503beaeb2a 4 0 88 105
2 0 53 101
.63f503bebcb21 1 0 55 64
.63f503bec9c34 4 0 64 127
4 1 64 127
4 2 64 127
.63f503bedd7e9 1 0 69 64
.63f503bf1b7fc 4 0 88 72
2 0 71 94
.63f503bf1bc30 4 0 88 59
2 0 55 100
.63f503bf24443 1 0 53 64
.63f503bf248d8 4 0 64 0
4 1 64 0
4 2 64 0
.63f503bf5539b 1 0 74 64
.63f503bf8349e 4 0 88 118
2 0 72 95
.63f503bf94777 1 0 71 64
.63f503bfd169c 4 0 88 60
2 0 74 95
.63f503bfd50ec 1 0 72 64
.63f503c02800e 4 0 88 85
2 0 75 92
.63f503c032d8e 1 0 74 64
.63f503c03af17 4 0 64 127
4 1 64 127
4 2 64 127
.63f503c07fce4 4 0 88 14
2 0 77 94
.63f503c084e79 4 0 88 105
2 0 57 101
.63f503c087183 4 0 64 0
4 1 64 0
4 2 64 0
.63f503c087f61 1 0 75 64
.63f503c090c45 1 0 55 64
.63f503c0e0be9 4 0 88 10
2 0 80 98
.63f503c0fcc78 1 0 77 64
.63f503c139231 4 0 88 107
2 0 79 96
.63f503c13f682 4 0 88 95
2 0 86 79
.63f503c150338 1 0 80 64
.63f503c1910b9 4 0 88 0
2 0 77 106
.63f503c198539 1 0 79 64
.63f503c1a06bb 4 0 64 127
4 1 64 127
4 2 64 127
.63f503c1ecefc 4 0 88 7
2 0 79 90
.63f503c1ef8f0 4 0 88 65
2 0 59 90
.63f503c2017c1 1 0 57 64
.63f503c201cca 1 0 77 64
.63f503c206ee9 4 0 64 0
4 1 64 0
4 2 64 0
.63f503c247cc7 4 0 88 0
2 0 60 106
.63f503c257808 1 0 59 64
.63f503c2ab45b 4 0 88 94
2 0 62 97
.63f503c2b9179 1 0 60 64
.63f503c307aaf 4 0 88 18
2 0 77 104
.63f503c313c17 1 0 79 64
.63f503c35d7db 4 0 88 71
2 0 84 99
.63f503c3746d8 1 0 86 64
.63f503c3b96c5 4 0 88 77
2 0 83 104
.63f503c3cb198 1 0 84 64
.63f503c419d26 4 0 88 35
2 0 81 102
.63f503c41f5d8 4 0 88 45
2 0 65 87
.63f503c42b077 1 0 83 64
.63f503c4647e6 1 0 62 64
.63f503c4826e0 4 0 88 13
2 0 83 99
.63f503c49580a 1 0 81 64
.63f503c4e74d3 4 0 88 39
2 0 84 92
.63f503c4f19b3 4 0 88 67
2 0 63 60
.63f503c4f2684 1 0 83 64
.63f503c4f6e17 1 0 65 64
.63f503c54badf 1 0 77 64
.63f503c564b0a 4 0 88 19
2 0 80 79
.63f503c56b60e 4 0 88 125
2 0 60 81
.63f503c57d7d7 1 0 63 64
.63f503c5d3d8c 4 0 88 113
2 0 58 63
.63f503c5d4679 4 0 88 122
2 0 79 77
.63f503c5dfb69 1 0 60 64
.63f503c5e1c31 1 0 80 64
.63f503c62dd76 4 0 88 28
2 0 77 84
.63f503c62ec9f 4 0 88 114
2 0 56 80
.63f503c63a5f1 1 0 79 64
.63f503c63b2d6 1 0 58 64
.63f503c654b10 4 0 64 127
4 1 64 127
4 2 64 127
.63f503c688e45 4 0 88 19
2 0 80 79
.63f503c689646 4 0 64 0
4 1 64 0
4 2 64 0
.63f503c68c4d4 1 0 77 64
.63f503c68fbc3 4 0 88 90
2 0 60 88
.63f503c696bb5 1 0 56 64
.63f503c6f0701 4 0 88 60
2 0 79 95
.63f503c6f39e0 4 0 88 43
2 0 58 87
.63f503c702b75 1 0 60 64
.63f503c70dbf1 1 0 80 64
.63f503c744e7d 4 0 88 39
2 0 77 92
.63f503c746a00 4 0 88 73
2 0 56 78
.63f503c750631 1 0 84 64
.63f503c75a393 1 0 58 64
.63f503c75d62b 1 0 79 64
.63f503c79b057 4 0 88 127
2 0 55 73
.63f503c79eba1 4 0 88 108
2 0 75 93
.63f503c7a2ad7 4 0 64 127
4 1 64 127
4 2 64 127
.63f503c7a5eaf 1 0 56 64
.63f503c7ac822 1 0 77 64
.63f503c7f9806 4 0 88 26
2 0 82 71
.63f503c7fd80f 4 0 64 0
4 1 64 0
4 2 64 0
.63f503c7fee35 4 0 88 114
2 0 58 90
.63f503c809827 1 0 55 64
.63f503c868869 4 0 88 53
2 0 77 91
.63f503c86d698 1 0 75 64
.63f503c86ec15 4 0 88 109
2 0 55 78
.63f503c87c96c 1 0 58 64
.63f503c8c5f1d 4 0 88 48
2 0 53 96
.63f503c8c745c 4 0 88 119
2 0 75 87
.63f503c8ce078 1 0 55 64
.63f503c8da88f 1 0 77 64
.63f503c922dfd 4 0 88 61
2 0 73 97
.63f503c92f022 1 0 75 64
.63f503c9370be 4 0 64 127
4 1 64 127
4 2 64 127
.63f503c95ffd6 1 0 73 64
.63f503c97f98f 4 0 88 110
2 0 72 91
.63f503c982095 4 0 88 20
2 0 51 86
.63f503c9832d2 4 0 64 0
4 1 64 0
4 2 64 0
.63f503c98e716 1 0 53 64
.63f503c9e1353 4 0 88 14
2 0 75 89
.63f503c9f56df 1 0 72 64
.63f503c9f9165 1 0 82 64
.63f503ca0a039 4 0 64 127
4 1 64 127
4 2 64 127
.63f503ca47896 4 0 64 0
4 1 64 0
4 2 64 0
.63f503ca49527 4 0 88 39
2 0 73 90
.63f503ca4a49b 4 0 88 60
2 0 80 81
.63f503ca50905 1 0 75 64
.63f503ca5132e 4 0 88 96
2 0 55 102
.63f503ca6c3bb 1 0 51 64
.63f503cab6d75 4 0 88 24
2 0 72 98
.63f503cabe00d 1 0 73 64
.63f503caeba2f 4 0 64 127
4 1 64 127
4 2 64 127
.63f503cb14a18 4 0 64 0
4 1 64 0
4 2 64 0
.63f503cb288ef 4 0 88 48
2 0 73 84
.63f503cb2cf35 4 0 88 85
2 0 56 92
.63f503cb32a50 1 0 72 64
.63f503cb38306 1 0 55 64
.63f503cb9c99b 4 0 88 85
2 0 70 95
.63f503cba4ad2 1 0 73 64
.63f503cbf1784 4 0 88 70
2 0 72 85
.63f503cc006f9 1 0 70 64
.63f503cc45811 4 0 64 127
4 1 64 127
4 2 64 127
4 0 88 33
2 0 73 93
.63f503cc4f15f 1 0 72 64
.63f503cc5e439 1 0 80 64
.63f503cc9f891 4 0 88 65
2 0 72 90
.63f503cca02b4 4 0 64 0
4 1 64 0
4 2 64 0
.63f503cca0ac8 4 0 88 116
2 0 79 86
.63f503cca6ca4 1 0 73 64
.63f503cd05481 4 0 88 57
2 0 70 94
.63f503cd13262 1 0 72 64
.63f503cd51331 4 0 88 69
2 0 68 67
.63f503cda1e0c 4 0 88 95
2 0 67 79
.63f503cda534c 1 0 68 64
.63f503cdaad04 4 0 64 127
4 1 64 127
4 2 64 127
.63f503cdbc76a 1 0 56 64
.63f503cdfe8b5 4 0 88 10
2 0 58 60
4 0 88 65
2 0 65 77
.63f503ce03139 1 0 67 64
.63f503ce059d2 4 0 64 0
4 1 64 0
4 2 64 0
.63f503ce5b354 4 0 88 68
2 0 67 81
.63f503ce6670c 1 0 65 64
.63f503ceb5939 4 0 88 119
2 0 68 87
.63f503cebffd9 1 0 67 64
.63f503cf06e0e 1 0 79 64
.63f503cf0ca5c 4 0 88 125
2 0 77 81
.63f503cf6ab2e 4 0 88 11
2 0 76 81
.63f503cf6e2f2 1 0 77 64
.63f503cfc6001 4 0 88 1
2 0 77 86
.63f503cfd5ec9 1 0 76 64
.63f503cff8e7c 1 0 68 64
.63f503d01a4b3 4 0 88 118
2 0 79 95
.63f503d020cc1 4 0 88 45
2 0 67 87
.63f503d026c60 1 0 77 64
.63f503d077955 4 0 88 20
2 0 76 89
.63f503d078a78 4 0 64 127
4 1 64 127
4 2 64 127
.63f503d084885 1 0 58 64
.63f503d08936f 1 0 79 64
.63f503d0d5a79 1 0 76 64
.63f503d0d90a2 4 0 88 9
2 0 60 38
.63f503d0d96b3 4 0 88 39
2 0 77 75
4 0 64 0
4 1 64 0
4 2 64 0
.63f503d0dd633 4 0 88 51
2 0 65 78
.63f503d0f3913 1 0 67 64
.63f503d152b6c 4 0 88 72
2 0 75 85
.63f503d160ae1 1 0 77 64
.63f503d1aec48 4 0 88 114
2 0 73 80
.63f503d1bdea7 1 0 75 64
.63f503d206a31 4 0 88 33
2 0 72 88
.63f503d20db8a 1 0 70 64
.63f503d20ffff 4 0 64 127
4 1 64 127
4 2 64 127
.63f503d21ca42 1 0 73 64
.63f503d259490 4 0 88 125
2 0 64 81
.63f503d259ae8 4 0 88 114
2 0 70 90
.63f503d262036 4 0 64 0
4 1 64 0
4 2 64 0
.63f503d263324 1 0 65 64
.63f503d264d95 1 0 72 64
.63f503d2b1a3c 4 0 88 98
2 0 72 83
.63f503d2cad2d 1 0 70 64
.63f503d30f2dd 4 0 88 85
2 0 73 92
.63f503d31f309 1 0 72 64
.63f503d326501 4 0 64 127
4 1 64 127
4 2 64 127
.63f503d352953 1 0 60 64
.63f503d3688e8 4 0 88 62
2 0 70 91
.63f503d3744af 1 0 73 64
.63f503d3bbc4f 4 0 64 0
4 1 64 0
4 2 64 0
.63f503d3c6165 4 0 88 113
2 0 61 63
4 0 88 49
2 0 75 62
.63f503d3ca388 1 0 64 64
.63f503d3ca658 4 0 88 111
2 0 65 74
.63f503d43098d 4 0 88 93
2 0 73 79
.63f503d433370 4 0 88 112
2 0 64 82
.63f503d43eb31 1 0 65 64
.63f503d441090 1 0 75 64
.63f503d487157 4 0 88 45
2 0 72 87
.63f503d488def 4 0 88 85
2 0 63 92
.63f503d491403 1 0 64 64
.63f503d49a23f 1 0 73 64
.63f503d4aafb4 1 0 70 64
.63f503d4e18fd 4 0 88 96
2 0 70 86
.63f503d4e2381 4 0 88 13
2 0 65 85
.63f503d4f333a 1 0 63 64
.63f503d4f5f6b 1 0 72 64
.63f503d53c5ef 4 0 88 127
2 0 67 61
.63f503d540bfb 4 0 88 45
2 0 72 87
.63f503d541ab8 1 0 65 64
.63f503d551eb0 1 0 70 64
.63f503d597fcc 4 0 88 96
2 0 68 86
.63f503d5a28e7 1 0 67 64
.63f503d5f83ef 4 0 88 44
2 0 67 65
.63f503d609682 1 0 68 64
.63f503d654e6e 4 0 64 127
4 1 64 127
4 2 64 127
.63f503d6563eb 4 0 88 112
2 0 65 82
.63f503d66b8a6 1 0 67 64
.63f503d676ebe 1 0 61 64
.63f503d6c43b7 4 0 64 0
4 1 64 0
4 2 64 0
.63f503d6d3ae6 4 0 88 103
2 0 64 87
.63f503d6f9094 1 0 65 64
.63f503d738d5e 4 0 88 2
2 0 65 95
.63f503d74e740 1 0 64 64
.63f503d76563f 4 0 64 127
4 1 64 127
4 2 64 127
.63f503d79c9ab 4 0 88 81
2 0 63 69
.63f503d79d655 4 0 88 8
2 0 67 70
.63f503d79f191 1 0 65 64
.63f503d79fec7 4 0 64 0
4 1 64 0
4 2 64 0
.63f503d804649 4 0 88 10
2 0 70 92
.63f503d80926f 1 0 67 64
.63f503d81afbe 1 0 72 64
.63f503d85e710 4 0 88 114
2 0 68 90
.63f503d877c1c 1 0 70 64
.63f503d8aaa12 4 0 64 127
4 1 64 127
4 2 64 127
.63f503d8b6bf8 4 0 88 65
2 0 67 90
.63f503d8bd995 1 0 68 64
.63f503d90af52 4 0 88 14
2 0 68 89
.63f503d90e330 4 0 64 0
4 1 64 0
4 2 64 0
.63f503d90f215 1 0 67 64
.63f503d910b4e 4 0 88 118
2 0 65 95
.63f503d9271ff 1 0 63 64
.63f503d96f83d 4 0 88 100
2 0 70 83
.63f503d982ab4 1 0 68 64
.63f503d9cf18b 4 0 88 48
2 0 72 96
.63f503d9dec5e 1 0 70 64
.63f503da23858 4 0 88 66
2 0 68 88
.63f503da304e9 4 0 64 127
4 1 64 127
4 2 64 127
.63f503da34171 1 0 72 64
.63f503da8261a 4 0 64 0
4 1 64 0
4 2 64 0
.63f503da88b47 4 0 88 64
2 0 61 66
.63f503da8babf 1 0 65 64
.63f503da90153 4 0 88 16
2 0 76 51
.63f503daf73ea 4 0 88 13
2 0 74 85
.63f503db0ca3a 1 0 76 64
.63f503db52f01 4 0 88 68
2 0 77 81
.63f503db66b5e 1 0 74 64
.63f503db99f04 1 0 68 64
.63f503dbb31b3 4 0 64 127
4 1 64 127
4 2 64 127
.63f503dbb3caf 4 0 88 91
2 0 68 89
.63f503dc0b00a 4 0 64 0
4 1 64 0
4 2 64 0
.63f503dc0f5f5 4 0 88 111
2 0 60 74
.63f503dc11a2d 4 0 88 8
2 0 67 77
.63f503dc14bfe 1 0 77 64
.63f503dc1b329 1 0 61 64
.63f503dc2385b 1 0 68 64
.63f503dc74f6b 4 0 88 33
2 0 65 88
.63f503dc88f7c 1 0 67 64
.63f503dcd4958 4 0 88 55
2 0 67 74
.63f503dce2e04 1 0 65 64
.63f503dd27371 4 0 64 127
4 1 64 127
4 2 64 127
.63f503dd302c3 4 0 88 24
2 0 64 80
.63f503dd4252c 1 0 67 64
.63f503dd4a0d7 4 0 88 117
2 0 72 38
.63f503dd66a72 1 0 72 64
.63f503dd7c36f 4 0 64 0
4 1 64 0
4 2 64 0
.63f503dd81888 4 0 88 66
2 0 58 88
.63f503dd849c0 4 0 88 109
2 0 72 78
.63f503dd872e1 4 0 88 7
2 0 65 90
.63f503dd8d4d7 1 0 60 64
.63f503dd9f6f1 1 0 64 64
.63f503ddf12f4 4 0 88 70
2 0 67 85
.63f503de09814 1 0 65 64
.63f503de516d7 1 0 67 64
.63f503de51c74 4 0 88 33
2 0 60 88
.63f503deb5cb8 4 0 88 85
2 0 70 92
.63f503deccb33 1 0 72 64
.63f503ded2f52 4 0 64 127
4 1 64 127
4 2 64 127
.63f503df0fcdf 4 0 88 60
2 0 68 81
.63f503df18824 4 0 88 33
2 0 56 93
.63f503df20f06 1 0 58 64
.63f503df220f2 4 0 64 0
4 1 64 0
4 2 64 0
.63f503df25f8f 1 0 60 64
.63f503df34597 1 0 70 64
.63f503df73450 4 0 88 2
2 0 67 95
.63f503df8dc69 1 0 68 64
.63f503dfc87e0 4 0 88 53
2 0 72 62
.63f503dfceba8 4 0 88 74
2 0 65 61
.63f503dfd9358 1 0 67 64
.63f503e079ae7 4 0 88 45
2 0 64 87
.63f503e08b324 1 0 65 64
.63f503e0b6731 4 0 64 127
4 1 64 127
4 2 64 127
.63f503e0d8de1 4 0 88 107
2 0 62 96
.63f503e0e0997 1 0 64 64
.63f503e13bcef 4 0 88 95
2 0 64 79
.63f503e13d31f 4 0 64 0
4 1 64 0
4 2 64 0
.63f503e13e5dc 4 0 88 8
2 0 60 70
.63f503e140e34 4 0 88 73
2 0 55 56
.63f503e14246b 1 0 56 64
.63f503e1474da 1 0 62 64
.63f503e17735c 1 0 72 64
.63f503e17e868 1 0 60 64
.63f503e19f550 4 0 88 72
2 0 60 94
.63f503e1ac975 4 0 64 127
4 1 64 127
4 2 64 127
.63f503e1adf52 1 0 64 64
.63f503e2018e4 4 0 64 0
4 1 64 0
4 2 64 0
.63f503e2048e9 4 0 88 20
2 0 68 86
.63f503e261e11 4 0 88 41
2 0 65 83
.63f503e2b44d5 4 0 64 127
4 1 64 127
4 2 64 127
.63f503e2bffbc 1 0 60 64
.63f503e2c3b82 4 0 88 1
2 0 64 86
.63f503e2cf240 1 0 68 64
.63f503e2da23c 1 0 65 64
.63f503e3248e6 4 0 88 66
2 0 70 88
.63f503e3260b8 4 0 88 93
2 0 61 71
.63f503e32d38f 1 0 64 64
.63f503e3876f6 1 0 70 64
.63f503e38a262 4 0 64 0
4 1 64 0
4 2 64 0
.63f503e38dd41 4 0 88 33
2 0 68 72
.63f503e392c9b 4 0 88 110
2 0 60 91
.63f503e3ef4e3 4 0 88 53
2 0 67 91
.63f503e3ef9b5 4 0 88 127
2 0 58 77
.63f503e3f855d 1 0 60 64
.63f503e3ff139 1 0 68 64
.63f503e40bfcc 1 0 55 64
.63f503e410ecc 4 0 64 127
4 1 64 127
4 2 64 127
.63f503e4391b5 1 0 61 64
.63f503e45cdcf 4 0 88 20
2 0 68 86
.63f503e45d399 4 0 64 0
4 1 64 0
4 2 64 0
4 0 88 55
2 0 60 82
.63f503e45e5c6 4 0 88 39
2 0 53 75
.63f503e46787e 1 0 58 64
.63f503e46c434 1 0 67 64
.63f503e4c2fd3 4 0 88 53
2 0 67 91
.63f503e4ca736 4 0 88 60
2 0 58 81
.63f503e4dd93c 1 0 68 64
.63f503e4e17f3 1 0 60 64
.63f503e522c18 4 0 88 65
2 0 65 90
.63f503e524454 4 0 88 26
2 0 56 71
.63f503e5311fd 1 0 58 64
.63f503e5343c1 1 0 67 64
.63f503e5799bd 4 0 88 24
2 0 67 80
.63f503e580fcc 4 0 88 127
2 0 58 77
.63f503e58f63d 1 0 65 64
.63f503e59d64d 1 0 56 64
.63f503e59f6eb 4 0 64 127
4 1 64 127
4 2 64 127
.63f503e5dbf40 4 0 88 88
2 0 68 70
.63f503e5dfe3d 4 0 64 0
4 1 64 0
4 2 64 0
.63f503e5e1820 4 0 88 10
2 0 60 64
.63f503e5e8e1e 1 0 67 64
.63f503e5edfc3 1 0 58 64
.63f503e617971 4 0 64 127
4 1 64 127
4 2 64 127
.63f503e62f041 4 0 64 0
4 1 64 0
4 2 64 0
.63f503e630983 1 0 60 64
.63f503e6421ea 4 0 88 100
2 0 61 83
.63f503e64f3ae 4 0 64 127
4 1 64 127
4 2 64 127
.63f503e69e5f1 4 0 64 0
4 1 64 0
4 2 64 0
.63f503e6a3dad 4 0 88 72
2 0 60 94
.63f503e6a5234 4 0 88 83
2 0 55 98
.63f503e6aa1df 1 0 61 64
.63f503e6b0433 1 0 53 64
.63f503e707184 4 0 88 116
2 0 56 99
.63f503e7181b4 1 0 55 64
.63f503e7651c5 4 0 88 48
2 0 63 84
.63f503e76c7d2 1 0 60 64
.63f503e76f241 4 0 88 8
2 0 55 77
.63f503e76f454 4 0 88 38
2 0 53 79
.63f503e778c58 1 0 56 64
.63f503e7bacf0 1 0 55 64
.63f503e7c18db 4 0 88 95
2 0 55 79
.63f503e7cbb72 1 0 53 64
.63f503e81a3d3 4 0 88 114
2 0 56 90
.63f503e8264a7 1 0 55 64
.63f503e881905 4 0 88 10
2 0 58 98
.63f503e884bb2 4 0 64 127
4 1 64 127
4 2 64 127
.63f503e8951dc 1 0 56 64
.63f503e8c538b 4 0 64 0
4 1 64 0
4 2 64 0
.63f503e8d26a5 4 0 88 85
2 0 65 84
1 0 63 64
.63f503e8d9b3a 4 0 88 116
2 0 60 86
.63f503e8e0554 1 0 58 64
.63f503e9306f4 4 0 88 43
2 0 56 87
.63f503e944e34 1 0 60 64
.63f503e990582 4 0 88 33
2 0 58 93
.63f503e9b0a3a 1 0 65 64
.63f503e9b1b6e 1 0 56 64
.63f503e9b5c45 1 0 68 64
.63f503e9c4228 4 0 64 127
4 1 64 127
4 2 64 127
.63f503e9ef24b 4 0 88 83
2 0 60 98
.63f503e9fcdeb 1 0 58 64
.63f503ea55aa0 4 0 88 73
2 0 61 78
.63f503ea5665c 4 0 88 41
2 0 77 83
.63f503ea5699c 4 0 64 0
4 1 64 0
4 2 64 0
.63f503ea5d888 1 0 60 64
.63f503eac58f4 4 0 88 45
2 0 76 87
.63f503eac7e53 4 0 88 116
2 0 60 86
.63f503ead50ef 1 0 77 64
.63f503ead90ea 1 0 61 64
.63f503eb279f1 4 0 88 0
2 0 77 100
.63f503eb29f40 4 0 88 48
2 0 61 84
.63f503eb34eae 1 0 60 64
.63f503eb38e2a 1 0 76 64
.63f503eb770b5 4 0 88 113
2 0 79 67
.63f503eb7d3ad 4 0 88 96
2 0 63 86
.63f503eb864bb 1 0 77 64
.63f503eb90abe 1 0 61 64
.63f503ebd0245 4 0 88 72
2 0 80 85
.63f503ebd3158 4 0 88 97
2 0 65 65
.63f503ebdc971 1 0 79 64
.63f503ebe30f8 1 0 63 64
.63f503ec29518 4 0 88 112
2 0 77 82
.63f503ec2bb54 4 0 88 60
2 0 61 81
.63f503ec334d2 1 0 80 64
.63f503ec3924b 1 0 65 64
.63f503ec45cd5 4 0 64 127
4 1 64 127
4 2 64 127
.63f503ec8ad43 4 0 88 72
2 0 82 85
.63f503ec8f0a1 4 0 64 0
4 1 64 0
4 2 64 0
.63f503ec90293 1 0 77 64
.63f503ec92e4c 4 0 88 24
2 0 67 80
.63f503ece6406 4 0 88 85
2 0 65 84
.63f503ece67a1 1 0 67 64
.63f503ecf1bae 4 0 88 46
2 0 80 73
.63f503ed08b61 1 0 82 64
.63f503ed590bf 4 0 88 55
2 0 67 74
.63f503ed594fe 4 0 88 20
2 0 82 86
.63f503ed5f643 1 0 65 64
.63f503ed65888 1 0 80 64
.63f503edb7375 4 0 88 125
2 0 68 84
.63f503edc3ce7 1 0 67 64
.63f503ee1293f 4 0 88 34
2 0 70 96
.63f503ee1c62a 1 0 68 64
.63f503ee582a2 4 0 64 127
4 1 64 127
4 2 64 127
.63f503ee63db8 4 0 88 53
2 0 67 91
.63f503ee6c911 1 0 70 64
.63f503ee7c281 1 0 61 64
.63f503eebe36b 4 0 88 12
2 0 80 75
.63f503eebec39 4 0 88 72
2 0 84 94
4 0 64 0
4 1 64 0
4 2 64 0
.63f503eec379a 4 0 88 82
2 0 72 80
.63f503eec4a37 1 0 82 64
.63f503eec4ea0 4 0 88 57
2 0 61 65
.63f503eec6fd0 1 0 67 64
.63f503ef37f1d 4 0 88 46
2 0 70 73
.63f503ef42431 1 0 72 64
.63f503ef8fe56 4 0 88 33
2 0 68 58
.63f503ef9f9a0 1 0 70 64
.63f503efe2ff0 4 0 88 68
2 0 67 81
.63f503efe3ab6 4 0 64 127
4 1 64 127
4 2 64 127
.63f503eff1fec 1 0 68 64
.63f503eff3f51 1 0 61 64
.63f503f041e20 4 0 88 97
2 0 65 92
.63f503f04460d 4 0 64 0
4 1 64 0
4 2 64 0
.63f503f045b01 4 0 88 127
2 0 60 61
.63f503f05304b 1 0 67 64
.63f503f0abf38 4 0 88 55
2 0 64 82
.63f503f0b4882 1 0 65 64
.63f503f10575a 4 0 88 65
2 0 65 77
.63f503f11acb2 1 0 64 64
.63f503f15baa3 4 0 88 11
2 0 67 81
.63f503f1672b1 1 0 65 64
.63f503f1695cc 4 0 64 127
4 1 64 127
4 2 64 127
.63f503f17c129 1 0 60 64
.63f503f1adc8b 1 0 67 64
.63f503f1b4edb 1 0 84 64
.63f503f1bcf53 4 0 88 39
2 0 60 75
.63f503f1c1482 4 0 64 0
4 1 64 0
4 2 64 0
.63f503f1c2012 4 0 88 43
2 0 82 87
.63f503f1ce43c 1 0 80 64
.63f503f230baa 4 0 88 55
2 0 61 53
.63f503f23a6da 1 0 60 64
.63f503f296bd9 4 0 88 122
2 0 60 77
.63f503f2a65b0 1 0 61 64
.63f503f2efe03 4 0 88 22
2 0 59 58
.63f503f301e43 1 0 60 64
.63f503f34b4e0 4 0 88 0
2 0 57 100
.63f503f35853a 1 0 59 64
.63f503f3abbbb 4 0 88 96
2 0 58 86
.63f503f3bc714 1 0 57 64
.63f503f4038c1 4 0 88 33
2 0 60 88
.63f503f405787 4 0 88 110
2 0 79 91
.63f503f410669 1 0 58 64
.63f503f4146b2 1 0 82 64
.63f503f465fe1 4 0 88 14
2 0 55 94
.63f503f4705dd 1 0 60 64
.63f503f47d928 4 0 64 127
4 1 64 127
4 2 64 127
.63f503f4c16b8 4 0 88 76
2 0 56 68
.63f503f4c3e69 4 0 64 0
4 1 64 0
4 2 64 0
.63f503f4c806b 4 0 88 43
2 0 80 87
.63f503f4c8f72 4 0 88 78
2 0 77 76
.63f503f4ca6b6 1 0 55 64
.63f503f4d1cab 1 0 79 64
.63f503f524ddb 4 0 88 43
2 0 58 87
.63f503f530a0f 1 0 56 64
.63f503f588fe5 1 0 77 64
.63f503f58be22 4 0 88 87
2 0 55 72
.63f503f58c361 4 0 88 83
2 0 79 98
.63f503f594767 1 0 80 64
.63f503f59c604 1 0 58 64
.63f503f5df698 4 0 88 61
2 0 54 97
.63f503f5ec261 1 0 55 64
.63f503f5f790d 4 0 64 127
4 1 64 127
4 2 64 127
.63f503f63f4d9 4 0 88 78
2 0 81 89
.63f503f63f7bb 4 0 88 11
2 0 55 81
.63f503f640cf8 4 0 88 33
2 0 74 88
.63f503f645e33 1 0 54 64
.63f503f646a31 4 0 64 0
4 1 64 0
4 2 64 0
.63f503f64823b 1 0 79 64
.63f503f69f153 4 0 88 60
2 0 52 95
.63f503f6b2eb2 1 0 55 64
.63f503f6bbd98 4 0 64 127
4 1 64 127
4 2 64 127
.63f503f6bf2e5 1 0 74 64
.63f503f6f6843 4 0 88 68
2 0 72 105
.63f503f6f7eef 4 0 88 66
2 0 54 74
.63f503f6fc541 4 0 64 0
4 1 64 0
4 2 64 0
.63f503f7084f3 1 0 52 64
.63f503f7495e7 4 0 88 125
2 0 75 84
.63f503f74e571 4 0 88 98
2 0 55 83
.63f503f75453a 1 0 54 64
.63f503f75ec15 1 0 72 64
.63f503f7a5d04 4 0 88 117
2 0 54 61
.63f503f7ad682 4 0 88 50
2 0 74 107
.63f503f7b03a3 1 0 55 64
.63f503f7c1e3a 1 0 75 64
.63f503f806a29 4 0 88 97
2 0 52 92
.63f503f8114ef 1 0 54 64
.63f503f816d2d 1 0 81 64
.63f503f81881f 4 0 64 127
4 1 64 127
4 2 64 127
.63f503f85ee0a 4 0 64 0
4 1 64 0
4 2 64 0
.63f503f863ae1 4 0 88 90
2 0 50 88
.63f503f866cdc 4 0 88 37
2 0 79 97
.63f503f867e3c 4 0 88 7
2 0 70 95
.63f503f869d6e 1 0 74 64
.63f503f86fae2 1 0 52 64
.63f503f8c2d78 4 0 88 110
2 0 69 91
.63f503f8c30e1 4 0 88 85
2 0 49 92
.63f503f8c7349 1 0 70 64
.63f503f8cac72 1 0 50 64
.63f503f8dcd96 4 0 64 127
4 1 64 127
4 2 64 127
.63f503f91a678 4 0 64 0
4 1 64 0
4 2 64 0
.63f503f922d50 4 0 88 85
2 0 70 92
.63f503f9249df 4 0 88 118
2 0 50 95
.63f503f92dbb2 1 0 69 64
.63f503f931193 1 0 49 64
.63f503f954d80 4 0 88 82
2 0 48 80
.63f503f955a3c 1 0 79 64
.63f503f96ba4f 1 0 48 64
.63f503f97a45a 4 0 88 18
2 0 79 104
.63f503f9957e6 4 0 64 127
4 1 64 127
4 2 64 127
.63f503f9acdf7 1 0 70 64
.63f503f9d4352 4 0 88 41
2 0 69 83
.63f503f9da730 4 0 88 14
2 0 77 94
.63f503f9e1a83 4 0 64 0
4 1 64 0
4 2 64 0
.63f503f9f1544 1 0 79 64
.63f503fa2d85f 4 0 88 37
2 0 76 97
.63f503fa35ea2 1 0 77 64
.63f503fa51019 4 0 64 127
4 1 64 127
4 2 64 127
.63f503fa7cf4d 4 0 64 0
4 1 64 0
4 2 64 0
.63f503fa877fa 4 0 88 27
2 0 77 93
.63f503fa89193 1 0 69 64
.63f503fa894b6 4 0 88 65
2 0 74 90
.63f503fa8dc14 4 0 88 121
2 0 62 59
.63f503fa99017 1 0 76 64
.63f503faef443 4 0 88 25
2 0 68 83
.63f503fafe023 1 0 74 64
.63f503fb15512 4 0 64 127
4 1 64 127
4 2 64 127
.63f503fb4ec97 4 0 88 94
2 0 69 97
4 0 88 45
2 0 67 87
.63f503fb54857 1 0 68 64
.63f503fb59e30 1 0 67 64
.63f503fb646a9 4 0 64 0
4 1 64 0
4 2 64 0
.63f503fb9f0cb 4 0 64 127
4 1 64 127
4 2 64 127
.63f503fba65cb 4 0 88 105
2 0 71 101
.63f503fbb72e4 1 0 69 64
.63f503fbc477c 1 0 50 64
.63f503fbf725b 1 0 62 64
.63f503fbfbd83 4 0 88 20
2 0 48 89
.63f503fc05983 4 0 64 0
4 1 64 0
4 2 64 0
.63f503fc0dc0d 4 0 88 85
2 0 68 95
.63f503fc1694f 1 0 71 64
.63f503fc2dd38 1 0 77 64
.63f503fc431d1 4 0 64 127
4 1 64 127
4 2 64 127
.63f503fc69c56 4 0 88 37
2 0 77 97
.63f503fc9e40b 1 0 68 64
.63f503fcc6c94 1 0 77 64
.63f503fccdef5 4 0 88 53
2 0 76 91
.63f503fcd0d85 4 0 88 59
2 0 67 67
.63f503fcd3a0a 4 0 88 103
2 0 69 87
.63f503fcd591b 4 0 64 0
4 1 64 0
4 2 64 0
.63f503fd0cb67 1 0 69 64
.63f503fd2bfe4 4 0 88 13
2 0 74 99
.63f503fd3d543 1 0 76 64
.63f503fd47e59 4 0 64 127
4 1 64 127
4 2 64 127
.63f503fd885ed 4 0 88 98
2 0 76 83
.63f503fd8b42c 4 0 64 0
4 1 64 0
4 2 64 0
.63f503fd8c812 4 0 88 70
2 0 72 85
.63f503fd9914b 1 0 74 64
.63f503fd99e43 4 0 64 127
4 1 64 127
4 2 64 127
.63f503fda3d1f 1 0 67 64
.63f503fdce4fc 1 0 72 64
.63f503fde32c9 4 0 64 0
4 1 64 0
4 2 64 0
.63f503fde5bd8 4 0 88 10
2 0 70 98
.63f503fdfa9d3 4 0 64 127
4 1 64 127
4 2 64 127
.63f503fe2c8ff 1 0 48 64
.63f503fe46cde 4 0 64 0
4 1 64 0
4 2 64 0
.63f503fe4d660 4 0 88 104
2 0 48 71
.63f503fe4eeb8 4 0 88 73
2 0 68 106
.63f503fe52444 1 0 70 64
.63f503fe9bc93 4 0 64 127
4 1 64 127
4 2 64 127
.63f503feb6831 4 0 88 24
2 0 67 98
.63f503febeb17 1 0 68 64
.63f503fef0405 1 0 67 64
.63f503ff082e3 4 0 64 0
4 1 64 0
4 2 64 0
.63f503ff15e71 4 0 88 110
2 0 65 91
.63f503ff16c7d 4 0 88 23
2 0 47 76
.63f503ff1e56b 1 0 48 64
.63f503ff79394 4 0 88 100
2 0 70 83
.63f503ff8013f 1 0 76 64
.63f503ff8c09b 4 0 64 127
4 1 64 127
4 2 64 127
.63f503ffac8da 1 0 65 64
.63f503ffcc7fe 4 0 64 0
4 1 64 0
4 2 64 0
.63f503ffd5778 4 0 88 122
2 0 74 90
.63f503ffd59f1 4 0 88 96
2 0 68 86
.63f503ffdfded 1 0 70 64
.63f504003395a 4 0 88 58
2 0 67 86
.63f504003cd13 1 0 68 64
.63f504008cc5e 4 0 88 62
2 0 68 91
.63f504009d294 1 0 67 64
.63f50400cb659 4 0 64 127
4 1 64 127
4 2 64 127
.63f50400e361e 4 0 88 53
2 0 65 91
.63f50400e8f9f 1 0 68 64
.63f504013c7e9 4 0 88 41
2 0 67 83
.63f504013da2b 4 0 64 0
4 1 64 0
4 2 64 0
.63f5040144b1b 4 0 88 59
2 0 59 106
.63f5040144d5f 1 0 65 64
.63f50401641ae 1 0 47 64
.63f50401a49a8 4 0 88 72
2 0 68 85
.63f50401a71a1 4 0 64 127
4 1 64 127
4 2 64 127
.63f50401a9736 1 0 67 64
.63f50401f647a 4 0 64 0
4 1 64 0
4 2 64 0
.63f5040211b28 4 0 88 50
2 0 67 54
.63f5040224735 4 0 88 27
2 0 62 93
.63f504022b7d4 1 0 68 64
.63f504022f572 1 0 59 64
.63f50402a430d 4 0 88 64
2 0 60 70
.63f50402f91e6 1 0 62 64
.63f5040303587 4 0 88 78
2 0 59 89
.63f5040314ed5 1 0 60 64
.63f504035c440 4 0 88 77
2 0 57 104
.63f504036f0fc 1 0 59 64
.63f50403b7630 4 0 88 3
2 0 63 67
4 0 88 109
2 0 55 78
.63f50403c1dfd 1 0 57 64
.63f50403c3abc 1 0 74 64
.63f50403c7637 1 0 67 64
.63f504040f456 4 0 88 110
2 0 60 91
.63f5040465820 4 0 88 45
2 0 59 87
.63f5040468cc9 1 0 60 64
.63f50404a6d48 4 0 64 127
4 1 64 127
4 2 64 127
.63f50404c79bb 4 0 88 59
2 0 60 100
.63f50404cf12d 1 0 55 64
.63f50404d1063 1 0 59 64
.63f50405032bc 1 0 60 64
.63f50405191ca 4 0 64 0
4 1 64 0
4 2 64 0
.63f5040526dd9 4 0 88 65
2 0 60 77
.63f504052f94b 4 0 88 109
2 0 53 78
.63f50405a2a31 4 0 88 57
2 0 58 94
.63f50405b1e30 1 0 60 64
.63f50405f6aef 4 0 88 100
2 0 56 83
.63f504060b4d6 1 0 58 64
.63f5040636003 1 0 53 64
.63f5040646ebf 4 0 64 127
4 1 64 127
4 2 64 127
.63f504064add9 4 0 88 116
2 0 55 86
.63f504065947f 1 0 56 64
.63f504067d2f7 1 0 63 64
.63f504069ab78 4 0 88 29
2 0 63 49
.63f504069cc9e 4 0 88 8
2 0 72 77
.63f50406a17b0 4 0 88 104
2 0 53 71
.63f50406aa8aa 4 0 64 0
4 1 64 0
4 2 64 0
.63f50406ac104 1 0 55 64
.63f50406fc235 4 0 88 108
2 0 56 93
.63f50407537c3 4 0 88 2
2 0 55 95
.63f504075f690 1 0 56 64
.63f504076f6c4 1 0 53 64
.63f50407a6871 4 0 64 127
4 1 64 127
4 2 64 127
.63f50407b2fdd 4 0 88 68
2 0 56 103
.63f50407c4bdd 1 0 55 64
.63f50407e95b2 1 0 56 64
.63f504080153a 4 0 64 0
4 1 64 0
4 2 64 0
.63f504080e412 4 0 88 53
2 0 51 77
.63f5040810e79 4 0 88 19
2 0 58 79
.63f504086d7f1 4 0 88 120
2 0 56 73
.63f504086f4c4 1 0 58 64
.63f50408c59d6 4 0 88 24
2 0 55 69
.63f50408d181e 1 0 56 64
.63f50408eeafd 4 0 64 127
4 1 64 127
4 2 64 127
.63f5040902d6e 1 0 63 64
.63f5040917289 4 0 88 74
2 0 53 61
.63f5040922cc6 1 0 51 64
.63f504092fb4d 1 0 55 64
.63f504094e015 1 0 72 64
.63f5040966d48 4 0 64 0
4 1 64 0
4 2 64 0
.63f504096cb68 4 0 88 93
2 0 51 79
.63f504097059f 4 0 88 107
2 0 70 62
.63f5040972a2d 4 0 88 39
2 0 62 75
.63f5040973018 1 0 53 64
.63f50409d1cce 4 0 88 98
2 0 55 83
.63f5040a27f33 4 0 88 27
2 0 53 93
.63f5040a34bff 1 0 55 64
.63f5040a68a85 4 0 64 127
4 1 64 127
4 2 64 127
.63f5040a7877f 1 0 51 64
.63f5040a7f090 4 0 88 24
2 0 55 98
.63f5040a8bca0 1 0 53 64
.63f5040ad8015 4 0 64 0
4 1 64 0
4 2 64 0
.63f5040adc195 4 0 88 114
2 0 56 80
.63f5040addbcc 4 0 88 98
2 0 50 83
.63f5040ae1583 1 0 55 64
.63f5040b38e7a 4 0 88 116
2 0 55 86
.63f5040b40cd6 1 0 56 64
.63f5040b94a06 4 0 88 125
2 0 53 81
.63f5040b966dc 4 0 64 127
4 1 64 127
4 2 64 127
.63f5040ba6c6e 1 0 55 64
.63f5040bcc2c2 1 0 70 64
.63f5040bd95a4 1 0 50 64
.63f5040bdd521 4 0 88 7
2 0 51 95
.63f5040be831e 1 0 62 64
.63f5040bf4e94 1 0 53 64
.63f5040c2ed49 4 0 64 0
4 1 64 0
4 2 64 0
.63f5040c34b14 4 0 88 90
2 0 50 88
.63f5040c39cd8 4 0 88 66
2 0 68 74
.63f5040c3b3f3 1 0 51 64
.63f5040c3d993 4 0 88 14
2 0 60 94
.63f5040c9a32d 4 0 88 39
2 0 53 92
.63f5040cf081d 4 0 88 66
2 0 51 88
.63f5040d01b39 1 0 53 64
.63f5040d1297c 1 0 50 64
.63f5040d4b9cc 4 0 88 97
2 0 53 92
.63f5040d53d39 4 0 64 127
4 1 64 127
4 2 64 127
.63f5040d675b9 1 0 51 64
.63f5040da71b5 4 0 88 75
2 0 46 40
.63f5040dab0b8 4 0 88 24
2 0 55 98
.63f5040dae9fe 4 0 64 0
4 1 64 0
4 2 64 0
.63f5040db1f35 1 0 53 64
.63f5040e103ed 4 0 88 53
2 0 53 91
.63f5040e2103f 1 0 55 64
.63f5040e60b13 4 0 88 100
2 0 51 83
.63f5040e6ed61 1 0 53 64
.63f5040eb36fa 4 0 64 127
4 1 64 127
4 2 64 127
.63f5040eb3d79 4 0 88 53
2 0 50 91
.63f5040ebd9d4 1 0 51 64
.63f5040ec4c43 1 0 46 64
.63f5040f09f9a 4 0 88 125
2 0 51 65
.63f5040f0b487 4 0 64 0
4 1 64 0
4 2 64 0
.63f5040f0dfe9 1 0 50 64
.63f5040f1c9cf 4 0 88 119
2 0 46 87
.63f5040f7ea0e 4 0 88 7
2 0 50 90
.63f5040f87f08 1 0 51 64
.63f5040fdac56 1 0 46 64
.63f5040fdc13a 4 0 88 60
2 0 48 95
.63f5040fed76d 1 0 50 64
.63f504102a7b5 4 0 64 127
4 1 64 127
4 2 64 127
.63f504103286a 4 0 88 77
2 0 50 104
.63f504103eb71 1 0 48 64
.63f5041064436 1 0 68 64
.63f504109a91a 4 0 88 114
2 0 51 80
.63f504109cc3e 4 0 88 82
2 0 67 80
.63f504109db2f 1 0 60 64
.63f50410a2928 4 0 64 0
4 1 64 0
4 2 64 0
.63f50410a33eb 1 0 50 64
.63f504110e672 4 0 88 68
2 0 65 81
.63f50411124cf 4 0 88 90
2 0 50 88
.63f504111f5af 1 0 51 64
.63f5041144239 1 0 67 64
.63f504116acb1 4 0 88 125
2 0 63 84
.63f5041175053 4 0 88 109
2 0 48 78
.63f504117b024 1 0 65 64
.63f504118aeeb 1 0 50 64
.63f50411c4bc5 4 0 88 110
2 0 62 91
.63f50411ca4a7 4 0 88 6
2 0 46 82
.63f50411d8414 1 0 63 64
.63f50411df40f 1 0 48 64
.63f504121ae62 4 0 88 100
2 0 44 83
.63f504121c427 4 0 88 94
2 0 60 97
.63f5041221a7a 1 0 62 64
.63f5041225d74 1 0 46 64
.63f50412795e7 4 0 88 45
2 0 48 87
.63f5041282cb6 4 0 88 14
2 0 63 89
.63f50412deab2 4 0 88 93
2 0 46 79
.63f50412e2227 4 0 88 7
2 0 62 90
.63f50412e6b09 1 0 48 64
.63f50412f2daf 1 0 63 64
.63f5041346cdf 4 0 88 73
2 0 63 78
.63f504134b8e3 4 0 88 112
2 0 48 82
.63f5041351d04 1 0 62 64
.63f5041356bcb 1 0 44 64
.63f504135a282 1 0 46 64
.63f50413606f5 1 0 60 64
.63f50413707ec 4 0 64 127
4 1 64 127
4 2 64 127
.63f50413b5bc6 4 0 88 111
2 0 41 74
.63f50413b6bd0 4 0 64 0
4 1 64 0
4 2 64 0
.63f50413be948 4 0 88 88
2 0 56 70
.63f50413c0145 1 0 48 64
.63f5041423a83 4 0 88 1
2 0 62 86
.63f504143290c 1 0 63 64
.63f5041481a43 4 0 88 7
2 0 60 90
.63f504148d10c 1 0 62 64
.63f50414cfdb4 4 0 88 11
2 0 62 81
.63f50414d8d93 4 0 64 127
4 1 64 127
4 2 64 127
.63f50414e0908 1 0 56 64
.63f50414e3d63 1 0 60 64
.63f5041533167 4 0 88 80
2 0 68 82
.63f5041538016 4 0 88 20
2 0 46 86
.63f5041539d57 1 0 62 64
.63f504153f7d6 1 0 41 64
.63f5041542534 4 0 64 0
4 1 64 0
4 2 64 0
.63f504159c0f3 4 0 88 27
2 0 62 93
.63f50416079c1 4 0 88 41
2 0 60 83
.63f504160c6a5 1 0 62 64
.63f50416754ac 4 0 88 58
2 0 62 86
.63f504167c0b5 1 0 60 64
.63f50416992b9 4 0 64 127
4 1 64 127
4 2 64 127
.63f50416bc1be 1 0 68 64
.63f50416d7345 1 0 46 64
.63f50416ffb78 4 0 64 0
4 1 64 0
4 2 64 0
.63f5041702e5c 4 0 88 109
2 0 67 78
.63f5041709b39 4 0 88 117
2 0 39 56
.63f504170b5a2 4 0 88 0
2 0 51 51
.63f50417d453c 4 0 88 20
2 0 58 86
.63f50417de8c3 1 0 62 64
.63f50417f5068 1 0 67 64
.63f50418018f2 4 0 64 127
4 1 64 127
4 2 64 127
.63f5041835054 4 0 88 6
2 0 56 82
.63f5041841a23 1 0 58 64
.63f504188e37b 4 0 64 0
4 1 64 0
4 2 64 0
.63f504189e55f 4 0 88 61
2 0 58 97
.63f50418aace1 1 0 56 64
.63f50418ab745 4 0 64 127
4 1 64 127
4 2 64 127
.63f5041900a9a 4 0 88 9
2 0 63 68
.63f50419527a8 1 0 39 64
.63f5041958556 4 0 64 0
4 1 64 0
4 2 64 0
.63f504195b812 4 0 88 7
2 0 62 90
.63f5041963f42 4 0 88 117
2 0 43 100
.63f50419662cb 1 0 63 64
.63f504197c5df 1 0 51 64
.63f50419bf196 4 0 88 6
2 0 63 82
.63f50419ca305 1 0 62 64
.63f5041a1665d 4 0 88 25
2 0 66 83
.63f5041a27445 1 0 63 64
.63f5041a35008 4 0 88 55
2 0 65 82
.63f5041a395bd 1 0 66 64
.63f5041a7b801 4 0 88 70
2 0 62 85
.63f5041a7d591 4 0 64 127
4 1 64 127
4 2 64 127
.63f5041a8c338 1 0 65 64
.63f5041adb24e 4 0 64 0
4 1 64 0
4 2 64 0
.63f5041adfe87 1 0 58 64
.63f5041ae0c01 4 0 88 76
2 0 46 68
.63f5041ae1b53 4 0 88 88
2 0 63 70
.63f5041ae2175 4 0 88 41
2 0 60 83
.63f5041ae3279 1 0 62 64
.63f5041af2295 1 0 43 64
.63f5041b48a1b 4 0 88 70
2 0 62 85
.63f5041b55464 1 0 63 64
.63f5041baf3f6 4 0 88 26
2 0 63 71
.63f5041bc0302 1 0 62 64
.63f5041bcb94b 1 0 60 64
.63f5041c0cb47 4 0 88 80
2 0 58 82
.63f5041c1a874 4 0 64 127
4 1 64 127
4 2 64 127
.63f5041c70ed9 1 0 46 64
.63f5041c74d18 4 0 88 96
2 0 56 86
.63f5041c78b38 4 0 88 118
2 0 46 102
.63f5041c7e251 4 0 64 0
4 1 64 0
4 2 64 0
.63f5041c82f1c 1 0 58 64
.63f5041ca43dc 4 0 64 127
4 1 64 127
4 2 64 127
.63f5041cd9630 4 0 88 72
2 0 58 85
.63f5041cfc2b2 1 0 56 64
.63f5041d4b6b0 4 0 88 13
2 0 48 85
.63f5041d4e264 4 0 64 0
4 1 64 0
4 2 64 0
.63f5041d51903 4 0 88 39
2 0 56 90
.63f5041d54b6c 1 0 46 64
.63f5041d569d4 1 0 58 64
.63f5041ddeafd 4 0 88 20
2 0 55 89
.63f5041dea4c5 1 0 56 64
.63f5041e0b2e4 1 0 63 64
.63f5041e35d2a 4 0 88 85
2 0 53 84
.63f5041e41ef7 1 0 55 64
.63f5041e4443d 4 0 64 127
4 1 64 127
4 2 64 127
.63f5041e9138d 4 0 88 65
2 0 52 90
.63f5041e95051 1 0 53 64
.63f5041ee862f 4 0 64 0
4 1 64 0
4 2 64 0
.63f5041eeb91d 4 0 88 48
2 0 60 96
.63f5041eebca8 4 0 88 92
2 0 44 101
.63f5041efe747 1 0 48 64
.63f5041f433cb 4 0 88 70
2 0 59 85
.63f5041f4b536 1 0 60 64
.63f5041f5d9a8 4 0 64 127
4 1 64 127
4 2 64 127
.63f5041f837b8 1 0 52 64
.63f5041f92599 4 0 64 0
4 1 64 0
4 2 64 0
.63f5041f9b815 4 0 88 39
2 0 62 92
.63f5041f9f460 4 0 88 43
2 0 56 87
.63f5041fa64a3 1 0 59 64
.63f5041ff99f5 4 0 88 100
2 0 58 83
.63f5041ffebae 4 0 64 127
4 1 64 127
4 2 64 127
.63f504203c658 1 0 62 64
.63f5042058219 4 0 88 94
2 0 60 97
.63f504205b80d 1 0 56 64
.63f504205f864 4 0 64 0
4 1 64 0
4 2 64 0
4 0 88 27
2 0 43 93
.63f504206678d 1 0 44 64
.63f504206726e 1 0 58 64
.63f50420b98d8 4 0 88 61
2 0 44 97
.63f50420d305e 1 0 43 64
.63f504211746f 4 0 88 88
2 0 46 98
.63f5042126c8e 1 0 44 64
.63f5042172d3f 4 0 88 25
2 0 51 83
.63f50421cd8ba 1 0 60 64
.63f50421d0ac0 4 0 88 51
2 0 55 78
.63f504220e280 4 0 64 127
4 1 64 127
4 2 64 127
.63f504222fcfe 4 0 88 93
2 0 58 79
.63f5042231524 1 0 51 64
.63f504224390b 1 0 55 64
.63f5042292055 4 0 64 0
4 1 64 0
4 2 64 0
.63f504229601c 4 0 88 127
2 0 56 77
.63f504229b8e0 4 0 88 124
2 0 50 112
.63f50422a9d32 1 0 46 64
.63f50422aca71 1 0 58 64
.63f50422fea96 4 0 88 1
2 0 55 86
.63f504230a608 1 0 56 64
.63f50423110d6 4 0 88 83
2 0 52 21
.63f504232357b 1 0 52 64
.63f504236cc28 4 0 88 33
2 0 51 93
.63f5042370e2d 4 0 88 14
2 0 56 89
.63f504237bdd3 1 0 50 64
.63f50423802d0 1 0 55 64
.63f50423e6a17 4 0 88 65
2 0 53 90
.63f50423ef63b 1 0 56 64
.63f5042447884 4 0 88 55
2 0 55 82
.63f5042458281 1 0 53 64
.63f50424a561a 4 0 88 108
2 0 56 93
.63f50424af1df 1 0 55 64
.63f50424e1e1e 4 0 64 127
4 1 64 127
4 2 64 127
.63f5042503125 1 0 56 64
.63f504250e49d 4 0 88 78
2 0 55 89
.63f504251fd80 1 0 51 64
.63f504253fa4d 4 0 64 0
4 1 64 0
4 2 64 0
.63f5042584d14 4 0 88 90
2 0 67 88
.63f50425e0118 4 0 88 26
2 0 68 71
.63f50425e9dbb 1 0 67 64
.63f50426380c0 4 0 88 100
2 0 70 83
.63f504264592a 1 0 68 64
.63f5042690549 4 0 88 38
2 0 72 79
.63f5042695505 4 0 88 46
2 0 58 73
.63f5042698927 1 0 70 64
.63f50426a68ea 1 0 55 64
.63f50426f6364 4 0 88 96
2 0 75 86
.63f5042711042 1 0 72 64
.63f504275360a 4 0 88 27
2 0 74 93
.63f5042764425 1 0 75 64
.63f50427aaad3 4 0 88 103
2 0 72 87
.63f50427b1558 1 0 74 64
.63f50427bb74f 4 0 64 127
4 1 64 127
4 2 64 127
.63f504281127c 4 0 88 82
2 0 77 80
.63f5042811dec 4 0 88 95
2 0 62 75
.63f50428163e8 4 0 64 0
4 1 64 0
4 2 64 0
.63f50428194a3 1 0 72 64
.63f5042826854 1 0 58 64
.63f50428848b5 4 0 88 127
2 0 75 77
.63f5042894c3e 1 0 77 64
.63f50428e4e1f 4 0 88 110
2 0 74 91
.63f50428f6427 1 0 75 64
.63f5042937a55 4 0 88 110
2 0 72 91
.63f5042938ca5 1 0 74 64
.63f50429904a8 4 0 88 88
2 0 70 70
.63f50429909a4 4 0 88 60
2 0 65 95
.63f50429a0cab 1 0 62 64
.63f50429a5534 1 0 72 64
.63f50429fbac4 4 0 88 40
2 0 68 80
.63f5042a0f3c1 1 0 70 64
.63f5042a5f8f5 4 0 88 45
2 0 67 87
.63f5042a66e68 1 0 68 64
.63f5042ab25a6 4 0 64 127
4 1 64 127
4 2 64 127
.63f5042ab38e9 4 0 88 25
2 0 68 83
.63f5042abe38c 1 0 67 64
.63f5042ad2924 4 0 64 0
4 1 64 0
4 2 64 0
.63f5042b07c12 4 0 88 120
2 0 70 73
.63f5042b0c73a 4 0 88 50
2 0 62 54
.63f5042b11458 1 0 68 64
.63f5042b1c9be 1 0 65 64
.63f5042b65e80 4 0 88 82
2 0 74 80
.63f5042b70ba7 1 0 70 64
.63f5042bc5d68 4 0 88 15
2 0 72 73
.63f5042bce3c3 4 0 88 59
2 0 58 56
.63f5042bd186d 1 0 62 64
.63f5042bd7877 1 0 74 64
.63f5042c3ebdf 4 0 88 12
2 0 70 75
.63f5042c4f650 1 0 72 64
.63f5042c69dab 4 0 64 127
4 1 64 127
4 2 64 127
.63f5042ca0f2f 1 0 70 64
.63f5042cafe9c 4 0 88 119
2 0 70 87
.63f5042cb3682 4 0 88 55
2 0 67 74
.63f5042cbbe4a 4 0 64 0
4 1 64 0
4 2 64 0
.63f5042cbff8e 1 0 58 64
.63f5042d28a66 4 0 88 1
2 0 65 86
.63f5042d3112e 1 0 67 64
.63f5042d90de0 4 0 88 78
2 0 67 89
.63f5042d9699f 1 0 65 64
.63f5042dee99b 4 0 88 125
2 0 65 81
.63f5042dff43b 1 0 67 64
.63f5042e543de 4 0 88 117
2 0 63 61
.63f5042e638c3 1 0 65 64
.63f5042eacfa4 4 0 88 24
2 0 62 80
.63f5042eb151f 1 0 63 64
.63f5042f02c55 4 0 88 114
2 0 68 80
.63f5042f087a9 4 0 88 78
2 0 60 76
.63f5042f0cfea 1 0 62 64
.63f5042f15681 1 0 70 64
.63f5042f63122 4 0 88 78
2 0 62 89
.63f5042f6d582 1 0 60 64
.63f5042fc5194 4 0 88 127
2 0 65 61
.63f5042fc5c80 4 0 88 32
2 0 72 72
.63f5042fd90ff 1 0 62 64
.63f504302e9ad 4 0 88 49
2 0 63 62
.63f504303ecee 1 0 65 64
.63f504307fa87 4 0 88 24
2 0 62 66
.63f504308c031 1 0 63 64
.63f50430d59bb 4 0 88 125
2 0 60 81
.63f50430e4693 1 0 62 64
.63f5043135a6b 4 0 88 58
2 0 58 48
.63f50431377cb 4 0 88 63
2 0 63 43
.63f504313e69f 1 0 60 64
.63f504314434d 4 0 88 91
2 0 61 19
.63f5043155ed4 1 0 61 64
.63f5043194caa 4 0 88 125
2 0 56 65
.63f504319d22f 1 0 58 64
.63f50431f6ac6 4 0 88 95
2 0 60 75
.63f504320cffd 1 0 56 64
.63f5043249bc8 4 0 88 80
2 0 58 82
.63f5043254b50 4 0 64 127
4 1 64 127
4 2 64 127
.63f5043257a98 1 0 60 64
.63f50432730d2 1 0 72 64
.63f50432ae704 4 0 88 26
2 0 56 48
.63f50432af935 1 0 58 64
.63f50432b269a 4 0 64 0
4 1 64 0
4 2 64 0
.63f50432b2879 1 0 68 64
.63f50432b8ce4 4 0 88 60
2 0 70 81
.63f504331ee43 4 0 88 32
2 0 55 72
.63f50433268be 1 0 56 64
.63f50433797d6 4 0 88 39
2 0 53 75
.63f504337f167 1 0 55 64
.63f50433d42ea 4 0 88 24
2 0 55 80
.63f50433e83be 1 0 53 64
.63f50433ef86a 1 0 63 64
.63f5043433d3f 4 0 88 70
2 0 56 39
.63f5043434a7c 4 0 88 110
2 0 60 91
.63f5043435dd1 1 0 55 64
.63f504349816c 4 0 88 96
2 0 53 68
.63f504349c6aa 1 0 56 64
.63f50434efb6c 4 0 88 58
2 0 55 86
.63f5043501df4 1 0 53 64
.63f504353faba 4 0 88 20
2 0 56 86
.63f504354bdc4 1 0 55 64
.63f50435959c7 1 0 70 64
.63f504359eeaa 4 0 88 74
2 0 53 59
.63f504359f590 4 0 88 119
2 0 68 64
.63f50435a27c6 1 0 56 64
.63f50436037d6 4 0 88 72
2 0 51 85
.63f504360fa2b 1 0 53 64
.63f5043661ffb 4 0 88 72
2 0 50 94
.63f504366c6fa 1 0 51 64
.63f50436b409a 4 0 88 57
2 0 51 65
.63f50436bfb5e 4 0 64 127
4 1 64 127
4 2 64 127
.63f50436cac83 1 0 50 64
.63f50436d2578 1 0 60 64
.63f504370b5ed 4 0 88 6
2 0 58 82
.63f504370bd73 4 0 64 0
4 1 64 0
4 2 64 0
.63f504370f8b6 4 0 88 28
2 0 53 84
.63f5043719e24 1 0 51 64
.63f50437706f9 4 0 88 37
2 0 50 97
.63f504377e11b 1 0 53 64
.63f50437cfdc3 4 0 88 14
2 0 51 89
.63f50437e42a8 1 0 50 64
.63f50438269f7 4 0 88 94
2 0 53 97
.63f50438320b4 1 0 51 64
.63f504387def8 1 0 68 64
.63f5043885e59 4 0 88 96
2 0 67 60
.63f50438898f9 4 0 88 89
2 0 51 54
.63f504388e242 1 0 53 64
.63f50438ee499 4 0 88 95
2 0 50 75
.63f50438f9a3e 1 0 51 64
.63f504394a7f2 4 0 88 33
2 0 48 88
.63f50439572af 1 0 50 64
.63f504399c91a 4 0 88 127
2 0 46 77
.63f50439b0486 1 0 48 64
.63f50439b39ae 4 0 64 127
4 1 64 127
4 2 64 127
.63f50439dbe44 1 0 58 64
.63f5043a020f0 4 0 88 57
2 0 56 65
.63f5043a0374d 4 0 88 78
2 0 45 89
.63f5043a089c9 4 0 64 0
4 1 64 0
4 2 64 0
.63f5043a09767 1 0 46 64
.63f5043a62652 4 0 88 96
2 0 46 86
.63f5043a7905a 1 0 45 64
.63f5043aba5b2 4 0 88 14
2 0 48 94
.63f5043ac8ce8 1 0 46 64
.63f5043ade816 4 0 64 127
4 1 64 127
4 2 64 127
.63f5043afd3d3 1 0 67 64
.63f5043b0d91a 4 0 88 37
2 0 45 97
.63f5043b1e43d 1 0 48 64
.63f5043b294f4 1 0 56 64
.63f5043b676bf 4 0 88 10
2 0 65 64
.63f5043b6abdb 4 0 88 24
2 0 57 66
.63f5043b7112b 4 0 88 38
2 0 53 79
.63f5043b7137c 4 0 64 0
4 1 64 0
4 2 64 0
.63f5043b8c737 1 0 45 64
.63f5043bd5bd3 4 0 88 108
2 0 51 93
.63f5043bdf098 1 0 53 64
.63f5043c26b6e 4 0 88 97
2 0 50 92
.63f5043c31f81 1 0 51 64
.63f5043c7904d 4 0 88 60
2 0 48 95
.63f5043c87a40 1 0 50 64
.63f5043cd5f93 4 0 88 10
2 0 46 98
.63f5043cd71f9 1 0 48 64
.63f5043cd8aa7 4 0 88 23
2 0 53 76
.63f5043d2eb39 4 0 88 107
2 0 48 96
.63f5043d3d45f 1 0 46 64
.63f5043d8a610 4 0 88 65
2 0 50 90
.63f5043d91ec3 1 0 48 64
.63f5043dda8e3 4 0 88 66
2 0 46 88
.63f5043de9ee6 4 0 64 127
4 1 64 127
4 2 64 127
.63f5043deb62a 1 0 50 64
.63f5043df37a2 1 0 65 64
.63f5043df4335 1 0 53 64
.63f5043e422f7 4 0 88 65
2 0 50 90
.63f5043e4369d 4 0 88 93
2 0 63 71
.63f5043e44b32 4 0 64 0
4 1 64 0
4 2 64 0
.63f5043e48587 4 0 88 97
2 0 53 65
.63f5043e48c49 1 0 46 64
.63f5043eaabbb 4 0 88 37
2 0 48 97
.63f5043ebc7b2 1 0 50 64
.63f5043ef86e6 4 0 88 7
2 0 46 95
.63f5043f0e651 1 0 48 64
.63f5043f4e02d 4 0 88 48
2 0 45 96
.63f5043f54386 1 0 63 64
.63f5043f5bc8f 1 0 46 64
.63f5043f60f42 4 0 64 127
4 1 64 127
4 2 64 127
.63f5043f63fb8 1 0 53 64
.63f5043fa45f1 4 0 88 85
2 0 62 84
.63f5043fa4910 4 0 88 85
2 0 43 84
.63f5043fa5481 4 0 88 66
2 0 58 74
.63f5043fa76a9 1 0 57 64
.63f5043fa96a6 1 0 45 64
.63f5043faa2af 4 0 64 0
4 1 64 0
4 2 64 0
.63f5043ffdf63 4 0 88 122
2 0 45 77
.63f50440199b4 1 0 43 64
.63f5044053a03 4 0 88 62
2 0 46 91
.63f50440635f2 1 0 45 64
.63f504409f3aa 4 0 88 84
2 0 43 93
.63f50440a98cc 1 0 46 64
.63f50440b7c70 4 0 64 127
4 1 64 127
4 2 64 127
.63f50440d80d8 1 0 62 64
.63f50440fe1a8 4 0 64 0
4 1 64 0
4 2 64 0
.63f50440fe9e0 4 0 88 59
2 0 50 100
.63f5044101771 4 0 88 72
2 0 62 94
.63f5044109309 1 0 43 64
.63f504416ba92 4 0 88 117
2 0 48 100
.63f504417ed28 1 0 50 64
.63f50441bc9a9 4 0 88 91
2 0 46 89
.63f50441d2ea3 1 0 48 64
.63f5044211899 4 0 64 127
4 1 64 127
4 2 64 127
.63f5044213a47 4 0 88 61
2 0 44 97
.63f50442245a3 1 0 46 64
.63f504422bf80 1 0 62 64
.63f504425077d 1 0 44 64
.63f5044262860 4 0 88 21
2 0 44 70
.63f504426c54c 4 0 64 0
4 1 64 0
4 2 64 0
.63f504426ef9c 4 0 88 35
2 0 60 102
.63f5044276d41 1 0 58 64
.63f50442bf59f 4 0 88 62
2 0 46 91
.63f50442e5a57 1 0 44 64
.63f504431b5a9 4 0 88 10
2 0 51 60
.63f50443222ba 4 0 88 28
2 0 48 84
.63f504432bec9 1 0 46 64
.63f504437646b 4 0 88 91
2 0 44 89
.63f50443853d4 1 0 48 64
.63f504439d167 4 0 64 127
4 1 64 127
4 2 64 127
.63f50443a90d1 1 0 51 64
.63f50443dece6 4 0 88 68
2 0 41 81
.63f50443e48ae 1 0 44 64
.63f50443e944c 4 0 64 0
4 1 64 0
4 2 64 0
.63f50443eda43 4 0 88 90
2 0 50 88
.63f5044444fb5 1 0 60 64
.63f504444fdc9 4 0 88 100
2 0 51 83
.63f50444a48b0 4 0 88 84
2 0 53 93
.63f50444ab721 1 0 50 64
.63f50444b934d 1 0 51 64
.63f50444f9d40 4 0 88 53
2 0 50 91
.63f5044503bf7 1 0 53 64
.63f5044508633 4 0 64 127
4 1 64 127
4 2 64 127
.63f504455d5e1 4 0 64 0
4 1 64 0
4 2 64 0
.63f504456f582 4 0 88 20
2 0 59 89
.63f50445cdd86 4 0 88 38
2 0 55 79
.63f5044621a17 1 0 50 64
.63f50446284a0 4 0 88 85
2 0 53 84
.63f5044639641 1 0 55 64
.63f5044647cc7 4 0 64 127
4 1 64 127
4 2 64 127
.63f5044678de2 4 0 88 66
2 0 51 88
.63f50446861fb 1 0 53 64
.63f50446b4b17 1 0 51 64
.63f50446c184a 1 0 41 64
.63f50446c7e12 4 0 88 28
2 0 43 84
.63f50446c993c 4 0 88 82
2 0 50 80
.63f50446ce86f 4 0 64 0
4 1 64 0
4 2 64 0
.63f504472dcd0 4 0 88 10
2 0 51 92
.63f504473aba0 1 0 50 64
.63f5044783e5b 4 0 88 65
2 0 53 90
.63f504478cfd8 1 0 51 64
.63f50447d9356 4 0 88 39
2 0 50 92
.63f50447db53f 1 0 53 64
.63f50447dc1d6 4 0 64 127
4 1 64 127
4 2 64 127
.63f50447e7a6e 1 0 59 64
.63f504482ffbb 1 0 50 64
.63f50448376ba 4 0 88 45
2 0 59 87
.63f5044837ff7 4 0 88 112
2 0 55 82
.63f504483cd73 4 0 64 0
4 1 64 0
4 2 64 0
.63f50448a0a37 4 0 88 83
2 0 57 98
.63f50448a6b43 4 0 88 125
2 0 53 81
.63f50448aa0e9 1 0 59 64
.63f50448b728f 1 0 55 64
.63f50448fe6be 4 0 88 20
2 0 59 89
.63f50449004d3 4 0 88 23
2 0 55 76
.63f504490d606 1 0 53 64
.63f504490f4c4 1 0 57 64
.63f5044952415 4 0 88 47
2 0 60 101
.63f5044961194 1 0 59 64
.63f5044967ad4 4 0 64 127
4 1 64 127
4 2 64 127
.63f5044972c0e 1 0 43 64
.63f504497fec9 1 0 55 64
.63f50449ad745 4 0 88 20
2 0 44 86
4 0 88 116
2 0 62 86
.63f50449aeb66 4 0 88 112
2 0 53 82
.63f50449b6d06 4 0 64 0
4 1 64 0
4 2 64 0
.63f50449ba087 1 0 60 64
.63f5044a0f359 4 0 88 59
2 0 60 100
.63f5044a3728f 1 0 62 64
.63f5044a669fe 4 0 88 90
2 0 59 88
.63f5044a7459a 1 0 60 64
.63f5044aba8ca 4 0 88 97
2 0 62 92
.63f5044acd28f 4 0 64 127
4 1 64 127
4 2 64 127
.63f5044ae1152 1 0 59 64
.63f5044b15b62 1 0 53 64
.63f5044b1afcc 4 0 88 19
2 0 56 79
.63f5044b1f3a4 4 0 64 0
4 1 64 0
4 2 64 0
.63f5044b8b17e 4 0 88 60
2 0 55 95
.63f5044bd708f 4 0 88 23
2 0 53 76
.63f5044be67f7 1 0 55 64
.63f5044c2cc7b 4 0 64 127
4 1 64 127
4 2 64 127
.63f5044c2d4a3 4 0 88 108
2 0 51 93
.63f5044c3ac35 1 0 53 64
1 0 44 64
.63f5044c7ede6 4 0 88 110
2 0 50 91
.63f5044c7f7f5 4 0 88 43
2 0 44 87
.63f5044c87335 1 0 51 64
.63f5044c8a8bb 4 0 64 0
4 1 64 0
4 2 64 0
.63f5044cd8238 4 0 88 43
2 0 51 87
.63f5044ce180b 1 0 50 64
.63f5044d2b82c 4 0 88 83
2 0 53 98
.63f5044d34984 1 0 51 64
.63f5044d80050 4 0 88 0
2 0 60 100
.63f5044d86a9e 1 0 62 64
.63f5044dd7550 4 0 88 98
2 0 59 83
.63f5044ddf6af 4 0 88 43
2 0 51 87
.63f5044ddfca1 1 0 60 64
.63f5044de9ce1 1 0 53 64
.63f5044e3801b 4 0 88 71
2 0 60 99
.63f5044e4000b 1 0 59 64
.63f5044e8c02d 1 0 56 64
.63f5044e8fa9d 4 0 88 71
2 0 53 99
.63f5044ed0219 1 0 44 64
.63f5044ee07bc 4 0 88 39
2 0 56 90
.63f5044ee9043 4 0 64 127
4 1 64 127
4 2 64 127
.63f5044ef200d 1 0 53 64
.63f5044f18ec7 1 0 60 64
.63f5044f394e5 4 0 88 85
2 0 50 84
.63f5044f3eff3 1 0 51 64
.63f5044f41053 4 0 88 104
2 0 45 71
.63f5044f4194a 4 0 88 32
2 0 43 63
.63f5044f43e16 4 0 64 0
4 1 64 0
4 2 64 0
.63f5044f48b20 4 0 88 127
2 0 55 61
.63f5044f4a3db 1 0 56 64
.63f5044f4c058 4 0 88 36
2 0 57 56
.63f5044f4efee 4 0 88 119
2 0 59 70
.63f5044f5b217 1 0 45 64
.63f5044f6c74a 1 0 57 64
.63f5044fbbd5d 4 0 88 94
2 0 53 97
.63f5044fc7bbb 1 0 55 64
.63f5044ff8cda 1 0 50 64
.63f504500e6af 4 0 88 60
2 0 51 81
.63f5045024f1f 1 0 53 64
.63f504506db74 4 0 88 107
2 0 53 96
.63f504507ddc7 1 0 51 64
.63f50450c33c3 4 0 88 2
2 0 55 95
.63f50450d5fd1 1 0 53 64
.63f504512149f 4 0 88 117
2 0 50 100
.63f504517c06f 4 0 88 13
2 0 48 99
.63f50451880a3 1 0 50 64
.63f50451cb6c7 4 0 64 127
4 1 64 127
4 2 64 127
.63f50451d54a0 4 0 88 7
2 0 51 95
.63f50451d8224 1 0 43 64
.63f50451de125 1 0 55 64
.63f50451e0e04 1 0 59 64
.63f50451e9998 1 0 48 64
.63f504520ba43 1 0 51 64
.63f50452235d5 4 0 88 27
2 0 50 93
.63f5045226567 4 0 64 0
4 1 64 0
4 2 64 0
4 0 88 72
2 0 43 73
.63f504523ad11 4 0 88 39
2 0 62 68
.63f5045294e02 4 0 88 83
2 0 48 98
.63f504529f52a 1 0 50 64
.63f50452eb60b 4 0 88 37
2 0 47 97
.63f50452f5ed1 1 0 48 64
.63f50453410d1 4 0 88 13
2 0 48 99
.63f504534b42c 4 0 64 127
4 1 64 127
4 2 64 127
.63f504535050a 1 0 47 64
.63f50453531b7 1 0 62 64
.63f50453982af 4 0 88 60
2 0 50 95
.63f504539ffdd 4 0 88 8
2 0 65 77
.63f50453a0349 4 0 64 0
4 1 64 0
4 2 64 0
.63f50453a1336 1 0 48 64
.63f50453f78bf 4 0 88 48
2 0 47 96
.63f504540d578 1 0 50 64
.63f50454488de 4 0 88 8
2 0 48 105
.63f5045458f70 1 0 47 64
.63f504547917f 4 0 64 127
4 1 64 127
4 2 64 127
.63f504549a992 1 0 65 64
.63f50454a036a 4 0 88 0
2 0 50 106
.63f50454adff9 1 0 48 64
.63f50454bfc25 1 0 43 64
.63f50454f72f8 4 0 88 110
2 0 43 91
.63f50454f7c1c 4 0 88 125
2 0 51 84
.63f50454f87d0 1 0 50 64
.63f50454fec0f 4 0 88 2
2 0 67 95
.63f5045502ce7 4 0 64 0
4 1 64 0
4 2 64 0
.63f504556b99e 4 0 88 48
2 0 53 96
.63f504556d166 4 0 88 91
2 0 68 89
.63f504557552a 1 0 51 64
.63f504557d212 1 0 67 64
.63f50455c3463 4 0 88 118
2 0 67 95
.63f50455c6470 4 0 88 91
2 0 51 89
.63f50455d230b 1 0 53 64
.63f50455dde79 1 0 68 64
.63f50456162ae 4 0 88 14
2 0 50 94
.63f5045616a87 4 0 88 65
2 0 65 90
.63f504561dc1f 1 0 67 64
.63f504561e899 1 0 51 64
.63f504566f4e6 4 0 88 107
2 0 67 96
.63f50456714b7 4 0 88 48
2 0 51 84
.63f504567497a 1 0 65 64
.63f5045679396 1 0 50 64
.63f50456c06c6 4 0 88 45
2 0 65 87
.63f50456c8b4a 4 0 88 107
2 0 50 96
.63f50456cfd72 1 0 67 64
.63f50456d007b 1 0 51 64
.63f50457188c9 4 0 88 118
2 0 48 95
.63f504571abc4 4 0 88 10
2 0 63 98
.63f50457248fe 1 0 65 64
.63f504572652a 1 0 50 64
.63f50457656c1 1 0 63 64
.63f504576c880 4 0 88 47
2 0 47 101
.63f504576f36c 4 0 88 18
2 0 62 104
.63f5045773917 1 0 48 64
.63f5045787d59 1 0 43 64
.63f504578a4b5 4 0 64 127
4 1 64 127
4 2 64 127
.63f50457c743d 4 0 88 77
2 0 48 104
.63f50457c83d6 4 0 88 114
2 0 63 90
.63f50457cac06 4 0 88 48
2 0 43 96
.63f50457d00c9 1 0 47 64
.63f50457d5036 1 0 62 64
.63f50457d67ae 4 0 64 0
4 1 64 0
4 2 64 0
.63f504581f597 4 0 88 60
2 0 69 95
.63f5045823007 4 0 88 117
2 0 53 100
.63f5045826942 1 0 63 64
.63f5045826b8c 1 0 48 64
.63f504587c7a2 4 0 88 24
2 0 67 98
.63f504587fae8 4 0 88 71
2 0 52 99
.63f5045882dfd 1 0 69 64
.63f504588dd42 1 0 53 64
.63f50458d2d14 4 0 88 20
2 0 69 89
.63f50458d308a 4 0 88 8
2 0 53 105
.63f50458da78c 1 0 52 64
.63f50458e3d64 1 0 67 64
.63f50458e9e8f 4 0 64 127
4 1 64 127
4 2 64 127
.63f504590f6f6 1 0 53 64
.63f5045926b00 4 0 88 24
2 0 71 98
.63f504592a569 4 0 88 68
2 0 55 105
.63f504592d4af 4 0 64 0
4 1 64 0
4 2 64 0
.63f5045934953 1 0 69 64
.63f504597cd82 4 0 88 122
2 0 53 90
.63f504597d140 4 0 88 13
2 0 67 99
.63f5045988efc 1 0 55 64
.63f504598c397 1 0 71 64
.63f50459a570e 4 0 64 127
4 1 64 127
4 2 64 127
.63f50459d7424 4 0 64 0
4 1 64 0
4 2 64 0
.63f50459d9fa6 4 0 88 122
2 0 69 90
.63f50459df8a8 4 0 88 59
2 0 55 100
.63f50459e8cbd 1 0 53 64
.63f50459ef7bf 1 0 67 64
.63f50459f8bb1 1 0 43 64
.63f5045a3c2ed 4 0 88 117
2 0 71 100
.63f5045a3d8b5 4 0 88 59
2 0 57 106
.63f5045a4c244 1 0 69 64
.63f5045a4e552 1 0 55 64
.63f5045a5535b 4 0 64 127
4 1 64 127
4 2 64 127
.63f5045a7b4c9 1 0 71 64
.63f5045aaad4c 4 0 88 45
2 0 59 87
.63f5045ab5ed1 4 0 64 0
4 1 64 0
4 2 64 0
.63f5045ab6e91 1 0 57 64
.63f5045ac6348 4 0 88 11
2 0 74 81
4 0 88 35
2 0 62 102
.63f5045ac7d61 4 0 88 117
2 0 72 100
.63f5045b024a5 1 0 72 64
.63f5045b31c2e 4 0 88 72
2 0 68 85
.63f5045b37e2b 4 0 88 77
2 0 60 104
.63f5045b3d1fc 1 0 62 64
.63f5045b41cb9 1 0 59 64
.63f5045b96fab 4 0 88 111
2 0 57 74
4 0 88 97
2 0 67 92
.63f5045b9f53b 1 0 68 64
.63f5045baa821 1 0 60 64
.63f5045bf4a74 4 0 88 7
2 0 59 90
.63f5045bf6592 4 0 88 34
2 0 68 96
.63f5045c004ee 1 0 57 64
.63f5045c037b5 1 0 67 64
.63f5045c4a83f 4 0 88 39
2 0 67 92
.63f5045c4eef0 4 0 88 47
2 0 60 101
.63f5045c59f29 1 0 59 64
.63f5045c60676 1 0 68 64
.63f5045ca7d09 4 0 88 61
2 0 63 97
.63f5045ca80ba 4 0 88 68
2 0 65 81
.63f5045cb31c4 1 0 67 64
.63f5045cb387a 1 0 60 64
.63f5045cffeb1 4 0 88 0
2 0 62 100
.63f5045d07614 1 0 63 64
.63f5045d5ddf8 4 0 88 92
2 0 60 109
.63f5045d703b9 1 0 62 64
.63f5045d80e2b 4 0 64 127
4 1 64 127
4 2 64 127
.63f5045dbd595 4 0 88 107
2 0 55 96
.63f5045dbf5c8 4 0 88 107
2 0 59 96
.63f5045dc14a4 4 0 64 0
4 1 64 0
4 2 64 0
.63f5045dc6e9f 1 0 60 64
.63f5045e18eaa 4 0 88 18
2 0 57 104
.63f5045e20346 1 0 59 64
.63f5045e72a1b 4 0 88 47
2 0 59 101
.63f5045e83f85 1 0 57 64
.63f5045ec926a 4 0 88 96
2 0 71 102
.63f5045ed41e5 1 0 65 64
.63f5045eeab87 1 0 74 64
.63f5045eef24d 4 0 64 127
4 1 64 127
4 2 64 127
.63f5045f2a96f 4 0 88 72
2 0 65 94
.63f5045f2b141 4 0 88 71
2 0 69 99
.63f5045f35747 4 0 64 0
4 1 64 0
4 2 64 0
.63f5045f397e9 1 0 71 64
.63f5045f93399 4 0 88 24
2 0 77 98
.63f5045f9b887 1 0 69 64
.63f5045fa20ea 4 0 88 59
2 0 67 27
.63f5045fb7cd2 1 0 67 64
.63f5045fbf256 4 0 64 127
4 1 64 127
4 2 64 127
.63f5045fe9f11 1 0 59 64
.63f5045ff7612 1 0 77 64
.63f5045ffb9af 4 0 88 57
2 0 75 94
.63f5045ffca7c 4 0 64 0
4 1 64 0
4 2 64 0
.63f5045ffd960 4 0 88 24
2 0 72 98
.63f5046063c61 4 0 88 41
2 0 74 83
.63f5046068754 1 0 75 64
.63f5046089561 4 0 64 127
4 1 64 127
4 2 64 127
.63f50460d482b 4 0 88 82
2 0 60 80
.63f50460d658c 1 0 65 64
.63f50460d7573 4 0 88 90
2 0 79 88
.63f50460db579 4 0 64 0
4 1 64 0
4 2 64 0
.63f50460de9c9 1 0 74 64
.63f50460e0419 1 0 55 64
.63f504614addc 4 0 88 14
2 0 77 94
.63f5046159773 4 0 88 13
2 0 59 99
.63f504615c975 1 0 79 64
.63f5046160c9e 1 0 60 64
.63f504619d883 1 0 72 64
.63f50461be341 4 0 88 43
2 0 75 87
.63f50461c1239 4 0 88 50
2 0 60 107
.63f50461cf109 1 0 59 64
.63f50461d2dcf 1 0 77 64
.63f504622895f 4 0 88 13
2 0 62 99
.63f5046235d8d 1 0 60 64
.63f5046287d56 4 0 88 57
2 0 63 94
.63f5046291552 1 0 62 64
.63f50462e4035 4 0 88 27
2 0 65 93
.63f50462edda3 1 0 63 64
.63f5046334c81 4 0 88 38
2 0 71 79
.63f504633b77d 4 0 88 45
2 0 67 87
.63f50463483b0 1 0 65 64
.63f5046356b56 1 0 75 64
.63f504636f3a2 4 0 88 119
2 0 66 31
.63f504638e7d2 1 0 66 64
.63f504639be37 4 0 88 20
2 0 68 86
.63f50463aa0a2 1 0 67 64
.63f5046404fbd 4 0 88 78
2 0 67 89
.63f50464107b5 1 0 68 64
.63f5046459cb9 4 0 88 122
2 0 65 90
.63f504646d53a 1 0 67 64
.63f50464b49e7 4 0 88 76
2 0 63 68
.63f50464b610f 4 0 88 60
2 0 72 95
.63f50464c37d5 1 0 65 64
.63f50464c6404 1 0 71 64
.63f504650ba16 4 0 88 85
2 0 62 84
.63f504651566e 1 0 63 64
.63f504655c13d 4 0 88 33
2 0 60 48
.63f504656702e 1 0 62 64
.63f50465b67cb 4 0 88 53
2 0 59 91
.63f50465c46d1 1 0 60 64
.63f504660d43a 4 0 88 28
2 0 60 84
.63f5046610959 4 0 88 122
2 0 67 90
.63f504661311b 1 0 59 64
.63f504661bd77 1 0 72 64
.63f504666a152 4 0 88 39
2 0 58 90
.63f50466764c5 1 0 60 64
.63f50466cb218 4 0 88 14
2 0 56 89
.63f50466e2b3e 1 0 58 64
.63f504672c45a 4 0 88 72
2 0 55 94
.63f5046734095 1 0 56 64
.63f5046788c75 4 0 88 68
2 0 64 81
.63f504678a7b9 4 0 88 100
2 0 56 83
.63f504679608d 1 0 55 64
.63f504679b164 1 0 67 64
.63f50467dfe04 4 0 88 79
2 0 55 69
.63f50467e0167 4 0 88 27
2 0 65 93
.63f50467e8f64 1 0 56 64
.63f50467eea7e 1 0 64 64
.63f504683a233 4 0 88 98
2 0 53 83
.63f5046840a7e 4 0 88 110
2 0 67 91
.63f5046844a15 1 0 55 64
.63f504684b3a6 1 0 65 64
.63f50468970b8 4 0 88 25
2 0 51 83
.63f50468a161b 1 0 53 64
.63f50468f5633 4 0 88 85
2 0 61 92
.63f50468fc9e5 4 0 88 122
2 0 50 90
.63f5046902d67 1 0 51 64
.63f504695e485 4 0 88 0
2 0 48 106
.63f504696a9d3 1 0 50 64
.63f50469a97c2 1 0 61 64
.63f50469b973c 4 0 88 45
2 0 50 87
.63f50469beb8b 4 0 88 83
2 0 60 98
.63f50469ca755 1 0 48 64
.63f5046a0ca22 4 0 88 112
2 0 51 96
.63f5046a16652 1 0 50 64
.63f5046a382c7 4 0 64 127
4 1 64 127
4 2 64 127
.63f5046a49abb 1 0 60 64
.63f5046a694ac 4 0 88 33
2 0 50 88
.63f5046a6cf47 4 0 88 41
2 0 56 102
.63f5046a6f35b 1 0 51 64
.63f5046a845dd 4 0 64 0
4 1 64 0
4 2 64 0
.63f5046ac1e21 4 0 88 77
2 0 48 104
.63f5046ad1199 1 0 50 64
.63f5046b1d937 4 0 88 83
2 0 47 98
.63f5046b1e5be 4 0 88 122
2 0 65 90
.63f5046b2ac2c 1 0 48 64
1 0 67 64
.63f5046b7a796 4 0 64 127
4 1 64 127
4 2 64 127
.63f5046b819aa 4 0 88 27
2 0 50 103
.63f5046b8fe21 1 0 47 64
.63f5046b9260f 1 0 56 64
.63f5046be5a9a 4 0 88 58
2 0 43 86
.63f5046be75a6 4 0 88 71
2 0 55 99
.63f5046befc1a 4 0 64 0
4 1 64 0
4 2 64 0
.63f5046bf38a7 1 0 50 64
.63f5046c542d4 4 0 88 100
2 0 47 108
.63f5046c656a3 1 0 43 64
.63f5046cda7fa 4 0 88 68
2 0 48 105
.63f5046ce0785 1 0 47 64
.63f5046ce4d42 1 0 65 64
.63f5046cf2f9a 4 0 88 59
2 0 63 56
.63f5046d4694b 1 0 55 64
.63f5046d6ad08 4 0 88 90
2 0 55 88
.63f5046dca759 4 0 88 20
2 0 57 89
.63f5046dd8f1d 1 0 55 64
.63f5046e23f44 4 0 88 125
2 0 58 84
.63f5046e2c6d8 1 0 57 64
.63f5046e4e309 4 0 64 127
4 1 64 127
4 2 64 127
.63f5046e62af2 4 0 64 0
4 1 64 0
4 2 64 0
.63f5046e7ddbf 4 0 88 66
2 0 46 88
.63f5046e7fb54 4 0 88 20
2 0 56 86
.63f5046e86f93 1 0 48 64
.63f5046e8d9b1 1 0 58 64
.63f5046eee11d 4 0 88 122
2 0 55 90
.63f5046ef8941 1 0 56 64
.63f5046f4fbc5 4 0 88 72
2 0 56 85
.63f5046f60e4e 1 0 55 64
.63f5046fa31f4 4 0 88 48
2 0 53 96
.63f5046fa4fe0 4 0 64 127
4 1 64 127
4 2 64 127
.63f5046fb0c72 1 0 63 64
.63f5046fffdb8 4 0 64 0
4 1 64 0
4 2 64 0
.63f5047002cf3 4 0 88 98
2 0 62 83
.63f50470164d3 1 0 56 64
.63f5047041b99 1 0 53 64
.63f5047055ea8 4 0 88 125
2 0 56 84
.63f504706c43e 4 0 64 127
4 1 64 127
4 2 64 127
.63f50470a5b00 1 0 46 64
.63f50470b40d1 4 0 88 33
2 0 46 93
.63f50470b5ae8 4 0 88 83
2 0 55 98
.63f50470b8687 4 0 64 0
4 1 64 0
4 2 64 0
.63f50470c4988 1 0 56 64
.63f504710ffba 4 0 88 0
2 0 53 100
.63f504711ab02 1 0 55 64
.63f5047121ef8 4 0 64 127
4 1 64 127
4 2 64 127
.63f5047142da7 1 0 53 64
.63f504715d9b4 4 0 88 72
2 0 44 85
.63f504716a42a 1 0 46 64
.63f5047176e52 4 0 64 0
4 1 64 0
4 2 64 0
.63f504717fbaf 4 0 88 68
2 0 51 103
.63f50471dc69a 4 0 88 8
2 0 52 77
.63f50471e38bd 4 0 88 103
2 0 50 48
.63f50472317bf 4 0 88 14
2 0 48 94
.63f5047232986 1 0 52 64
.63f50472356e9 1 0 50 64
.63f50472827cf 4 0 88 13
2 0 47 99
.63f504728e196 1 0 48 64
.63f50472e7df7 4 0 88 38
2 0 48 79
.63f50472e8f53 4 0 88 53
2 0 60 91
.63f50472eaefc 1 0 47 64
.63f50472f905b 1 0 62 64
.63f50473323af 1 0 51 64
.63f5047343d1b 4 0 88 114
2 0 51 90
.63f5047346113 1 0 48 64
.63f504739a717 4 0 88 72
2 0 50 94
.63f50473a585e 1 0 51 64
.63f50473ed939 4 0 88 35
2 0 48 102
.63f50473f3f3e 1 0 44 64
.63f5047400572 1 0 50 64
.63f504740446d 4 0 64 127
4 1 64 127
4 2 64 127
.63f504744358e 4 0 88 33
2 0 43 88
.63f50474477fb 4 0 88 2
2 0 53 95
.63f504744a91f 4 0 64 0
4 1 64 0
4 2 64 0
.63f50474523da 1 0 48 64
.63f50474b1b43 4 0 88 100
2 0 51 83
.63f50474bc1c9 1 0 53 64
.63f504750a8b6 4 0 88 97
2 0 50 92
.63f5047515775 1 0 51 64
.63f5047559cf4 4 0 88 2
2 0 48 95
.63f5047566d87 4 0 64 127
4 1 64 127
4 2 64 127
.63f50475708dc 1 0 50 64
.63f50475bbd28 4 0 64 0
4 1 64 0
4 2 64 0
.63f50475d631c 4 0 88 68
2 0 46 103
.63f50475e3979 1 0 48 64
.63f50476356f8 4 0 88 13
2 0 50 111
.63f5047640bb5 1 0 46 64
.63f504768c946 4 0 88 71
2 0 48 99
.63f504768ec1a 4 0 88 85
2 0 58 95
.63f504769e567 1 0 50 64
.63f50476ab7e4 1 0 60 64
.63f50476e3802 4 0 88 112
2 0 46 96
.63f50476f558d 1 0 43 64
.63f50476f6528 1 0 48 64
.63f50476f8337 4 0 64 127
4 1 64 127
4 2 64 127
.63f50477475c4 4 0 64 0
4 1 64 0
4 2 64 0
.63f5047748cff 4 0 88 110
2 0 51 110
.63f504774b8d1 4 0 88 72
2 0 41 94
.63f504774e9a1 1 0 46 64
.63f5047756193 4 0 88 54
2 0 43 41
.63f5047769eb1 1 0 43 64
.63f50477bf837 4 0 88 108
2 0 49 93
.63f50477ce56d 1 0 51 64
.63f504781dfa0 4 0 88 24
2 0 48 98
.63f5047829447 1 0 49 64
.63f504786d77b 4 0 88 72
2 0 46 85
.63f504787e317 1 0 48 64
.63f50478c72b7 4 0 88 122
2 0 44 105
.63f50478d9ba9 1 0 46 64
.63f504792475a 4 0 88 110
2 0 55 91
.63f504792a145 1 0 58 64
.63f504797eb86 4 0 88 66
2 0 56 88
.63f504798a836 1 0 55 64
.63f50479d2e13 4 0 88 119
2 0 58 87
.63f50479da8e2 1 0 56 64
.63f5047a3823d 1 0 58 64
.63f5047a38892 4 0 88 110
2 0 60 91
.63f5047a3917f 4 0 88 31
2 0 53 109
.63f5047a6f61c 1 0 44 64
.63f5047a74726 1 0 41 64
.63f5047a9653c 4 0 88 62
2 0 61 91
.63f5047ae377b 1 0 60 64
.63f5047ae7d1c 4 0 88 39
2 0 63 90
.63f5047af0958 1 0 61 64
.63f5047b38124 4 0 88 90
2 0 60 88
.63f5047b3a36a 4 0 64 127
4 1 64 127
4 2 64 127
.63f5047b3d69e 4 0 88 126
2 0 62 55
.63f5047b3fff2 1 0 63 64
.63f5047b7aab8 1 0 62 64
.63f5047b8666c 4 0 64 0
4 1 64 0
4 2 64 0
.63f5047b8e358 4 0 88 87
2 0 56 75
.63f5047b90f40 4 0 88 72
2 0 65 94
.63f5047b9de1a 1 0 53 64
.63f5047bf1a7b 4 0 88 39
2 0 64 92
.63f5047bf857f 1 0 65 64
.63f5047c47421 4 0 88 110
2 0 65 91
.63f5047c5116a 1 0 64 64
.63f5047c999f7 4 0 88 114
2 0 68 90
.63f5047ca0386 1 0 60 64
.63f5047ca58c3 4 0 64 127
4 1 64 127
4 2 64 127
.63f5047cb452e 1 0 65 64
.63f5047cf95ce 4 0 88 1
2 0 67 86
.63f5047cfa524 4 0 88 83
2 0 60 98
.63f5047cfb3f2 1 0 68 64
.63f5047d004ce 4 0 88 112
2 0 51 96
.63f5047d09392 1 0 56 64
.63f5047d17d4f 4 0 64 0
4 1 64 0
4 2 64 0
.63f5047d63416 4 0 88 0
2 0 65 100
.63f5047d770c4 1 0 67 64
.63f5047dbc087 4 0 88 39
2 0 64 92
.63f5047dc726f 1 0 65 64
.63f5047e19ad8 4 0 88 71
2 0 65 99
.63f5047e295eb 1 0 64 64
.63f5047e72a76 4 0 88 33
2 0 67 88
.63f5047e73bcb 4 0 88 97
2 0 59 92
.63f5047e7cdcd 1 0 65 64
.63f5047e81e8c 1 0 60 64
.63f5047ed3fab 4 0 88 85
2 0 61 95
.63f5047ee6c79 4 0 64 127
4 1 64 127
4 2 64 127
.63f5047f1e36d 1 0 59 64
.63f5047f30073 4 0 64 0
4 1 64 0
4 2 64 0
.63f5047f3235d 4 0 88 48
2 0 60 96
.63f5047f359c1 1 0 67 64
.63f5047f3bc37 4 0 88 33
2 0 58 76
.63f5047f3dfbf 1 0 61 64
.63f5047f9899d 4 0 88 62
2 0 63 91
.63f5047fab1aa 4 0 64 127
4 1 64 127
4 2 64 127
.63f5047fc66e1 1 0 51 64
.63f5047fc9ab7 1 0 60 64
.63f5047fde081 1 0 58 64
.63f5047ff8b03 4 0 88 65
2 0 50 77
.63f5047ff9599 4 0 88 48
2 0 61 84
.63f5047ff98f8 4 0 88 13
2 0 57 99
.63f5048005f0b 4 0 64 0
4 1 64 0
4 2 64 0
.63f504800b904 1 0 63 64
.63f5048051990 4 0 88 59
2 0 60 100
.63f5048055520 4 0 88 14
2 0 55 94
.63f5048059264 1 0 61 64
.63f5048060e1c 1 0 57 64
.63f50480aa0ab 4 0 88 70
2 0 57 85
.63f50480ad9a1 4 0 88 73
2 0 61 78
.63f50480b2071 1 0 55 64
.63f50480bead7 1 0 60 64
.63f5048107535 4 0 88 65
2 0 67 90
.63f504815f3fa 4 0 88 60
2 0 65 95
.63f504817e3d7 1 0 67 64
.63f50481ae4e1 4 0 88 45
2 0 64 87
.63f50481b1b40 4 0 64 127
4 1 64 127
4 2 64 127
.63f50481b608e 1 0 65 64
.63f50481c34fd 1 0 50 64
.63f50481d2671 1 0 61 64
.63f50481fd904 4 0 88 39
2 0 50 68
.63f504820385c 4 0 88 48
2 0 62 96
.63f5048206b3c 4 0 64 0
4 1 64 0
4 2 64 0
.63f504820c2bd 1 0 64 64
.63f5048259015 4 0 88 24
2 0 64 98
.63f504826763d 4 0 64 127
4 1 64 127
4 2 64 127
.63f50482677be 1 0 50 64
.63f504826aad4 1 0 62 64
.63f50482a11b3 4 0 88 112
2 0 48 82
.63f50482b85dc 4 0 88 27
2 0 65 93
.63f50482b9678 4 0 64 0
4 1 64 0
4 2 64 0
.63f50482c76d1 1 0 64 64
.63f504830ad81 4 0 88 107
2 0 60 96
.63f5048333833 1 0 57 64
.63f504836306b 4 0 88 40
2 0 58 80
.63f5048374966 1 0 60 64
.63f50483b1f15 4 0 88 107
2 0 57 96
.63f50483b2713 4 0 64 127
4 1 64 127
4 2 64 127
.63f50483b56c8 1 0 58 64
.63f504840486b 4 0 64 0
4 1 64 0
4 2 64 0
.63f5048404ea8 1 0 57 64
.63f50484090fd 4 0 88 14
2 0 58 89
.63f504840cd99 4 0 88 24
2 0 55 98
.63f504842da4c 1 0 65 64
.63f5048448929 1 0 55 64
.63f504844ad2d 4 0 64 127
4 1 64 127
4 2 64 127
.63f504845f8e2 4 0 88 39
2 0 55 92
.63f50484a1a98 1 0 48 64
.63f50484b763d 4 0 88 24
2 0 48 98
.63f50484b8376 4 0 88 116
2 0 64 86
.63f50484ba229 4 0 64 0
4 1 64 0
4 2 64 0
.63f504851a9bc 4 0 88 107
2 0 62 96
.63f504852a468 1 0 64 64
.63f5048540fca 4 0 64 127
4 1 64 127
4 2 64 127
.63f504857a53c 4 0 88 84
2 0 64 93
.63f504857ae53 4 0 88 72
2 0 46 85
.63f504857e7aa 4 0 64 0
4 1 64 0
4 2 64 0
.63f5048585829 1 0 48 64
.63f50485866de 1 0 62 64
.63f50485c4493 1 0 58 64
.63f50485dba22 1 0 55 64
.63f50485e3f7e 4 0 88 26
2 0 58 71
.63f5048637e2f 4 0 88 105
2 0 57 101
.63f5048647e50 1 0 58 64
.63f504865d2e6 4 0 64 127
4 1 64 127
4 2 64 127
.63f5048677a53 1 0 64 64
.63f504868655d 4 0 88 1
2 0 55 86
.63f50486b16a1 1 0 55 64
.63f50486d9e67 1 0 57 64
.63f50486de17e 4 0 88 58
2 0 53 86
.63f50486de822 4 0 88 103
2 0 65 87
.63f50486e106c 4 0 64 0
4 1 64 0
4 2 64 0
.63f50486e286e 4 0 88 116
2 0 60 53
.63f504872d8e4 1 0 46 64
.63f504873d11f 4 0 88 62
2 0 46 91
.63f504879ecc7 4 0 88 0
2 0 48 106
.63f50487ad2ca 1 0 46 64
.63f50487ee16b 4 0 88 23
2 0 50 110
.63f50487fbd01 1 0 48 64
.63f504880beab 4 0 64 127
4 1 64 127
4 2 64 127
.63f50488163e3 1 0 53 64
.63f504883985e 4 0 88 80
2 0 51 82
.63f504884732b 1 0 50 64
.63f50488496db 4 0 64 0
4 1 64 0
4 2 64 0
.63f5048853c3a 4 0 88 0
2 0 62 100
.63f50488aab63 4 0 88 107
2 0 55 96
.63f50488bb556 1 0 51 64
.63f50488f2cc2 1 0 62 64
.63f50488fc92e 4 0 88 91
2 0 58 89
.63f5048900456 4 0 88 97
2 0 53 92
.63f504890a19f 1 0 55 64
.63f5048910491 1 0 60 64
.63f5048950b58 4 0 88 45
2 0 57 87
.63f50489511a0 4 0 88 39
2 0 51 90
.63f5048957887 1 0 58 64
.63f504895d3bc 1 0 53 64
.63f50489ad2ed 4 0 88 103
2 0 50 87
.63f50489b0265 4 0 88 114
2 0 58 90
.63f50489b2101 1 0 51 64
.63f50489bdea6 1 0 57 64
.63f5048a09f93 4 0 88 71
2 0 62 99
.63f5048a16f53 1 0 58 64
.63f5048a389bb 4 0 64 127
4 1 64 127
4 2 64 127
.63f5048a63d9a 4 0 88 13
2 0 60 99
.63f5048a7560c 1 0 62 64
.63f5048a8aa91 4 0 64 0
4 1 64 0
4 2 64 0
.63f5048a936af 4 0 64 127
4 1 64 127
4 2 64 127
.63f5048ab3267 4 0 88 85
2 0 58 95
.63f5048abc1cd 1 0 60 64
.63f5048ac08a5 1 0 65 64
.63f5048b0b356 4 0 88 49
2 0 51 62
.63f5048b0b8ae 4 0 64 0
4 1 64 0
4 2 64 0
.63f5048b1167e 4 0 88 119
2 0 68 87
.63f5048b182ca 1 0 50 64
.63f5048b1d7e9 1 0 58 64
.63f5048b68fd9 4 0 88 11
2 0 67 81
.63f5048b7c66a 1 0 68 64
.63f5048b9e135 4 0 64 127
4 1 64 127
4 2 64 127
.63f5048bafa7d 4 0 64 0
4 1 64 0
4 2 64 0
.63f5048bbd401 4 0 88 113
2 0 65 67
.63f5048bbd58d 1 0 67 64
.63f5048bbdd4e 4 0 88 40
2 0 68 80
.63f5048c11951 4 0 88 97
2 0 55 92
.63f5048c30075 1 0 51 64
.63f5048c6aa39 4 0 88 59
2 0 57 100
.63f5048c6e9a9 4 0 88 114
2 0 63 90
.63f5048c7b411 1 0 65 64
.63f5048c7e570 1 0 55 64
.63f5048cc489a 4 0 88 35
2 0 60 102
.63f5048cd304c 1 0 57 64
.63f5048d18f1a 4 0 88 40
2 0 58 80
.63f5048d1bccf 4 0 88 27
2 0 62 103
.63f5048d1dd80 1 0 60 64
.63f5048d1eea2 1 0 63 64
.63f5048d70eba 4 0 88 119
2 0 57 106
.63f5048d7f05d 1 0 58 64
.63f5048d9612a 4 0 64 127
4 1 64 127
4 2 64 127
.63f5048dcf8d5 4 0 88 93
2 0 54 79
.63f5048dd67c7 4 0 64 0
4 1 64 0
4 2 64 0
.63f5048e00363 1 0 62 64
.63f5048e34b18 4 0 88 77
2 0 60 104
.63f5048e7f7de 4 0 88 84
2 0 62 93
.63f5048e8a0ce 1 0 60 64
.63f5048ec9b79 4 0 64 127
4 1 64 127
4 2 64 127
.63f5048ecbdcc 4 0 88 91
2 0 63 89
.63f5048ed6ee8 1 0 62 64
.63f5048eec9cc 1 0 63 64
.63f5048eed370 1 0 68 64
.63f5048f1d5e9 4 0 88 38
2 0 62 79
.63f5048f25118 4 0 88 119
2 0 69 106
.63f5048f3331d 4 0 64 0
4 1 64 0
4 2 64 0
.63f5048f7a3d4 4 0 88 14
2 0 72 94
.63f5048f88194 1 0 69 64
.63f5048f96c2b 4 0 64 127
4 1 64 127
4 2 64 127
.63f5048fb9e84 1 0 62 64
.63f5048fd581f 4 0 88 91
2 0 70 89
.63f5048fda26f 4 0 64 0
4 1 64 0
4 2 64 0
.63f5048fddd03 4 0 88 23
2 0 63 107
.63f5048ffc1d7 1 0 72 64
.63f5049023748 4 0 64 127
4 1 64 127
4 2 64 127
.63f504902d261 1 0 54 64
.63f5049030c10 1 0 57 64
.63f5049034101 4 0 88 84
2 0 69 93
.63f504903f184 1 0 70 64
.63f50490710e7 1 0 63 64
.63f504908cf07 4 0 64 0
4 1 64 0
4 2 64 0
.63f5049090936 4 0 88 78
2 0 55 76
4 0 88 103
2 0 62 87
.63f5049091370 4 0 88 14
2 0 70 89
.63f50490919a3 4 0 88 58
2 0 74 86
.63f5049095b17 1 0 69 64
.63f50490ed5e5 4 0 88 39
2 0 69 92
.63f50490f1c0d 4 0 88 71
2 0 60 99
.63f50490f35ef 1 0 70 64
.63f50490f73e0 1 0 62 64
.63f504914bc49 4 0 88 91
2 0 70 89
.63f5049154d2e 4 0 88 24
2 0 62 98
.63f50491559a4 1 0 69 64
.63f504915c3df 1 0 60 64
.63f50491a68ab 4 0 88 96
2 0 63 86
.63f50491b61ae 1 0 62 64
.63f50491fcc1e 4 0 88 103
2 0 65 87
.63f5049205bf7 1 0 63 64
.63f5049256158 4 0 88 110
2 0 62 91
.63f5049263383 1 0 65 64
.63f5049270652 4 0 64 127
4 1 64 127
4 2 64 127
.63f5049287e7d 1 0 70 64
.63f50492a5214 4 0 64 0
4 1 64 0
4 2 64 0
.63f50492a766f 4 0 88 61
2 0 70 97
.63f50492a81f7 4 0 88 71
2 0 67 99
.63f50492ab33f 1 0 62 64
.63f5049302a15 4 0 88 78
2 0 65 89
.63f50493040f7 4 0 88 24
2 0 69 98
.63f504930e00a 1 0 70 64
.63f50493147f4 1 0 67 64
4 0 64 127
4 1 64 127
4 2 64 127
.63f504931dab9 1 0 55 64
.63f504932c194 1 0 65 64
.63f5049360a49 4 0 64 0
4 1 64 0
4 2 64 0
.63f5049365d58 4 0 88 84
2 0 67 93
.63f5049365f2d 4 0 88 66
2 0 70 88
.63f5049366b71 4 0 88 119
2 0 53 70
.63f504936ab3c 1 0 69 64
.63f504936fd0a 4 0 88 117
2 0 55 38
.63f5049374f15 1 0 74 64
.63f50493808d1 1 0 55 64
.63f50493c2722 4 0 88 28
2 0 69 84
.63f50493c3bcc 4 0 88 110
2 0 72 91
.63f50493ccabe 1 0 70 64
.63f5049415bcf 4 0 88 24
2 0 74 98
.63f5049416d36 1 0 67 64
.63f5049419225 4 0 88 20
2 0 70 86
.63f504941e72f 1 0 72 64
.63f5049420e46 1 0 69 64
.63f50494565ab 1 0 70 64
.63f504945f96e 4 0 64 127
4 1 64 127
4 2 64 127
.63f50494640d7 4 0 88 72
2 0 70 85
.63f504946a970 4 0 88 59
2 0 67 100
.63f50494762f3 1 0 74 64
.63f504948ced2 1 0 70 64
.63f504949f5f9 1 0 53 64
.63f50494bf877 4 0 88 103
2 0 53 87
.63f50494c6198 4 0 64 0
4 1 64 0
4 2 64 0
.63f50494c8a40 1 0 67 64
.63f50494cba3e 4 0 88 40
2 0 70 80
.63f50494cc3ff 4 0 88 37
2 0 77 97
.63f50494d72c0 4 0 88 118
2 0 65 95
.63f5049541050 4 0 88 94
2 0 69 97
.63f504954a29e 1 0 70 64
.63f504958f191 4 0 88 47
2 0 67 101
.63f504959323b 1 0 65 64
.63f50495cae67 4 0 64 127
4 1 64 127
4 2 64 127
.63f50495dc043 1 0 77 64
.63f50495de37b 4 0 88 6
2 0 69 35
.63f50495f0825 1 0 67 64
.63f50495faa2a 1 0 53 64
.63f5049613ce0 4 0 88 52
2 0 55 27
.63f5049628ad5 4 0 64 0
4 1 64 0
4 2 64 0
.63f5049630379 4 0 88 48
2 0 51 84
.63f5049635dce 4 0 88 96
2 0 70 86
.63f5049637ae3 1 0 55 64
.63f50496383e0 4 0 88 53
2 0 67 91
.63f5049643886 1 0 69 64
1 0 69 64
.63f504969e227 1 0 67 64
.63f50496a48b4 4 0 88 127
2 0 62 73
.63f50496a5d77 4 0 88 24
2 0 64 69
.63f50496e148b 1 0 64 64
.63f50496f62c9 4 0 88 60
2 0 63 81
.63f50497092c7 1 0 62 64
.63f50497488be 4 0 88 83
2 0 65 98
.63f5049756766 4 0 64 127
4 1 64 127
4 2 64 127
.63f504975931d 1 0 63 64
.63f504979bd22 4 0 88 39
2 0 58 90
.63f504979dfce 1 0 65 64
.63f50497a87ee 4 0 64 0
4 1 64 0
4 2 64 0
.63f50497f9082 4 0 88 1
2 0 65 86
.63f504984f3f4 4 0 88 40
2 0 63 80
.63f504985a18f 1 0 65 64
.63f504988a1d6 4 0 64 127
4 1 64 127
4 2 64 127
.63f50498a3672 1 0 70 64
.63f50498a56d8 4 0 88 87
2 0 62 103
.63f50498aac15 1 0 63 64
.63f50498c5342 1 0 58 64
.63f50498f39b0 4 0 64 0
4 1 64 0
4 2 64 0
.63f50498f6751 4 0 88 94
2 0 74 97
.63f50498f9124 4 0 88 92
2 0 58 101
.63f5049959de2 4 0 88 117
2 0 57 100
.63f504995d370 4 0 88 114
2 0 73 80
.63f5049960b80 1 0 58 64
.63f5049968dba 1 0 74 64
.63f50499aa6c4 4 0 88 7
2 0 74 90
.63f50499ade52 4 0 88 39
2 0 58 90
.63f50499aff11 1 0 62 64
.63f50499b9588 1 0 57 64
.63f50499b9c0c 1 0 73 64
.63f50499fd100 4 0 88 94
2 0 65 97
.63f5049a09f50 4 0 64 127
4 1 64 127
4 2 64 127
.63f5049a53348 4 0 64 0
4 1 64 0
4 2 64 0
.63f5049a574c6 4 0 88 66
2 0 70 88
.63f5049a5e579 4 0 88 50
2 0 62 107
.63f5049a681b4 1 0 65 64
.63f5049ab7b53 4 0 88 65
2 0 69 90
.63f5049abd33c 1 0 74 64
.63f5049ac2b2a 1 0 70 64
.63f5049ac5723 4 0 64 127
4 1 64 127
4 2 64 127
.63f5049adb6c4 1 0 51 64
.63f5049af36a2 1 0 62 64
.63f5049b13de4 4 0 88 107
2 0 76 96
.63f5049b1498b 4 0 88 2
2 0 67 95
4 0 64 0
4 1 64 0
4 2 64 0
.63f5049b14f0b 4 0 88 125
2 0 51 84
.63f5049b192c9 4 0 88 60
2 0 60 95
.63f5049b1c0e3 1 0 69 64
.63f5049b7caf3 4 0 88 35
2 0 74 102
.63f5049b8fa78 4 0 64 127
4 1 64 127
4 2 64 127
.63f5049b905bd 1 0 76 64
.63f5049b94478 1 0 51 64
.63f5049bdbd70 4 0 64 0
4 1 64 0
4 2 64 0
.63f5049be4bab 4 0 88 84
2 0 50 93
.63f5049be641c 4 0 88 94
2 0 72 97
.63f5049be9ac6 1 0 58 64
.63f5049bf5a5a 1 0 74 64
.63f5049c5078f 4 0 88 88
2 0 70 98
.63f5049c63464 1 0 72 64
.63f5049c8b94a 1 0 67 64
.63f5049c9462f 4 0 64 127
4 1 64 127
4 2 64 127
.63f5049ca3d8e 4 0 88 94
2 0 69 97
.63f5049ca5f8f 4 0 64 0
4 1 64 0
4 2 64 0
.63f5049cad018 4 0 88 80
2 0 66 82
.63f5049cb02a9 1 0 70 64
.63f5049cfaf1f 4 0 88 55
2 0 67 82
.63f5049cfe472 1 0 66 64
.63f5049cff9f1 4 0 88 91
2 0 70 89
.63f5049d0d8d6 1 0 69 64
.63f5049d21196 4 0 64 127
4 1 64 127
4 2 64 127
.63f5049d5e97c 4 0 64 0
4 1 64 0
4 2 64 0
.63f5049d624c3 4 0 88 7
2 0 69 90
4 0 88 2
2 0 72 95
.63f5049d68617 1 0 67 64
.63f5049d6a7a5 1 0 70 64
.63f5049d97fd4 1 0 60 64
.63f5049dc0b94 4 0 88 103
2 0 64 87
.63f5049dc1a4e 4 0 88 84
2 0 62 93
.63f5049ddac12 1 0 64 64
.63f5049e1ed72 4 0 88 116
2 0 66 99
.63f5049e23beb 1 0 69 64
.63f5049e74256 4 0 88 72
2 0 67 94
.63f5049e85557 1 0 66 64
.63f5049e981a2 4 0 64 127
4 1 64 127
4 2 64 127
.63f5049ea6bd2 1 0 50 64
.63f5049ebbf5c 1 0 62 64
.63f5049ec5e79 1 0 72 64
.63f5049ecfc67 4 0 64 0
4 1 64 0
4 2 64 0
.63f5049ed0053 4 0 88 97
2 0 50 92
.63f5049ed138a 4 0 88 73
2 0 60 111
.63f5049ed207e 4 0 88 20
2 0 69 89
.63f5049edb7b1 1 0 67 64
.63f5049f35491 4 0 88 72
2 0 66 85
.63f5049f4a46e 1 0 69 64
.63f5049f8c2a5 4 0 88 48
2 0 67 96
.63f5049f9f480 1 0 66 64
.63f5049fd408f 4 0 88 65
2 0 69 90
.63f5049fd7747 4 0 64 127
4 1 64 127
4 2 64 127
.63f5049fda971 1 0 67 64
.63f5049ff21e4 1 0 60 64
.63f504a0213c6 4 0 88 3
2 0 58 67
.63f504a023a13 4 0 64 0
4 1 64 0
4 2 64 0
.63f504a027047 4 0 88 112
2 0 62 56
.63f504a02eac8 4 0 88 105
2 0 64 30
.63f504a041059 1 0 64 64
.63f504a08d438 4 0 88 84
2 0 60 93
.63f504a094d7f 4 0 88 23
2 0 57 76
.63f504a095289 1 0 69 64
.63f504a099067 1 0 58 64
.63f504a09fb89 1 0 62 64
.63f504a0e39f3 4 0 88 91
2 0 58 89
.63f504a0ebc9b 4 0 88 96
2 0 55 68
.63f504a0f10f4 1 0 60 64
.63f504a0f126e 1 0 57 64
.63f504a138455 1 0 50 64
.63f504a13b109 4 0 88 65
2 0 60 77
.63f504a13b251 1 0 58 64
.63f504a13f50b 4 0 88 96
2 0 57 102
.63f504a148b2d 4 0 64 127
4 1 64 127
4 2 64 127
.63f504a15095f 1 0 55 64
.63f504a188dd9 4 0 88 120
2 0 50 51
.63f504a194e10 4 0 64 0
4 1 64 0
4 2 64 0
.63f504a199e78 4 0 88 18
2 0 62 104
.63f504a1a0ecd 1 0 60 64
.63f504a1b2544 4 0 88 108
2 0 56 12
.63f504a1ffc01 4 0 88 23
2 0 60 110
.63f504a2071da 1 0 56 64
.63f504a20b032 1 0 62 64
.63f504a253869 4 0 88 45
2 0 55 87
.63f504a25402c 4 0 88 6
2 0 58 82
.63f504a25efb4 1 0 57 64
.63f504a264215 1 0 60 64
.63f504a2aa420 4 0 88 24
2 0 60 98
.63f504a2bb5f6 1 0 55 64
.63f504a30cb3e 4 0 88 72
2 0 57 94
.63f504a30d9d4 4 0 88 107
2 0 62 96
.63f504a314c57 1 0 60 64
.63f504a315b6d 1 0 58 64
.63f504a372dfd 4 0 88 35
2 0 60 102
.63f504a377367 1 0 62 64
.63f504a3ccf44 4 0 88 83
2 0 48 98
.63f504a3cda98 4 0 88 110
2 0 62 91
.63f504a3d2313 1 0 50 64
.63f504a4310c5 4 0 88 43
2 0 63 87
.63f504a436b02 1 0 62 64
.63f504a45fce5 4 0 64 127
4 1 64 127
4 2 64 127
.63f504a48c06f 4 0 88 53
2 0 65 91
.63f504a48fb6f 4 0 88 37
2 0 50 97
.63f504a494872 4 0 64 0
4 1 64 0
4 2 64 0
.63f504a494c1a 1 0 63 64
.63f504a49a99e 1 0 48 64
.63f504a4f04c8 1 0 57 64
.63f504a4f31f8 4 0 88 72
2 0 62 94
.63f504a4f468f 1 0 60 64
.63f504a50caa8 4 0 64 127
4 1 64 127
4 2 64 127
.63f504a54cf27 4 0 88 100
2 0 51 83
.63f504a54d1e7 4 0 64 0
4 1 64 0
4 2 64 0
.63f504a5500c5 4 0 88 35
2 0 60 102
.63f504a553a50 4 0 88 8
2 0 67 77
.63f504a55515b 1 0 65 64
.63f504a5589e4 1 0 50 64
.63f504a559b68 1 0 62 64
.63f504a5b566c 4 0 88 61
2 0 58 97
.63f504a5c7fb5 1 0 60 64
.63f504a5df9ea 4 0 64 127
4 1 64 127
4 2 64 127
.63f504a61421c 4 0 88 37
2 0 57 97
.63f504a6183d3 4 0 88 48
2 0 50 96
.63f504a61cb85 1 0 58 64
.63f504a623024 4 0 64 0
4 1 64 0
4 2 64 0
.63f504a624ab7 1 0 51 64
.63f504a6740b0 4 0 88 70
2 0 60 85
.63f504a67f5a0 1 0 67 64
.63f504a692e95 1 0 57 64
.63f504a6a0feb 4 0 64 127
4 1 64 127
4 2 64 127
.63f504a6e34e7 4 0 88 85
2 0 58 92
.63f504a6e4d94 4 0 88 31
2 0 48 109
.63f504a6e7481 4 0 64 0
4 1 64 0
4 2 64 0
.63f504a6ee6f1 1 0 60 64
.63f504a6f354e 1 0 50 64
.63f504a753038 4 0 88 119
2 0 57 106
.63f504a75cbe1 1 0 58 64
.63f504a7829e5 4 0 64 127
4 1 64 127
4 2 64 127
.63f504a79b3b7 1 0 57 64
.63f504a7c50df 4 0 88 57
2 0 46 94
.63f504a7c8e4d 4 0 64 0
4 1 64 0
4 2 64 0
.63f504a7ca7f9 4 0 88 107
2 0 55 96
.63f504a7d29be 1 0 48 64
.63f504a838503 4 0 88 62
2 0 58 91
.63f504a8a1cb3 4 0 88 14
2 0 63 89
.63f504a8fb752 4 0 88 38
2 0 62 79
.63f504a90515d 1 0 63 64
.63f504a9111ce 4 0 64 127
4 1 64 127
4 2 64 127
.63f504a93912a 1 0 55 64
.63f504a9578e6 4 0 64 0
4 1 64 0
4 2 64 0
4 0 88 107
2 0 67 96
.63f504a961fbb 1 0 62 64
.63f504a963e84 4 0 88 97
2 0 48 92
.63f504a968ab2 1 0 46 64
.63f504a973fc2 1 0 58 64
.63f504a9c7287 4 0 88 66
2 0 63 74
.63f504aa234eb 4 0 88 118
2 0 62 95
.63f504aa390c3 1 0 63 64
.63f504aa752ef 4 0 88 83
2 0 60 98
.63f504aa797c7 4 0 64 127
4 1 64 127
4 2 64 127
.63f504aa7a249 1 0 62 64
.63f504aa98cbe 1 0 67 64
.63f504aad4534 4 0 64 0
4 1 64 0
4 2 64 0
.63f504aad5c2e 4 0 88 41
2 0 50 108
.63f504aad820d 4 0 88 72
2 0 58 85
.63f504aae215d 1 0 48 64
.63f504aae2a04 1 0 60 64
.63f504ab41aef 4 0 88 24
2 0 57 98
.63f504ab4baf9 1 0 58 64
.63f504ab964a1 4 0 88 58
2 0 55 86
.63f504aba8c6c 1 0 57 64
.63f504abe4dc1 4 0 64 127
4 1 64 127
4 2 64 127
.63f504abecdb8 4 0 88 112
2 0 54 96
.63f504abf8405 4 0 88 37
2 0 53 97
.63f504abfbe54 1 0 55 64
.63f504ac32443 1 0 53 64
.63f504ac3d6a6 1 0 54 64
.63f504ac42989 4 0 88 59
2 0 55 100
.63f504ac440d8 4 0 88 88
2 0 51 98
.63f504ac486db 4 0 64 0
4 1 64 0
4 2 64 0
.63f504ac4bc37 1 0 50 64
.63f504aca28fd 4 0 88 10
2 0 58 92
.63f504ad09996 4 0 88 84
2 0 67 93
.63f504ad12e58 1 0 58 64
.63f504ad27ac4 1 0 55 64
.63f504ad2fea7 4 0 64 127
4 1 64 127
4 2 64 127
.63f504ad650c6 4 0 88 39
2 0 66 90
.63f504ad6d791 1 0 67 64
.63f504adc204c 4 0 88 94
2 0 67 97
.63f504adc27e2 4 0 88 87
2 0 48 103
4 0 64 0
4 1 64 0
4 2 64 0
.63f504adc79c6 1 0 66 64
.63f504adca201 1 0 51 64
.63f504ae248a9 4 0 88 10
2 0 70 98
.63f504ae3ff3d 1 0 67 64
.63f504ae76b6d 4 0 88 105
2 0 69 101
.63f504ae8d998 1 0 70 64
.63f504aecd11c 4 0 64 127
4 1 64 127
4 2 64 127
.63f504aecfa49 4 0 88 71
2 0 67 99
.63f504aed54bf 1 0 69 64
.63f504af240de 4 0 88 112
2 0 75 96
.63f504af27e2a 4 0 64 0
4 1 64 0
4 2 64 0
.63f504af2b10d 4 0 88 83
2 0 45 98
.63f504af2dcbf 1 0 67 64
.63f504af391c5 1 0 48 64
.63f504af8cf54 4 0 88 83
2 0 72 98
.63f504afe9a67 4 0 88 85
2 0 70 92
.63f504b003591 1 0 72 64
.63f504b03b547 4 0 64 127
4 1 64 127
4 2 64 127
.63f504b03cbe1 4 0 88 117
2 0 69 100
.63f504b046b65 1 0 70 64
.63f504b047cbc 1 0 75 64
.63f504b090730 1 0 69 64
.63f504b09b59b 4 0 88 110
2 0 74 91
.63f504b09bfdd 4 0 64 0
4 1 64 0
4 2 64 0
.63f504b09c3ad 4 0 88 65
2 0 67 90
.63f504b09dec5 4 0 88 110
2 0 50 91
.63f504b0a6f7a 1 0 45 64
.63f504b10d46f 4 0 88 127
2 0 66 77
.63f504b11bae7 1 0 67 64
.63f504b1663a7 4 0 88 65
2 0 64 90
.63f504b16e376 1 0 66 64
.63f504b1c3f24 4 0 64 127
4 1 64 127
4 2 64 127
.63f504b1d526c 4 0 88 125
2 0 66 84
.63f504b1dfdd1 4 0 88 14
2 0 65 94
.63f504b1f5c69 1 0 64 64
.63f504b224a4a 4 0 64 0
4 1 64 0
4 2 64 0
.63f504b228bd8 1 0 66 64
.63f504b22c798 1 0 65 64
.63f504b22e351 4 0 88 47
2 0 43 101
.63f504b22f8ae 4 0 88 94
2 0 67 97
.63f504b232932 1 0 50 64
.63f504b274e07 1 0 67 64
.63f504b296947 4 0 88 34
2 0 70 96
.63f504b2eed4a 4 0 88 27
2 0 69 93
.63f504b3034fa 1 0 70 64
.63f504b348c9e 4 0 88 105
2 0 67 101
.63f504b352ad5 1 0 69 64
.63f504b3589ac 1 0 74 64
.63f504b3759bd 4 0 64 127
4 1 64 127
4 2 64 127
.63f504b3b1a38 4 0 88 87
2 0 72 103
.63f504b3b1ffd 4 0 88 33
2 0 39 93
.63f504b3b6066 4 0 64 0
4 1 64 0
4 2 64 0
.63f504b3bf997 4 0 88 13
2 0 40 99
.63f504b3c05d4 1 0 43 64
.63f504b3e4faa 1 0 39 64
.63f504b3f2fc3 1 0 40 64
.63f504b42578d 4 0 88 59
2 0 71 106
4 0 64 127
4 1 64 127
4 2 64 127
.63f504b43a073 1 0 72 64
.63f504b47c908 1 0 67 64
.63f504b481198 4 0 88 19
2 0 39 79
.63f504b481d34 4 0 88 13
2 0 72 99
.63f504b4865df 4 0 64 0
4 1 64 0
4 2 64 0
.63f504b4867dc 4 0 88 109
2 0 67 107
.63f504b48c392 1 0 71 64
.63f504b4ee7d3 4 0 88 108
2 0 75 93
.63f504b5019f5 1 0 72 64
.63f504b540db0 1 0 75 64
.63f504b544a82 4 0 88 84
2 0 74 93
.63f504b58ae3b 4 0 64 127
4 1 64 127
4 2 64 127
.63f504b59c6ce 4 0 88 72
2 0 72 94
.63f504b5a833a 1 0 74 64
.63f504b5c05bd 1 0 67 64
.63f504b5c6248 1 0 39 64
.63f504b5eb956 4 0 64 0
4 1 64 0
4 2 64 0
.63f504b5f3b9a 4 0 88 60
2 0 71 95
.63f504b5f5f26 4 0 88 27
2 0 67 93
.63f504b5f6732 4 0 88 33
2 0 39 76
.63f504b600e0a 1 0 72 64
.63f504b65da94 4 0 88 18
2 0 72 104
.63f504b670456 1 0 71 64
.63f504b6724ba 4 0 64 127
4 1 64 127
4 2 64 127
.63f504b693198 1 0 72 64
.63f504b6a2227 1 0 39 64
.63f504b6e2f0c 4 0 88 127
2 0 36 73
.63f504b6e4927 4 0 64 0
4 1 64 0
4 2 64 0
.63f504b6e9ab5 1 0 67 64
.63f504b6eb852 4 0 88 0
2 0 81 106
.63f504b775dee 4 0 88 100
2 0 75 83
.63f504b7d5863 4 0 88 33
2 0 74 88
.63f504b7e85fc 1 0 75 64
.63f504b82a9fc 4 0 88 97
2 0 72 92
.63f504b82fad8 4 0 64 127
4 1 64 127
4 2 64 127
.63f504b83dc41 1 0 74 64
.63f504b84f2fa 1 0 81 64
.63f504b85b98e 1 0 72 64
.63f504b87be50 4 0 64 0
4 1 64 0
4 2 64 0
.63f504b8832b7 4 0 88 72
2 0 79 94
.63f504b887029 4 0 88 26
2 0 70 71
.63f504b8b3960 4 0 64 127
4 1 64 127
4 2 64 127
.63f504b8cd73a 1 0 70 64
.63f504b8f0779 4 0 88 14
2 0 78 24
.63f504b8f10ed 4 0 64 0
4 1 64 0
4 2 64 0
.63f504b8f4d45 4 0 88 94
2 0 69 97
.63f504b8fbad8 1 0 79 64
.63f504b90b6c8 4 0 64 127
4 1 64 127
4 2 64 127
.63f504b91d552 1 0 69 64
.63f504b94edb1 4 0 64 0
4 1 64 0
4 2 64 0
.63f504b95a8a7 4 0 88 20
2 0 70 86
.63f504b95b688 4 0 88 2
2 0 79 95
.63f504b968847 1 0 78 64
.63f504b9cb578 1 0 70 64
.63f504b9dacb4 4 0 88 85
2 0 82 95
.63f504b9e7836 1 0 79 64
.63f504ba019b3 4 0 64 127
4 1 64 127
4 2 64 127
.63f504ba3c65b 1 0 82 64
.63f504ba59caa 4 0 88 108
2 0 81 45
.63f504ba5c62f 4 0 64 0
4 1 64 0
4 2 64 0
.63f504ba5d5bb 4 0 88 27
2 0 74 93
.63f504ba5fd8a 4 0 88 107
2 0 38 96
.63f504ba6a02b 1 0 36 64
.63f504bad8557 4 0 88 53
2 0 79 91
.63f504bae192b 1 0 81 64
.63f504bb40ac4 4 0 88 18
2 0 78 104
.63f504bb521cc 1 0 79 64
.63f504bb964bf 4 0 88 0
2 0 79 100
.63f504bba4ab8 1 0 78 64
.63f504bbffa94 4 0 88 10
2 0 75 92
.63f504bc02104 4 0 88 48
2 0 81 96
.63f504bc13996 1 0 79 64
1 0 74 64
.63f504bc6f9ba 1 0 75 64
.63f504bc85a03 4 0 88 108
2 0 78 93
.63f504bce56bb 4 0 88 14
2 0 76 94
.63f504bcf3dd8 1 0 78 64
.63f504bcfbcf2 1 0 81 64
.63f504bd3faa9 4 0 88 10
2 0 78 98
.63f504bd41b32 4 0 64 127
4 1 64 127
4 2 64 127
.63f504bd51665 1 0 76 64
.63f504bd5f579 4 0 88 104
2 0 77 71
.63f504bd90380 1 0 77 64
.63f504bd90eae 1 0 78 64
.63f504bd96ad4 4 0 64 0
4 1 64 0
4 2 64 0
.63f504bd9ae95 4 0 88 33
2 0 75 76
.63f504bd9c8bf 4 0 88 53
2 0 79 91
.63f504be0a6ed 4 0 88 14
2 0 72 94
.63f504be1389e 1 0 75 64
.63f504be67240 4 0 88 66
2 0 70 88
.63f504be750e4 1 0 72 64
.63f504bebae77 4 0 88 78
2 0 72 89
.63f504bec0055 1 0 79 64
.63f504beca5df 4 0 64 127
4 1 64 127
4 2 64 127
.63f504bed0df4 1 0 70 64
.63f504bf162f8 1 0 72 64
.63f504bf19697 4 0 64 0
4 1 64 0
4 2 64 0
.63f504bf1b66d 4 0 88 127
2 0 74 73
.63f504bf2ec56 4 0 88 85
2 0 78 92
.63f504bf41bb1 4 0 88 30
2 0 79 27
.63f504bf5feeb 1 0 79 64
.63f504bfa58ec 4 0 88 40
2 0 70 80
.63f504c003485 4 0 88 94
2 0 69 97
.63f504c012ece 1 0 70 64
.63f504c03e7d5 4 0 64 127
4 1 64 127
4 2 64 127
.63f504c05229a 1 0 78 64
.63f504c057376 4 0 88 72
2 0 70 85
.63f504c0588c0 1 0 74 64
.63f504c07ac6a 1 0 38 64
.63f504c081a5e 1 0 69 64
.63f504c090d7b 4 0 88 28
2 0 38 59
.63f504c096583 4 0 64 0
4 1 64 0
4 2 64 0
.63f504c0bcd71 4 0 88 51
2 0 72 78
.63f504c0bf0e5 4 0 88 58
2 0 75 61
.63f504c0c0cd5 1 0 70 64
.63f504c12f437 4 0 88 1
2 0 68 27
.63f504c136e13 4 0 88 109
2 0 69 78
.63f504c143f37 1 0 68 64
.63f504c14e41e 1 0 72 64
.63f504c19429d 4 0 88 90
2 0 67 88
.63f504c19e9d9 1 0 69 64
.63f504c1e176f 4 0 64 127
4 1 64 127
4 2 64 127
.63f504c1e7d62 4 0 88 72
2 0 69 94
.63f504c1f953d 1 0 67 64
.63f504c1f9f8d 1 0 75 64
.63f504c239650 4 0 64 0
4 1 64 0
4 2 64 0
.63f504c23caa6 4 0 88 53
2 0 70 77
.63f504c2410a4 4 0 88 82
2 0 72 80
.63f504c253bb8 1 0 69 64
.63f504c2a54b3 4 0 88 2
2 0 66 56
.63f504c2b4c18 1 0 70 64
.63f504c3226d5 4 0 88 43
2 0 64 46
.63f504c3255b8 4 0 88 76
2 0 65 37
.63f504c33313e 1 0 66 64
.63f504c33bc60 1 0 65 64
.63f504c39f667 4 0 88 66
2 0 66 88
.63f504c3b448b 1 0 64 64
.63f504c3d685c 4 0 64 127
4 1 64 127
4 2 64 127
.63f504c412486 1 0 72 64
.63f504c41c296 4 0 88 65
2 0 67 45
.63f504c422a16 1 0 66 64
.63f504c425cf4 4 0 88 96
2 0 70 86
.63f504c45a606 4 0 64 0
4 1 64 0
4 2 64 0
.63f504c4af52f 4 0 88 1
2 0 62 86
.63f504c4dc6bd 1 0 67 64
.63f504c52389d 4 0 88 100
2 0 61 83
.63f504c52d590 1 0 62 64
.63f504c5a9f85 4 0 88 111
2 0 62 74
.63f504c5ae3cb 4 0 64 127
4 1 64 127
4 2 64 127
.63f504c5c18b7 1 0 61 64
.63f504c61b345 1 0 62 64
.63f504c649cba 1 0 70 64
.63f504c64ea0d 1 0 38 64
.63f504c65bcc9 4 0 88 117
2 0 68 61
.63f504c660f40 4 0 64 0
4 1 64 0
4 2 64 0
.63f504c66695c 4 0 88 79
2 0 58 59
.63f504c6684a3 4 0 88 32
2 0 64 63
.63f504c66c82e 4 0 88 49
2 0 38 44
.63f504c71c411 4 0 88 88
2 0 61 70
.63f504c72968c 1 0 58 64
.63f504c7cdb77 4 0 88 111
2 0 59 74
.63f504c7d2dd9 1 0 61 64
.63f504c894432 4 0 88 90
2 0 61 58
.63f504c89fb38 1 0 59 64
.63f504c8aafae 4 0 64 127
4 1 64 127
4 2 64 127
.63f504c9732f8 1 0 61 64
.63f504c9afba1 1 0 38 64
.63f504c9bfccc 1 0 68 64
.63f504ca1005d 4 0 88 91
2 0 50 24
.63f504ca13a61 4 0 88 114
2 0 38 19
.63f504ca240ba 1 0 64 64
.63f504ca2ad13 4 0 64 0
4 1 64 0
4 2 64 0
.63f504ca384cc 4 0 88 17
2 0 59 31
.63f504ca392e0 4 0 88 120
2 0 67 49
.63f504ca3a363 4 0 88 92
2 0 62 50
.63f504cafc464 4 0 88 24
2 0 64 66
.63f504cb0f5ad 1 0 62 64
.63f504cb6f5ef 4 0 88 39
2 0 65 68
.63f504cb801b4 1 0 64 64
.63f504cbd8978 4 0 88 95
2 0 62 79
.63f504cbe3f43 1 0 65 64
.63f504cc389ca 4 0 88 121
2 0 64 59
.63f504cc467b3 1 0 62 64
.63f504cc51a19 1 0 59 64
.63f504cc9275d 4 0 88 78
2 0 59 76
.63f504cc9f840 1 0 64 64
.63f504ccf9694 4 0 88 26
2 0 61 71
.63f504cd53cdc 1 0 59 64
.63f504cd62309 4 0 64 127
4 1 64 127
4 2 64 127
.63f504cd66c9f 4 0 88 118
2 0 62 95
.63f504cd6f710 4 0 88 33
2 0 63 16
.63f504cd7083b 1 0 67 64
.63f504cd7a17a 1 0 61 64
.63f504cd806b3 1 0 63 64
.63f504cd8bc03 1 0 38 64
.63f504cdc8c06 4 0 64 0
4 1 64 0
4 2 64 0
.63f504cdc9f75 4 0 88 116
2 0 38 53
.63f504cddacb3 4 0 88 127
2 0 56 60
.63f504cddc086 1 0 62 64
.63f504cde13ed 4 0 88 64
2 0 65 70
.63f504cde1854 4 0 88 19
2 0 64 43
.63f504cdf14e4 1 0 64 64
.63f504ce57aae 4 0 88 98
2 0 57 83
.63f504ce67d65 1 0 56 64
.63f504cec6492 4 0 88 39
2 0 59 68
.63f504cece33e 1 0 57 64
.63f504cf3b6e8 4 0 88 90
2 0 56 58
.63f504cf5d146 4 0 64 127
4 1 64 127
4 2 64 127
.63f504cfa940c 4 0 64 0
4 1 64 0
4 2 64 0
.63f504cfb7f4d 4 0 88 78
2 0 57 76
.63f504cfc002a 1 0 59 64
.63f504cfc300d 1 0 56 64
.63f504cfc6936 4 0 64 127
4 1 64 127
4 2 64 127
.63f504cfe3473 1 0 65 64
.63f504cffcd8c 1 0 57 64
.63f504d044912 4 0 64 0
4 1 64 0
4 2 64 0
.63f504d04a6ff 4 0 88 7
2 0 52 90
.63f504d0794f8 4 0 64 127
4 1 64 127
4 2 64 127
.63f504d0e0b38 4 0 88 32
2 0 53 72
.63f504d0e5ac4 4 0 64 0
4 1 64 0
4 2 64 0
.63f504d0f4868 1 0 52 64
.63f504d10bca9 4 0 64 127
4 1 64 127
4 2 64 127
.63f504d151b92 1 0 50 64
.63f504d19fab7 4 0 88 33
2 0 50 88
.63f504d1faa58 1 0 53 64
.63f504d22dab3 1 0 50 64
.63f504d271d13 1 0 38 64
.63f504d2b1b6a 4 0 64 0
4 1 64 0
4 2 64 0
.63f504d2b594f 4 0 88 63
2 0 37 42
.63f504d2bb6c8 4 0 88 82
2 0 49 35
.63f504d2bbb02 4 0 88 44
2 0 64 65
.63f504d2bc34e 4 0 88 79
2 0 58 45
.63f504d2bc9f1 4 0 88 52
2 0 61 64
4 0 88 21
2 0 52 39
.63f504d2c2cbd 4 0 88 91
2 0 55 25
.63f504d2caeb5 1 0 37 64
.63f504d2cce0e 4 0 88 116
2 0 38 53
.63f504d4ccde8 4 0 64 127
4 1 64 127
4 2 64 127
.63f504d590d28 1 0 49 64
.63f504d5a6604 1 0 38 64
.63f504d5f5882 4 0 88 112
2 0 38 82
.63f504d60c42b 4 0 64 0
4 1 64 0
4 2 64 0
.63f504d675f7b 4 0 88 7
2 0 40 90
.63f504d68dbcc 1 0 38 64
.63f504d6de810 4 0 88 96
2 0 41 102
.63f504d6e5fbe 1 0 55 64
.63f504d6e8b06 1 0 52 64
.63f504d6f22e3 1 0 40 64
.63f504d702620 4 0 64 127
4 1 64 127
4 2 64 127
.63f504d70a9d9 1 0 58 64
.63f504d74676d 4 0 88 97
2 0 43 92
.63f504d753c66 1 0 41 64
.63f504d7630e5 4 0 64 0
4 1 64 0
4 2 64 0
.63f504d76428a 4 0 88 7
2 0 57 90
.63f504d7e1d02 4 0 88 85
2 0 46 92
.63f504d7eaed8 1 0 43 64
.63f504d8566fd 4 0 88 53
2 0 45 91
.63f504d861306 1 0 46 64
.63f504d8d4438 4 0 88 95
2 0 43 75
.63f504d8ed453 1 0 45 64
.63f504d9206d9 4 0 64 127
4 1 64 127
4 2 64 127
.63f504d930202 1 0 64 64
.63f504d9491df 1 0 57 64
.63f504d95af67 1 0 61 64
.63f504d9a4463 4 0 64 0
4 1 64 0
4 2 64 0
.63f504d9a474d 4 0 88 33
2 0 48 88
.63f504d9a7486 4 0 88 10
2 0 54 60
.63f504d9a7f04 4 0 88 106
2 0 57 62
.63f504d9ab033 4 0 88 38
2 0 62 79
.63f504d9ac86a 4 0 88 56
2 0 61 40
.63f504d9b9053 1 0 43 64
.63f504d9bdc9d 1 0 61 64
.63f504da6cbc2 4 0 88 107
2 0 46 76
.63f504da76f56 1 0 48 64
.63f504daf8a82 4 0 88 95
2 0 45 75
.63f504db050f7 1 0 46 64
.63f504db6ce39 4 0 88 95
2 0 43 75
.63f504db7d949 1 0 45 64
.63f504dbaae17 4 0 64 127
4 1 64 127
4 2 64 127
.63f504dbb2210 1 0 57 64
.63f504dbecb71 4 0 88 67
2 0 42 60
.63f504dbf0438 1 0 43 64
.63f504dbf5b14 4 0 88 29
2 0 58 49
.63f504dbfceec 4 0 64 0
4 1 64 0
4 2 64 0
.63f504dcab585 4 0 88 72
2 0 45 73
.63f504dcb9a0e 1 0 42 64
.63f504dd392dc 4 0 88 24
2 0 43 80
.63f504dd45e60 1 0 45 64
.63f504ddc42d1 4 0 88 100
2 0 42 83
.63f504ddd7232 1 0 43 64
.63f504ddda826 4 0 64 127
4 1 64 127
4 2 64 127
.63f504dde50bc 1 0 54 64
.63f504ddf5992 1 0 58 64
.63f504de6dc4d 4 0 88 46
2 0 43 52
.63f504de74052 1 0 42 64
.63f504de7af5d 4 0 88 127
2 0 50 61
.63f504de7ba56 4 0 64 0
4 1 64 0
4 2 64 0
.63f504de7bc54 4 0 88 125
2 0 58 84
.63f504df315c2 4 0 88 83
2 0 45 54
.63f504df4196e 1 0 43 64
.63f504dfeb0de 4 0 88 115
2 0 55 47
.63f504dfee515 4 0 88 90
2 0 46 58
.63f504dff3c58 1 0 45 64
.63f504e0d7b6c 4 0 88 64
2 0 43 70
.63f504e0e5006 1 0 46 64
.63f504e114d2d 4 0 64 127
4 1 64 127
4 2 64 127
.63f504e216bd2 1 0 50 64
.63f504e259979 1 0 43 64
.63f504e2707b1 1 0 55 64
.63f504e2ea48c 1 0 62 64
.63f504e303116 1 0 58 64
.63f504e3826b8 4 0 88 20
2 0 39 43
.63f504e39735b 4 0 88 3
2 0 46 67
.63f504e3a2394 4 0 64 0
4 1 64 0
4 2 64 0
.63f504e3ac21c 4 0 88 53
2 0 55 62
.63f504e3c9571 4 0 88 73
2 0 58 78
.63f504e3edbe0 4 0 88 48
2 0 62 96
.63f504e56b52a 4 0 64 127
4 1 64 127
4 2 64 127
.63f504e57e1f5 1 0 62 64
.63f504e59bf7d 4 0 88 27
2 0 62 103
.63f504e5b7055 1 0 39 64
.63f504e5dad63 1 0 58 64
.63f504e5e5fda 1 0 55 64
.63f504e5f1439 1 0 46 64
.63f504e5fcbd2 4 0 88 125
2 0 37 65
.63f504e61453c 4 0 88 104
2 0 45 71
.63f504e61e066 4 0 64 0
4 1 64 0
4 2 64 0
.63f504e6234fe 4 0 88 25
2 0 49 83
.63f504e628bc5 4 0 88 41
2 0 52 83
.63f504e633f05 1 0 62 64
.63f504e635ba4 4 0 88 109
2 0 57 78
.63f504e646b82 4 0 88 35
2 0 64 102
.63f504e6ddb75 1 0 52 64
.63f504e6e8353 4 0 64 127
4 1 64 127
4 2 64 127
.63f504e6f1004 4 0 64 0
4 1 64 0
4 2 64 0
.63f504e6fcf5d 1 0 57 64
.63f504e6ff9cc 4 0 64 127
4 1 64 127
4 2 64 127
.63f504e70f478 1 0 64 64
.63f504e751b42 4 0 64 0
4 1 64 0
4 2 64 0
.63f504e7598a1 4 0 88 79
2 0 64 69
.63f504e75c762 4 0 88 41
2 0 57 83
.63f504e769242 4 0 64 127
4 1 64 127
4 2 64 127
.63f504e8355d8 4 0 88 61
2 0 66 97
.63f504e839220 4 0 64 0
4 1 64 0
4 2 64 0
.63f504e8462e5 1 0 64 64
.63f504e94a947 4 0 88 96
2 0 67 102
.63f504e958518 4 0 64 127
4 1 64 127
4 2 64 127
.63f504e9594a3 1 0 66 64
.63f504e980bb1 1 0 49 64
.63f504e98fe3b 1 0 45 64
.63f504e9a40c0 1 0 37 64
.63f504ea11191 1 0 57 64
.63f504ea177f4 1 0 67 64
.63f504ea68efd 4 0 88 120
2 0 38 51
.63f504ea6aaf8 4 0 88 42
2 0 50 60
.63f504ea6fa80 4 0 88 32
2 0 57 63
.63f504ea7017f 4 0 88 70
2 0 67 85
.63f504ea712ad 4 0 88 24
2 0 45 66
.63f504ea71927 4 0 64 0
4 1 64 0
4 2 64 0
.63f504ea71e24 4 0 88 28
2 0 62 84
.63f504ebab215 4 0 64 127
4 1 64 127
4 2 64 127
.63f504ebb6d3d 4 0 64 0
4 1 64 0
4 2 64 0
.63f504ebc5842 4 0 64 127
4 1 64 127
4 2 64 127
.63f504ec24753 4 0 88 39
2 0 66 90
.63f504ec30386 1 0 67 64
.63f504ec65668 1 0 50 64
.63f504ec70759 1 0 38 64
.63f504ec70996 1 0 45 64
.63f504ec7f1cc 1 0 57 64
.63f504ec83233 1 0 62 64
.63f504ec89014 1 0 66 64
.63f504ecbf71e 4 0 88 27
2 0 48 93
.63f504ecc05b4 4 0 88 1
2 0 36 86
.63f504ecc0dd6 4 0 88 112
2 0 66 96
.63f504ecc22e6 4 0 88 65
2 0 57 90
.63f504ecc4752 4 0 88 45
2 0 62 87
.63f504ecc748a 4 0 64 0
4 1 64 0
4 2 64 0
.63f504ed80fc1 4 0 88 59
2 0 67 100
.63f504ed9464e 4 0 64 127
4 1 64 127
4 2 64 127
.63f504ed96999 1 0 66 64
.63f504edc4c76 1 0 48 64
.63f504edc5ce2 1 0 36 64
.63f504edd1e5a 1 0 62 64
.63f504edd64dd 1 0 57 64
.63f504ede9ed5 4 0 88 93
2 0 34 79
.63f504edf917d 4 0 88 62
2 0 46 91
.63f504ee07bbf 4 0 88 116
2 0 57 86
.63f504ee0f7d7 4 0 64 0
4 1 64 0
4 2 64 0
.63f504ee1dd06 4 0 88 103
2 0 62 87
.63f504ee221de 1 0 67 64
.63f504ee33618 4 0 88 118
2 0 66 102
.63f504eefcc53 4 0 88 122
2 0 67 90
.63f504ef02aeb 4 0 64 127
4 1 64 127
4 2 64 127
.63f504ef1b414 1 0 66 64
.63f504ef31e7d 1 0 57 64
.63f504ef4a2a3 1 0 62 64
.63f504ef868d3 4 0 64 0
4 1 64 0
4 2 64 0
.63f504ef8a272 4 0 88 78
2 0 69 89
.63f504ef8c029 4 0 88 116
2 0 60 86
.63f504ef90849 4 0 88 76
2 0 66 68
.63f504ef987d6 1 0 67 64
.63f504eff2f4e 4 0 64 127
4 1 64 127
4 2 64 127
.63f504f0024d7 1 0 69 64
.63f504f00c7d3 1 0 66 64
.63f504f04cde1 4 0 88 13
2 0 72 99
.63f504f0945f8 1 0 60 64
.63f504f0ce71d 1 0 46 64
.63f504f0e36eb 1 0 34 64
.63f504f0f7e24 1 0 72 64
.63f504f1314ff 4 0 88 22
2 0 45 36
.63f504f1382ee 4 0 64 0
4 1 64 0
4 2 64 0
.63f504f13bf13 4 0 88 80
2 0 66 82
.63f504f13cf3c 4 0 88 105
2 0 72 101
.63f504f13d6ca 4 0 88 80
2 0 33 48
.63f504f13e839 4 0 88 13
2 0 62 99
.63f504f235a6a 4 0 88 94
2 0 71 97
.63f504f251386 1 0 72 64
.63f504f27790e 4 0 64 127
4 1 64 127
4 2 64 127
.63f504f2b1617 1 0 33 64
.63f504f2bba1e 1 0 66 64
.63f504f2bca9a 1 0 45 64
.63f504f2d42e0 4 0 88 51
2 0 65 78
.63f504f2d9718 4 0 88 114
2 0 44 80
.63f504f2db2c4 4 0 64 0
4 1 64 0
4 2 64 0
.63f504f2df533 4 0 88 100
2 0 32 83
.63f504f3c775c 1 0 71 64
.63f504f410033 4 0 88 53
2 0 70 77
.63f504f530ea7 4 0 64 127
4 1 64 127
4 2 64 127
.63f504f570f0f 1 0 62 64
.63f504f5800f0 1 0 65 64
.63f504f5836c8 1 0 70 64
.63f504f58b32e 1 0 32 64
.63f504f5a2277 1 0 44 64
.63f504f5b6817 4 0 88 119
2 0 32 87
.63f504f5c8513 4 0 88 38
2 0 44 99
.63f504f5dafc6 4 0 88 93
2 0 58 79
.63f504f5ddc16 4 0 64 0
4 1 64 0
4 2 64 0
.63f504f5ef692 4 0 88 11
2 0 62 81
.63f504f604bbf 4 0 88 15
2 0 65 73
.63f504f6209a3 4 0 88 14
2 0 70 101
.63f504f792606 4 0 64 127
4 1 64 127
4 2 64 127
.63f504f7bcde1 1 0 70 64
.63f504f7edf28 4 0 88 122
2 0 70 105
.63f504f807164 1 0 62 64
.63f504f82d246 1 0 44 64
.63f504f83ca84 1 0 58 64
.63f504f84aee2 1 0 70 64
.63f504f86ee7c 1 0 32 64
.63f504f8914b1 4 0 64 0
4 1 64 0
4 2 64 0
.63f504f8991dc 1 0 65 64
.63f504f89ae48 4 0 88 41
2 0 67 83
.63f504f89c568 4 0 88 7
2 0 58 95
.63f504f89c7f3 4 0 88 88
2 0 70 98
.63f504f89da31 4 0 88 24
2 0 43 69
.63f504f8a0718 4 0 88 38
2 0 31 79
.63f504f95dffc 4 0 88 24
2 0 62 80
.63f504f98771f 4 0 64 127
4 1 64 127
4 2 64 127
.63f504f98cf9f 1 0 70 64
.63f504f9902c9 1 0 67 64
.63f504f9baab9 1 0 58 64
.63f504f9fae2d 4 0 88 107
2 0 63 76
.63f504fa152ad 1 0 62 64
.63f504faa1300 4 0 88 37
2 0 67 97
.63f504faa1aac 4 0 88 87
2 0 58 75
.63f504fb13ea5 1 0 31 64
.63f504fb1ec4b 1 0 58 64
.63f504fb40a91 1 0 43 64
.63f504fb66bb8 4 0 88 119
2 0 60 70
.63f504fb6b995 4 0 88 33
2 0 32 72
.63f504fb7c787 4 0 64 0
4 1 64 0
4 2 64 0
.63f504fc51524 4 0 88 23
2 0 55 76
.63f504fc6cb65 4 0 64 127
4 1 64 127
4 2 64 127
.63f504fc786d4 4 0 64 0
4 1 64 0
4 2 64 0
.63f504fc8a01b 4 0 64 127
4 1 64 127
4 2 64 127
.63f504fcaf233 1 0 55 64
.63f504fcc2c6f 1 0 67 64
.63f504fd16f23 4 0 88 104
2 0 65 71
.63f504fd1a71a 4 0 88 67
2 0 56 60
.63f504fd2b349 4 0 64 0
4 1 64 0
4 2 64 0
.63f504fd3cc23 4 0 64 127
4 1 64 127
4 2 64 127
.63f504fd5694d 1 0 60 64
.63f504fd86e63 1 0 63 64
.63f504fdcafa5 1 0 56 64
.63f504fe09119 1 0 65 64
.63f504fe0d7da 4 0 88 43
2 0 63 87
.63f504feee9d4 4 0 88 103
2 0 34 57
.63f504fef4396 4 0 64 0
4 1 64 0
4 2 64 0
.63f504fef566d 4 0 88 20
2 0 62 89
.63f504fef6d45 1 0 32 64
.63f504fef9dcb 4 0 88 70
2 0 60 85
.63f504fefad72 1 0 63 64
.63f504ffd940e 1 0 60 64
.63f504ffdbd2b 4 0 88 78
2 0 53 89
.63f5050086df8 4 0 88 80
2 0 58 82
.63f5050143adf 4 0 88 10
2 0 56 98
.63f5050152c90 4 0 64 127
4 1 64 127
4 2 64 127
.63f5050157e64 1 0 58 64
.63f5050171c86 4 0 88 50
2 0 53 10
.63f505019ea06 1 0 53 64
1 0 53 64
.63f50501f2765 1 0 62 64
.63f505022c4a4 4 0 88 38
2 0 36 38
.63f5050236fae 1 0 34 64
.63f5050237483 4 0 64 0
4 1 64 0
4 2 64 0
.63f5050242c39 4 0 88 55
2 0 62 82
.63f505030f2b1 4 0 88 79
2 0 55 69
.63f505032327a 1 0 56 64
.63f50503363aa 4 0 64 127
4 1 64 127
4 2 64 127
.63f50503565ed 1 0 62 64
.63f50503afa58 4 0 88 21
2 0 63 70
.63f50503b7237 4 0 64 0
4 1 64 0
4 2 64 0
.63f50503e31d5 4 0 64 127
4 1 64 127
4 2 64 127
.63f505046233d 4 0 88 7
2 0 53 90
.63f505047ba11 1 0 55 64
.63f50504d2120 1 0 53 64
.63f50505288bc 4 0 88 45
2 0 38 87
.63f5050531cbe 1 0 36 64
.63f505053cdd4 4 0 64 0
4 1 64 0
4 2 64 0
.63f505054af3b 4 0 88 60
2 0 51 81
.63f5050602a4a 4 0 88 127
2 0 55 73
.63f50506985a6 1 0 63 64
.63f50506a8ff8 4 0 88 34
2 0 39 96
.63f50506a91e1 4 0 88 28
2 0 60 84
.63f50506b5510 1 0 38 64
.63f50507690d3 4 0 88 24
2 0 59 69
.63f505076aeca 1 0 60 64
.63f505077a6d3 1 0 55 64
.63f505078cb9e 4 0 64 127
4 1 64 127
4 2 64 127
.63f50507bb505 1 0 51 64
.63f5050807cf5 4 0 64 0
4 1 64 0
4 2 64 0
.63f5050814f23 4 0 88 107
2 0 56 76
.63f5050816790 4 0 88 116
2 0 60 86
.63f5050816dbd 4 0 88 78
2 0 41 89
.63f5050821ce7 1 0 39 64
.63f50508232b3 1 0 59 64
.63f50508d5182 4 0 88 118
2 0 62 95
.63f50508dfe66 1 0 60 64
.63f5050921151 4 0 64 127
4 1 64 127
4 2 64 127
.63f505093997b 1 0 62 64
.63f505099934c 4 0 64 0
4 1 64 0
4 2 64 0
.63f505099d1a9 4 0 88 99
2 0 63 72
.63f505099fc47 4 0 88 45
2 0 43 87
.63f50509a5501 4 0 88 73
2 0 58 78
.63f50509adbb8 4 0 64 127
4 1 64 127
4 2 64 127
.63f50509aef8d 1 0 56 64
.63f50509b0003 1 0 41 64
.63f50509b3870 4 0 64 0
4 1 64 0
4 2 64 0
.63f5050a85faa 4 0 88 48
2 0 61 84
.63f5050a9482a 1 0 63 64
.63f5050b2a9ff 4 0 64 127
4 1 64 127
4 2 64 127
.63f5050b8a06c 1 0 43 64
.63f5050b9f1d0 1 0 58 64
.63f5050bdd847 4 0 88 114
2 0 32 80
.63f5050bea7cf 1 0 61 64
.63f5050bf3ab0 4 0 88 119
2 0 44 87
.63f5050bfd98c 4 0 64 0
4 1 64 0
4 2 64 0
.63f5050c0941e 4 0 88 64
2 0 51 66
.63f5050c1cb96 4 0 88 32
2 0 55 63
.63f5050c36ad9 4 0 88 127
2 0 58 60
.63f5050c52948 4 0 88 48
2 0 61 84
.63f5050dd845c 4 0 64 127
4 1 64 127
4 2 64 127
.63f5050de10b0 4 0 64 0
4 1 64 0
4 2 64 0
.63f5050e12dc4 4 0 64 127
4 1 64 127
4 2 64 127
.63f5050e60717 4 0 88 113
2 0 39 63
.63f5050e7bd57 1 0 44 64
.63f5050edf578 1 0 32 64
.63f5050eee1d4 1 0 55 64
.63f5050f49eca 1 0 51 64
.63f5050f64c9f 1 0 61 64
.63f5050fa8998 1 0 58 64
.63f5050fb01aa 4 0 88 1
2 0 60 86
.63f5050fb1009 4 0 88 93
2 0 51 79
.63f5050fb26e6 4 0 88 57
2 0 56 65
.63f5050fb35ae 4 0 88 85
2 0 44 95
.63f5050fb5d3d 4 0 64 0
4 1 64 0
4 2 64 0
.63f5050fbd714 1 0 39 64
.63f5051081714 1 0 51 64
.63f505108c05c 4 0 88 122
2 0 43 90
.63f505108c618 1 0 56 64
.63f50510919ae 4 0 64 127
4 1 64 127
4 2 64 127
.63f5051095106 1 0 44 64
.63f50510b64c4 1 0 60 64
.63f5051147471 4 0 64 0
4 1 64 0
4 2 64 0
.63f505114f170 4 0 88 78
2 0 41 89
.63f5051150130 4 0 88 7
2 0 67 90
.63f505115248e 4 0 88 60
2 0 60 95
.63f5051153f21 4 0 88 33
2 0 63 76
.63f50511582d6 1 0 43 64
.63f5051245ea6 4 0 88 43
2 0 39 87
.63f5051255bda 1 0 41 64
.63f505125da2b 4 0 64 127
4 1 64 127
4 2 64 127
.63f50512cc747 1 0 60 64
.63f50512e9d5e 1 0 67 64
.63f50512fd1e8 1 0 63 64
.63f50514a4b56 4 0 64 0
4 1 64 0
4 2 64 0
.63f50514b1777 4 0 88 59
2 0 65 67
4 0 88 83
2 0 74 98
.63f50514b2ca6 4 0 88 41
2 0 71 83
4 0 88 66
2 0 68 74
.63f50514b8f14 4 0 88 13
2 0 38 85
.63f50514bf047 1 0 39 64
.63f505161eb3f 4 0 64 127
4 1 64 127
4 2 64 127
.63f50516a44c9 1 0 74 64
.63f50516bef1b 1 0 65 64
.63f50516d2484 1 0 68 64
.63f505173b4f3 4 0 88 21
2 0 70 70
1 0 71 64
.63f505173e8bf 4 0 88 65
2 0 64 77
.63f505173eb82 4 0 88 65
2 0 73 100
.63f5051740377 4 0 88 33
2 0 37 72
.63f5051742539 4 0 88 125
2 0 67 81
.63f5051743ab0 4 0 64 0
4 1 64 0
4 2 64 0
.63f50517480ec 1 0 38 64
.63f50518802a7 4 0 64 127
4 1 64 127
4 2 64 127
.63f50518d48f8 1 0 64 64
.63f50518edb1f 1 0 67 64
.63f5051921390 1 0 70 64
.63f505192e86d 1 0 73 64
.63f50519e5026 1 0 37 64
.63f5051a9695b 4 0 88 45
2 0 72 87
.63f5051a9740d 4 0 88 117
2 0 48 100
.63f5051a97e50 4 0 88 26
2 0 66 71
.63f5051a98529 4 0 64 0
4 1 64 0
4 2 64 0
.63f5051a99378 4 0 88 119
2 0 63 87
.63f5051a9955d 4 0 88 68
2 0 69 81
.63f5051a99cbc 4 0 88 20
2 0 45 89
.63f5051b916be 4 0 64 127
4 1 64 127
4 2 64 127
.63f5051b9a2c2 4 0 64 0
4 1 64 0
4 2 64 0
.63f5051babccd 4 0 64 127
4 1 64 127
4 2 64 127
.63f5051c38a3d 1 0 48 64
.63f5051c6d4af 4 0 88 112
2 0 51 96
.63f5051cf3b10 1 0 51 64
.63f5051d32c7f 1 0 45 64
.63f5051d6858a 1 0 66 64
.63f5051d6bc39 1 0 72 64
.63f5051d6bea5 1 0 69 64
.63f5051d9f9cd 1 0 63 64
.63f5051e3d96f 4 0 88 39
2 0 47 92
.63f5051e3dcc1 4 0 88 27
2 0 43 93
4 0 88 19
2 0 68 79
.63f5051e3e47d 4 0 88 103
2 0 71 87
.63f5051e3fb97 4 0 88 41
2 0 65 83
.63f5051e40264 4 0 88 58
2 0 62 86
.63f5051e4db12 4 0 64 0
4 1 64 0
4 2 64 0
.63f5051fba9f9 4 0 88 98
2 0 53 83
.63f5051fcd860 4 0 64 127
4 1 64 127
4 2 64 127
.63f50520e3907 1 0 62 64
.63f50520e3c66 1 0 71 64
.63f50520ea9bf 1 0 65 64
.63f50520ed6ed 1 0 43 64
.63f50520f45c8 1 0 53 64
.63f50520f6d3d 1 0 68 64
.63f50521083e8 1 0 47 64
.63f5052182500 4 0 88 85
2 0 51 95
.63f5052183ab3 4 0 88 83
2 0 69 98
4 0 88 60
2 0 48 95
.63f5052185687 4 0 88 96
2 0 66 86
.63f5052185ffc 4 0 88 23
2 0 60 76
.63f5052186a21 4 0 88 48
2 0 63 84
.63f5052187ebd 4 0 64 0
4 1 64 0
4 2 64 0
.63f505235867e 4 0 88 59
2 0 57 100
.63f505237fefc 4 0 64 127
4 1 64 127
4 2 64 127
.63f5052385c2c 4 0 64 0
4 1 64 0
4 2 64 0
.63f505238e983 4 0 64 127
4 1 64 127
4 2 64 127
.63f50523c2da1 1 0 48 64
.63f50523cf368 1 0 57 64
.63f50523db798 1 0 51 64
.63f5052535340 1 0 60 64
.63f505253ef13 1 0 63 64
.63f505253f04d 1 0 66 64
.63f50525485f4 1 0 69 64
.63f505261690e 4 0 88 28
2 0 41 84
.63f505261b984 4 0 88 80
2 0 68 82
.63f505261cf6a 4 0 88 55
2 0 59 82
.63f505261daa0 4 0 88 11
2 0 65 81
.63f505261e16c 4 0 88 82
2 0 62 80
.63f5052621da6 4 0 64 0
4 1 64 0
4 2 64 0
.63f5052781788 4 0 64 127
4 1 64 127
4 2 64 127
.63f50527ec9be 4 0 88 122
2 0 50 77
.63f5052a5a752 1 0 62 64
.63f5052a5f377 1 0 41 64
.63f5052a6b682 1 0 50 64
.63f5052aa5469 1 0 59 64
.63f5052ad6a4c 1 0 65 64
.63f5052ba29b8 4 0 88 84
2 0 43 93
.63f5052bbd93d 4 0 64 0
4 1 64 0
4 2 64 0
.63f5052bd7f4e 4 0 64 127
4 1 64 127
4 2 64 127
.63f5052c1d4e9 4 0 88 95
2 0 48 79
.63f5052c277df 1 0 68 64
.63f5052c5217e 4 0 88 99
2 0 51 72
.63f5052c58d75 4 0 64 0
4 1 64 0
4 2 64 0
.63f5052c7802f 4 0 88 87
2 0 55 72
.63f5052c9f5c5 4 0 88 24
2 0 60 80
.63f5052cc1be5 4 0 88 6
2 0 63 82
.63f5052d08816 4 0 88 20
2 0 67 89
.63f5052dbe59d 4 0 64 127
4 1 64 127
4 2 64 127
.63f5052dca10d 4 0 64 0
4 1 64 0
4 2 64 0
.63f5052dd5c29 4 0 64 127
4 1 64 127
4 2 64 127
.63f50530a7f0e 1 0 48 64
.63f505311957c 1 0 43 64
.63f5053132e5d 1 0 51 64
.63f50532d28a4 1 0 60 64
.63f50532d619e 1 0 55 64
.63f50532e02b3 1 0 67 64
.63f50532e06b0 1 0 63 64
.63f5053313ae9 4 0 88 119
2 0 51 64
.63f5053315de0 4 0 88 83
2 0 67 98
.63f5053316999 4 0 64 0
4 1 64 0
4 2 64 0
.63f5053317550 4 0 88 96
2 0 43 68
.63f5053318358 4 0 88 40
2 0 63 80
.63f505331ab1e 4 0 88 125
2 0 55 81
.63f505331af62 4 0 88 39
2 0 60 92
.63f505331bd44 4 0 88 116
2 0 48 86
.63f505337181e 4 0 64 127
4 1 64 127
4 2 64 127
.63f50533d5598 1 0 43 64
.63f50533de178 1 0 51 64
.63f50533e3ea5 1 0 48 64
.63f50533fdb51 1 0 55 64
.63f505340216e 1 0 67 64
.63f5053417a0e 1 0 60 64
.63f50534446bc 1 0 63 64
.63f5053512575 4 0 88 14
2 0 68 101
.63f505351436e 4 0 88 73
2 0 54 78
.63f5053514b8a 4 0 88 127
2 0 42 77
.63f5053515002 4 0 88 91
2 0 56 89
.63f5053516cf8 4 0 88 57
2 0 51 65
.63f50535170f3 4 0 88 1
2 0 60 86
.63f5053517cc3 4 0 88 46
2 0 63 63
.63f505351a61e 4 0 64 0
4 1 64 0
4 2 64 0
.63f505351d54b 4 0 88 4
2 0 48 67
.63f5053665788 4 0 64 127
4 1 64 127
4 2 64 127
.63f50538231b8 1 0 48 64
.63f505384a138 1 0 51 64
.63f5053851aac 1 0 42 64
.63f505386002a 1 0 54 64
.63f50538c52df 1 0 60 64
.63f50538f8bc9 4 0 64 0
4 1 64 0
4 2 64 0
.63f505397101b 1 0 56 64
.63f505399fbcc 4 0 64 127
4 1 64 127
4 2 64 127
.63f50539d633a 1 0 63 64
.63f5053a19fc5 1 0 68 64
.63f5053a66799 4 0 88 2
2 0 46 38
.63f5053caedf5 1 0 46 64
.63f5053d9ce22 4 0 88 5
2 0 43 39
.63f5053e2da64 4 0 88 1
2 0 46 44
.63f5053e99fd2 4 0 88 115
2 0 51 40
.63f5053ef1a25 4 0 88 29
2 0 55 29
.63f5053f5e343 4 0 88 80
2 0 58 28
.63f5053fef186 4 0 88 107
2 0 61 31
.63f50540e5c9f 4 0 88 86
2 0 67 46
.63f50543593c3 1 0 51 64
.63f505435aef5 1 0 43 64
.63f5054369492 1 0 46 64
.63f50544f149d 1 0 67 64
.63f50544f2246 1 0 55 64
.63f50544f8703 1 0 61 64
.63f50544f9485 1 0 58 64
.63f50545966ba 4 0 88 45
2 0 67 87
.63f5054598564 4 0 88 28
2 0 55 84
.63f5054598b9e 4 0 88 99
2 0 46 72
.63f50545995f0 4 0 88 57
2 0 49 65
4 0 88 55
2 0 40 82
4 0 88 73
2 0 58 78
.63f5054599fb2 4 0 88 85
2 0 64 84
.63f505459a220 4 0 88 127
2 0 61 77
.63f505459ce6d 4 0 88 87
2 0 52 72
.63f505459e656 4 0 64 0
4 1 64 0
4 2 64 0
.63f5054665b64 4 0 64 127
4 1 64 127
4 2 64 127
.63f50546eaf7b 1 0 52 64
.63f50546f71c6 1 0 40 64
.63f50547089c1 1 0 49 64
.63f505470b923 1 0 46 64
.63f50548e129a 1 0 64 64
.63f50548e1f61 1 0 58 64
.63f50548f10c1 1 0 55 64
.63f50548f2f40 1 0 61 64
.63f50548f47cb 1 0 67 64
.63f5054ae640d 4 0 88 101
2 0 44 49
.63f5054ae73e4 4 0 88 109
2 0 65 78
.63f5054aec1b9 4 0 88 0
2 0 56 51
.63f5054aec7e1 4 0 88 18
2 0 53 54
.63f5054aed44c 4 0 88 113
2 0 60 67
.63f5054afca47 4 0 64 0
4 1 64 0
4 2 64 0
.63f5054c01684 4 0 64 127
4 1 64 127
4 2 64 127
.63f5054c0a323 4 0 64 0
4 1 64 0
4 2 64 0
.63f5054c18d5a 4 0 64 127
4 1 64 127
4 2 64 127
.63f5054cc6a5f 4 0 88 112
2 0 43 56
.63f5054cd0e4e 1 0 44 64
.63f5054d2298d 1 0 65 64
.63f5054d30dd2 1 0 53 64
.63f5054d54ff8 1 0 56 64
.63f5054d7aae2 1 0 60 64
.63f5054d842f5 4 0 64 0
4 1 64 0
4 2 64 0
.63f5054d8ac04 4 0 88 87
2 0 63 75
.63f5054d8ba86 4 0 88 24
2 0 41 69
.63f5054d8c9a8 4 0 88 99
2 0 56 72
.63f5054d8ed52 1 0 43 64
.63f5054e6bbb8 4 0 88 40
2 0 39 80
.63f5054e820d9 1 0 41 64
.63f5054e979b3 4 0 64 127
4 1 64 127
4 2 64 127
.63f5054efd17e 1 0 56 64
.63f5054f3a8cd 1 0 63 64
.63f5054f7931a 4 0 64 0
4 1 64 0
4 2 64 0
.63f5054f80f84 4 0 88 41
2 0 65 83
.63f5054f8291c 4 0 88 39
2 0 58 90
.63f5054f82bd9 4 0 88 45
2 0 62 87
.63f5054f859d2 4 0 88 58
2 0 38 86
.63f5054f8b416 1 0 39 64
.63f505508c2c1 4 0 88 14
2 0 41 94
.63f50550a0627 1 0 38 64
.63f50550a40e3 4 0 64 127
4 1 64 127
4 2 64 127
.63f50550acdb8 4 0 64 0
4 1 64 0
4 2 64 0
.63f50550b8961 4 0 64 127
4 1 64 127
4 2 64 127
.63f50550fe934 1 0 58 64
.63f505510fe64 1 0 65 64
.63f5055111ad6 1 0 62 64
.63f50551ec400 4 0 64 0
4 1 64 0
4 2 64 0
.63f50551efb7b 4 0 88 28
2 0 65 84
.63f50551f022e 4 0 88 119
2 0 59 70
.63f50551f09fa 4 0 88 51
2 0 35 78
.63f50551f2c0d 4 0 88 24
2 0 62 80
.63f50551f2d11 1 0 41 64
.63f50553b29bc 4 0 88 25
2 0 38 47
.63f50553d0fbb 1 0 35 64
.63f505551dbd0 4 0 64 127
4 1 64 127
4 2 64 127
.63f505555c21c 1 0 59 64
.63f5055561078 1 0 62 64
.63f5055595bee 1 0 65 64
.63f50556b184d 4 0 88 93
2 0 70 79
.63f50556b69d8 4 0 88 79
2 0 58 59
.63f50556b8078 4 0 88 96
2 0 67 60
4 0 88 90
2 0 63 48
.63f50556bae14 4 0 64 0
4 1 64 0
4 2 64 0
.63f50556bb668 4 0 88 127
2 0 34 42
.63f50556bfc96 1 0 38 64
.63f505586c898 4 0 64 127
4 1 64 127
4 2 64 127
.63f50558c3a20 1 0 63 64
.63f50558d7f42 1 0 58 64
.63f50558e5c32 1 0 67 64
.63f505592ba32 1 0 70 64
.63f5055966d10 4 0 88 72
2 0 33 73
.63f505596d253 1 0 34 64
.63f5055987726 4 0 88 119
2 0 60 70
.63f5055991855 4 0 64 0
4 1 64 0
4 2 64 0
.63f50559b1c11 4 0 88 99
2 0 63 72
.63f50559e6347 4 0 88 95
2 0 65 79
.63f5055a4c70d 4 0 88 41
2 0 72 83
.63f5055d1dd78 4 0 64 127
4 1 64 127
4 2 64 127
.63f5055d4cf40 1 0 72 64
.63f5055d52519 1 0 60 64
.63f5055d56a12 1 0 63 64
.63f5055d6901f 1 0 65 64
.63f5055de7896 4 0 88 39
2 0 53 68
.63f5055dea310 4 0 88 88
2 0 63 52
.63f5055dea9c6 4 0 88 66
2 0 60 58
.63f5055deaeb8 4 0 64 0
4 1 64 0
4 2 64 0
.63f5055f41c1a 4 0 64 127
4 1 64 127
4 2 64 127
.63f5055fcf927 1 0 53 64
.63f5055fe2335 1 0 63 64
.63f5055fecbd2 1 0 60 64
.63f5056069ae6 4 0 64 0
4 1 64 0
4 2 64 0
.63f50560792ec 4 0 88 66
2 0 54 74
4 0 88 87
2 0 63 75
.63f5056079d7f 4 0 88 49
2 0 34 62
.63f505607df46 4 0 88 79
2 0 60 69
.63f5056081e49 1 0 33 64
.63f50562649c5 4 0 88 97
2 0 53 65
.63f5056268f9c 4 0 88 79
2 0 62 69
.63f5056269c65 1 0 54 64
.63f5056274088 1 0 63 64
.63f505630e8d1 4 0 64 127
4 1 64 127
4 2 64 127
.63f5056358535 1 0 60 64
.63f50563855f2 1 0 53 64
.63f50563b19b0 4 0 88 112
2 0 60 82
.63f50563b28d7 4 0 88 104
2 0 51 53
.63f50563be01b 1 0 62 64
.63f50563c1431 4 0 64 0
4 1 64 0
4 2 64 0
.63f50563de923 4 0 64 127
4 1 64 127
4 2 64 127
.63f50564293a3 1 0 51 64
.63f505648499c 1 0 34 64
.63f505658854f 4 0 88 65
2 0 65 77
.63f5056593265 4 0 64 0
4 1 64 0
4 2 64 0
.63f5056594389 4 0 88 22
2 0 34 35
.63f50566b1ef3 4 0 88 119
2 0 63 64
.63f50566b96c5 1 0 65 64
.63f50566d2826 4 0 64 127
4 1 64 127
4 2 64 127
.63f5056770b51 1 0 63 64
.63f50567da7fb 4 0 88 35
2 0 53 42
.63f50567dafb0 4 0 88 65
2 0 62 77
.63f50567dd287 4 0 64 0
4 1 64 0
4 2 64 0
.63f50567e50ef 1 0 60 64
.63f5056957220 4 0 64 127
4 1 64 127
4 2 64 127
.63f505695c9e9 1 0 53 64
.63f50569e4193 4 0 88 37
2 0 51 47
.63f50569e64db 4 0 88 109
2 0 60 78
.63f50569e8e9c 4 0 88 127
2 0 57 61
.63f50569ec864 4 0 64 0
4 1 64 0
4 2 64 0
.63f50569eff4b 1 0 62 64
.63f5056b3a990 4 0 64 127
4 1 64 127
4 2 64 127
.63f5056b77a3e 1 0 57 64
.63f5056b7e251 1 0 51 64
.63f5056b97166 1 0 60 64
.63f5056cb3470 1 0 34 64
.63f5056cf39ff 4 0 88 93
2 0 34 79
.63f5056d24a4c 4 0 88 74
2 0 41 61
.63f5056d481f3 4 0 88 40
2 0 46 80
.63f5056d65997 1 0 41 64
.63f5056d6aebe 4 0 88 82
2 0 50 80
.63f5056d6d220 4 0 64 0
4 1 64 0
4 2 64 0
.63f5056d84494 4 0 88 32
2 0 53 72
.63f5056da6d29 4 0 88 107
2 0 58 76
.63f5056de058e 4 0 88 13
2 0 62 99
.63f5056df85f8 1 0 34 64
.63f5056e40259 4 0 64 127
4 1 64 127
4 2 64 127
.63f5056eaf7b8 4 0 64 0
4 1 64 0
4 2 64 0
.63f5056ee0565 4 0 88 44
2 0 45 65
.63f5056eeae98 1 0 46 64
.63f5056fdc128 4 0 88 104
2 0 43 71
.63f5056fe4ed1 1 0 45 64
.63f50571073a3 4 0 88 42
2 0 41 50
.63f50571110ab 1 0 43 64
.63f50572998e3 4 0 64 127
4 1 64 127
4 2 64 127
.63f50572cafcc 1 0 41 64
.63f505734cffa 1 0 50 64
.63f50573517de 1 0 53 64
1 0 62 64
.63f505735ca23 1 0 58 64
.63f50575d0eab 4 0 64 0
4 1 64 0
4 2 64 0
.63f50575d44fb 4 0 88 33
2 0 46 58
.63f50575d53b5 4 0 88 126
2 0 58 51
.63f50575d5790 4 0 88 78
2 0 40 66
.63f50575d6045 4 0 88 24
2 0 62 80
.63f50575d7b5b 4 0 88 7
2 0 49 53
.63f50575d7f0b 4 0 88 65
2 0 55 57
.63f50575d83b8 4 0 88 73
2 0 52 56
.63f505786a067 4 0 64 127
4 1 64 127
4 2 64 127
.63f5057b0efc2 1 0 40 64
.63f5057b2c723 1 0 46 64
.63f5057be393e 4 0 88 67
2 0 39 60
.63f5057bf879e 1 0 49 64
.63f5057c57614 4 0 88 32
2 0 46 45
.63f5057c7fb5b 1 0 52 64
.63f5057c8cce9 1 0 62 64
.63f5057c9380a 1 0 55 64
.63f5057cb3d66 4 0 88 21
2 0 49 42
.63f5057cceb97 1 0 58 64
.63f5057d0ccaa 4 0 88 28
2 0 51 46
.63f5057d80ab8 4 0 88 54
2 0 55 39
.63f5057dcb269 4 0 64 0
4 1 64 0
4 2 64 0
.63f5057e16d82 4 0 88 30
2 0 58 32
.63f5057e3a82f 4 0 64 127
4 1 64 127
4 2 64 127
.63f505802a2c8 4 0 88 127
2 0 61 27
.63f505815f45f 1 0 55 64
.63f505818a571 1 0 51 64
.63f505818c6cd 1 0 46 64
.63f505819e1e4 1 0 58 64
.63f50581a01f8 1 0 61 64
.63f50581af718 1 0 49 64
.63f50581b910d 1 0 39 64
.63f50581f7793 4 0 88 112
2 0 38 82
.63f505820a399 4 0 64 0
4 1 64 0
4 2 64 0
.63f5058223e65 4 0 88 103
2 0 43 87
.63f5058244871 4 0 88 43
2 0 46 87
.63f5058259893 4 0 88 7
2 0 50 90
.63f505826cec1 4 0 88 32
2 0 55 63
.63f505827dfca 4 0 88 120
2 0 58 73
.63f5058295ae3 4 0 88 71
2 0 62 99
.63f50583610ab 4 0 64 127
4 1 64 127
4 2 64 127
.63f505836cc23 4 0 64 0
4 1 64 0
4 2 64 0
.63f5058375892 4 0 64 127
4 1 64 127
4 2 64 127
.63f50585e8005 1 0 43 64
.63f50585eaa5e 1 0 46 64
.63f505867ee43 1 0 38 64
.63f505868eea2 1 0 50 64
.63f50586f58d1 4 0 88 69
2 0 37 67
.63f5058788a99 4 0 64 0
4 1 64 0
4 2 64 0
.63f5058789654 4 0 88 4
2 0 43 67
.63f50587e3bff 1 0 55 64
.63f50587e5a3a 4 0 88 69
2 0 46 67
.63f505881f875 4 0 88 46
2 0 49 73
.63f505883114f 1 0 58 64
.63f505883d858 4 0 88 104
2 0 52 71
.63f5058859c15 4 0 88 24
2 0 55 69
.63f505886c940 1 0 62 64
.63f5058871a20 4 0 88 53
2 0 58 77
.63f5058893a50 4 0 88 7
2 0 64 90
.63f50589ac944 4 0 64 127
4 1 64 127
4 2 64 127
.63f5058bc5c89 1 0 58 64
.63f5058c84f1f 4 0 88 37
2 0 57 31
.63f5058d2bde9 1 0 57 64
.63f5058d82495 4 0 88 56
2 0 58 32
.63f5058fe53f3 4 0 88 36
2 0 61 25
.63f5059005149 1 0 64 64
.63f5059083305 1 0 43 64
.63f5059215d8e 1 0 46 64
.63f50592174c4 1 0 49 64
.63f5059222029 1 0 37 64
.63f505931d844 1 0 61 64
.63f50593622f8 1 0 58 64
.63f50593669b2 1 0 55 64
.63f50593811a0 4 0 88 113
2 0 38 67
.63f505938462b 1 0 52 64
.63f50593a2d6e 4 0 88 8
2 0 43 77
.63f50593ad676 4 0 64 0
4 1 64 0
4 2 64 0
.63f50593c1594 4 0 88 109
2 0 45 78
.63f50593d7378 4 0 88 74
2 0 50 59
.63f50593f76df 4 0 88 28
2 0 55 53
.63f5059409fe3 4 0 88 8
2 0 57 77
.63f5059425f2f 4 0 88 84
2 0 62 93
.63f5059562088 4 0 64 127
4 1 64 127
4 2 64 127
.63f5059567d56 4 0 64 0
4 1 64 0
4 2 64 0
.63f5059599afe 4 0 64 127
4 1 64 127
4 2 64 127
.63f50596c14c3 1 0 55 64
.63f50596f4626 1 0 43 64
.63f50597c474d 4 0 88 67
2 0 55 14
.63f5059b65462 1 0 55 64
.63f5059c6ae75 1 0 45 64
.63f5059c6e565 1 0 38 64
.63f5059cfd78c 4 0 88 48
2 0 54 21
.63f5059cfee8f 4 0 88 11
2 0 38 23
.63f505a52ebdf 1 0 54 64
.63f505a5324f6 1 0 50 64
.63f505a53387f 1 0 62 64
.63f505a535a0d 1 0 57 64
.63f505a55b40d 1 0 38 64
.63f505bc0ea2e 4 0 64 0
4 1 64 0
4 2 64 0
