.63f50606ef193 4 0 64 127
4 1 64 127
4 2 64 127
.63f50607559d7 4 0 64 0
4 1 64 0
4 2 64 0
.63f506076156d 4 0 64 127
4 1 64 127
4 2 64 127
.63f50609769e8 4 0 64 0
4 1 64 0
4 2 64 0
.63f50609c5bb4 4 0 64 127
4 1 64 127
4 2 64 127
.63f5060aa7ba8 4 0 88 48
2 0 60 31
.63f5060adc21e 4 0 88 103
2 0 64 39
.63f5060b11818 4 0 88 37
2 0 67 39
.63f5060b231bd 1 0 64 64
.63f5060b2bacc 1 0 60 64
.63f5060b445d4 4 0 88 65
2 0 72 46
.63f5060b4c7ee 1 0 67 64
.63f5060b782b0 1 0 72 64
.63f5060b78c70 4 0 88 17
2 0 76 42
.63f5060b9ec37 1 0 76 64
.63f5060ba5a93 4 0 88 22
2 0 67 46
.63f5060bdb1a5 4 0 88 103
2 0 72 39
.63f5060be13b8 1 0 67 64
.63f5060c06ef9 4 0 88 2
2 0 76 47
.63f5060c0a322 1 0 72 64
.63f5060c24c5d 1 0 76 64
.63f5060c3e258 4 0 88 99
2 0 60 52
.63f5060c7175b 4 0 88 108
2 0 64 41
.63f5060c969e9 1 0 60 64
.63f5060c9812e 1 0 64 64
.63f5060ca252c 4 0 88 56
2 0 67 48
.63f5060cd23f4 4 0 88 43
2 0 72 46
.63f5060cd9e4d 1 0 67 64
.63f5060d059b9 1 0 72 64
.63f5060d065b9 4 0 88 46
2 0 76 52
.63f5060d31a44 1 0 76 64
.63f5060d387b7 4 0 88 94
2 0 67 51
.63f5060d6758a 4 0 88 67
2 0 72 50
.63f5060d6fd04 1 0 67 64
.63f5060d9b59d 4 0 88 94
2 0 76 51
.63f5060d9f7d3 1 0 72 64
.63f5060dfb60c 4 0 88 106
2 0 60 37
.63f5060e3ed10 1 0 76 64
.63f5060e5104c 4 0 88 77
2 0 62 40
.63f5060e8d691 4 0 88 96
2 0 69 60
.63f5060ec133c 4 0 88 56
2 0 74 55
.63f5060ec6e82 1 0 69 64
.63f5060edfd51 1 0 62 64
.63f5060ee47e2 1 0 60 64
.63f5060ef365b 4 0 88 42
2 0 77 60
.63f5060ef4f62 1 0 74 64
.63f5060f1cede 1 0 77 64
.63f5060f27218 4 0 88 46
2 0 69 52
.63f5060f54e3c 4 0 88 94
2 0 74 51
.63f5060f61e01 1 0 69 64
.63f5060f847d7 4 0 88 4
2 0 77 67
.63f5060f8a738 1 0 74 64
.63f5060fa496f 1 0 77 64
.63f5060fbedb4 4 0 88 18
2 0 60 54
.63f5060ff20e3 4 0 88 1
2 0 62 46
.63f5061020a18 1 0 62 64
.63f50610220b3 1 0 60 64
.63f50610231c3 4 0 88 67
2 0 69 50
.63f5061054b94 4 0 88 36
2 0 74 56
.63f506105b0d0 1 0 69 64
.63f506108601b 4 0 88 16
2 0 77 51
.63f5061086e73 1 0 74 64
.63f50610b4934 1 0 77 64
.63f50610bb010 4 0 88 74
2 0 69 59
.63f50610e8f02 1 0 69 64
.63f50610e91f6 4 0 88 41
2 0 74 51
.63f5061117a37 4 0 88 126
2 0 77 55
.63f506111d565 1 0 74 64
.63f5061144c5f 1 0 77 64
.63f506115ed52 4 0 88 16
2 0 59 51
.63f506116dfc9 4 0 64 0
4 1 64 0
4 2 64 0
.63f506117ca30 4 0 64 127
4 1 64 127
4 2 64 127
.63f506119f144 4 0 88 56
2 0 62 55
.63f50611d77a4 4 0 88 120
2 0 67 49
.63f50611e1c04 1 0 62 64
.63f50611e6061 1 0 59 64
.63f50612099f8 4 0 88 68
2 0 74 51
.63f506120dfec 1 0 67 64
.63f5061230f8b 1 0 74 64
.63f506123a436 4 0 88 111
2 0 77 58
.63f5061266310 1 0 77 64
.63f506126cd9c 4 0 88 112
2 0 67 56
.63f506129b945 4 0 88 28
2 0 74 53
.63f50612a703c 1 0 67 64
.63f50612ce970 4 0 88 118
2 0 77 64
.63f50612d8d72 1 0 74 64
.63f50612f0d4b 1 0 77 64
.63f50613068b9 4 0 88 83
2 0 59 54
.63f5061333c9c 4 0 88 18
2 0 62 54
.63f5061367fd0 4 0 88 116
2 0 67 54
.63f5061369d25 1 0 62 64
.63f506136c2f3 1 0 59 64
.63f506139a078 4 0 88 84
2 0 74 63
.63f50613a13ae 1 0 67 64
.63f50613c7919 1 0 74 64
.63f50613cce4f 4 0 88 116
2 0 77 53
.63f50613f7312 1 0 77 64
.63f50613fed56 4 0 88 121
2 0 67 59
.63f506142d882 1 0 67 64
.63f50614301ab 4 0 88 73
2 0 74 52
.63f506145fdb1 4 0 88 127
2 0 77 48
.63f506146aac9 1 0 74 64
.63f506147ae6d 1 0 77 64
.63f506149df7a 4 0 88 47
2 0 60 49
.63f50614a54f4 4 0 64 0
4 1 64 0
4 2 64 0
.63f50614b9d62 4 0 64 127
4 1 64 127
4 2 64 127
.63f50614e48da 4 0 88 28
2 0 64 53
.63f506151b447 4 0 88 110
2 0 67 44
.63f50615204d2 1 0 64 64
.63f5061527a3d 1 0 60 64
.63f506154ece6 4 0 88 127
2 0 72 48
.63f506154f59a 1 0 67 64
.63f506156acf6 1 0 72 64
.63f506157fafd 4 0 88 72
2 0 76 49
.63f50615ab452 1 0 76 64
.63f50615b2ef8 4 0 88 66
2 0 67 58
.63f50615e689d 4 0 88 38
2 0 72 43
.63f50615e8087 1 0 67 64
.63f506161335f 4 0 88 10
2 0 76 48
.63f506161f100 1 0 72 64
.63f506163b4de 1 0 76 64
.63f506164f26b 4 0 88 78
2 0 60 66
.63f506167d939 4 0 88 53
2 0 64 62
.63f50616a9ee9 1 0 64 64
.63f50616aecc3 1 0 60 64
.63f50616b412c 4 0 88 92
2 0 67 50
.63f50616e4da3 4 0 88 19
2 0 72 52
.63f50616e5011 1 0 67 64
.63f50617173b0 4 0 88 56
2 0 76 55
.63f506171b4a4 1 0 72 64
.63f50617441c2 1 0 76 64
.63f506174ba7c 4 0 88 56
2 0 67 53
.63f506177ce91 4 0 88 72
2 0 72 42
.63f506177deac 1 0 67 64
.63f50617af173 4 0 88 41
2 0 76 51
.63f50617b771c 1 0 72 64
.63f50617f5942 4 0 88 39
2 0 60 68
.63f50617f9961 1 0 76 64
.63f506181167d 4 0 64 0
4 1 64 0
4 2 64 0
.63f506181d1f3 4 0 64 127
4 1 64 127
4 2 64 127
.63f506184d35b 4 0 88 74
2 0 67 59
.63f50618cf360 1 0 60 64
.63f50618cfb93 1 0 67 64
.63f50618fa930 4 0 88 4
2 0 60 67
.63f50619c1d1d 4 0 88 0
2 0 64 53
.63f5061a38806 4 0 88 15
2 0 69 73
.63f5061a8202f 4 0 88 72
2 0 76 73
.63f5061ab6901 1 0 69 64
.63f5061ab7447 1 0 64 64
.63f5061abe708 1 0 60 64
.63f5061ac15a1 4 0 88 39
2 0 81 75
.63f5061acc339 1 0 76 64
.63f5061af6a0b 4 0 88 84
2 0 69 63
.63f5061b20142 1 0 81 64
.63f5061b28474 4 0 88 107
2 0 76 57
.63f5061b31fe4 1 0 69 64
.63f5061b59a73 4 0 88 8
2 0 81 77
.63f5061b66799 1 0 76 64
.63f5061b7a8cd 1 0 81 64
.63f5061b93bc6 4 0 88 59
2 0 60 67
.63f5061bc7de2 4 0 88 20
2 0 64 61
.63f5061bfb562 4 0 88 20
2 0 69 61
.63f5061c25eef 1 0 64 64
.63f5061c2d349 4 0 88 96
2 0 76 60
.63f5061c30eed 1 0 60 64
.63f5061c3cdad 1 0 69 64
.63f5061c610c4 4 0 88 32
2 0 81 72
.63f5061c66ae9 1 0 76 64
.63f5061c9234e 4 0 88 106
2 0 69 62
.63f5061cb2ebf 1 0 81 64
.63f5061cc2b36 4 0 88 118
2 0 76 50
.63f5061ccc55d 1 0 69 64
.63f5061cf83e7 4 0 88 28
2 0 81 59
.63f5061cffd9f 1 0 76 64
.63f5061d13bf2 1 0 81 64
.63f5061d3780b 4 0 88 73
2 0 60 56
.63f5061d469d3 4 0 64 0
4 1 64 0
4 2 64 0
.63f5061d63e76 4 0 64 127
4 1 64 127
4 2 64 127
.63f5061d85d08 4 0 88 42
2 0 62 50
.63f5061dbfa3c 4 0 88 123
2 0 66 48
.63f5061de31c6 1 0 62 64
.63f5061dee4f9 1 0 60 64
.63f5061df35d3 4 0 88 92
2 0 69 50
.63f5061df6ea6 1 0 66 64
.63f5061e233cb 1 0 69 64
.63f5061e2bab0 4 0 88 127
2 0 74 48
.63f5061e4b886 1 0 74 64
.63f5061e58247 4 0 88 28
2 0 66 46
.63f5061e881f5 1 0 66 64
.63f5061e907e3 4 0 88 123
2 0 69 35
.63f5061eb17be 1 0 69 64
.63f5061eb70d1 4 0 88 90
2 0 74 44
.63f5061eced0c 1 0 74 64
.63f5061ef195f 4 0 88 63
2 0 60 64
.63f5061f2c0e0 4 0 88 78
2 0 62 66
.63f5061f58278 1 0 60 64
.63f5061f5a957 1 0 62 64
.63f5061f5efba 4 0 88 1
2 0 66 46
.63f5061f8cc3b 4 0 88 96
2 0 69 60
.63f5061f933ad 1 0 66 64
.63f5061fc072d 1 0 69 64
.63f5061fc3cb0 4 0 88 74
2 0 74 61
.63f5061fede6c 1 0 74 64
.63f5061ff0c70 4 0 88 29
2 0 66 49
.63f5062025068 4 0 88 116
2 0 69 54
.63f506202576b 1 0 66 64
.63f5062059c2d 4 0 88 127
2 0 74 61
.63f506205aab8 1 0 69 64
.63f5062076bec 1 0 74 64
.63f50620972bb 4 0 88 96
2 0 59 68
.63f50620a116c 4 0 64 0
4 1 64 0
4 2 64 0
.63f50620c156c 4 0 64 127
4 1 64 127
4 2 64 127
.63f50620d852d 4 0 88 97
2 0 62 65
.63f506211245e 4 0 88 91
2 0 67 55
.63f506213583a 1 0 62 64
.63f506213a730 1 0 59 64
.63f5062142bfb 1 0 67 64
.63f506214499d 4 0 88 39
2 0 74 68
.63f5062172376 4 0 88 24
2 0 79 57
.63f50621737d5 1 0 74 64
.63f50621966eb 1 0 79 64
.63f50621a75ae 4 0 88 15
2 0 67 73
.63f50621cdb34 1 0 67 64
.63f50621d7b1a 4 0 88 28
2 0 74 53
.63f5062201ad9 1 0 74 64
.63f506220600e 4 0 88 22
2 0 79 58
.63f5062218f35 1 0 79 64
.63f5062241a7b 4 0 88 42
2 0 59 60
.63f5062277259 4 0 88 72
2 0 62 73
.63f50622a7012 4 0 88 116
2 0 67 54
.63f50622a7aab 1 0 59 64
.63f50622ad7b4 1 0 62 64
.63f50622dd2ea 4 0 88 63
2 0 74 64
.63f50622e5c44 1 0 67 64
.63f506230f1d2 4 0 88 120
2 0 79 51
1 0 74 64
.63f5062334efa 1 0 79 64
.63f5062342422 4 0 88 116
2 0 67 53
.63f50623693f1 1 0 67 64
.63f50623721e6 4 0 88 120
2 0 74 49
.63f50623a1e43 4 0 88 126
2 0 79 55
.63f50623a5253 1 0 74 64
.63f50623b762e 1 0 79 64
.63f50623ddc05 4 0 88 73
2 0 59 52
.63f50623ecf42 4 0 64 0
4 1 64 0
4 2 64 0
.63f506240a449 4 0 64 127
4 1 64 127
4 2 64 127
.63f5062423cf0 4 0 88 32
2 0 60 63
.63f506245ed87 4 0 88 47
2 0 64 47
.63f506246d5a2 1 0 60 64
.63f5062470ff5 1 0 59 64
.63f506248e0b5 1 0 64 64
.63f50624931f5 4 0 88 28
2 0 67 53
.63f50624c1729 1 0 67 64
.63f50624ca553 4 0 88 116
2 0 72 54
.63f50624ee221 1 0 72 64
.63f50624fa762 4 0 88 73
2 0 64 52
.63f5062528997 1 0 64 64
.63f50625325d1 4 0 88 56
2 0 67 48
.63f506255fde4 1 0 67 64
.63f5062564025 4 0 88 23
2 0 72 49
.63f506257daf0 1 0 72 64
.63f5062593d58 4 0 88 73
2 0 59 56
.63f50625aa593 4 0 64 0
4 1 64 0
4 2 64 0
.63f50625b0286 4 0 64 127
4 1 64 127
4 2 64 127
.63f50625cc807 4 0 88 28
2 0 60 59
.63f50626017fc 4 0 88 127
2 0 64 48
.63f506262c002 1 0 64 64
.63f506262cdd8 4 0 88 19
2 0 67 52
.63f5062633395 1 0 60 64
.63f50626393ee 1 0 59 64
.63f506265c431 1 0 67 64
.63f50626647d7 4 0 88 28
2 0 72 53
.63f506268ab8e 1 0 72 64
.63f5062698d12 4 0 88 66
2 0 64 58
.63f50626c8598 1 0 64 64
.63f50626cb70a 4 0 88 83
2 0 67 54
.63f50626fd3db 4 0 88 111
2 0 72 58
.63f50626feaff 1 0 67 64
.63f506271f71a 1 0 72 64
.63f506273a792 4 0 88 39
2 0 57 75
.63f5062744860 4 0 64 0
4 1 64 0
4 2 64 0
.63f506276a9dd 4 0 64 127
4 1 64 127
4 2 64 127
.63f506277a644 4 0 88 10
2 0 60 64
.63f50627b9bf0 4 0 88 56
2 0 64 53
.63f50627db324 1 0 60 64
.63f50627e62c1 1 0 57 64
.63f50627e8520 4 0 88 42
2 0 67 60
.63f50627e8cb2 1 0 64 64
.63f506281869b 1 0 67 64
.63f506281f074 4 0 88 73
2 0 72 56
.63f5062844269 1 0 72 64
.63f506284f311 4 0 88 112
2 0 64 56
.63f506287fc2f 1 0 64 64
.63f50628832bb 4 0 88 116
2 0 67 54
.63f50628b0dd7 1 0 67 64
.63f50628b1f6a 4 0 88 42
2 0 72 60
.63f50628d3b2d 1 0 72 64
.63f50628e7a4c 4 0 88 8
2 0 57 77
.63f5062904d63 4 0 64 0
4 1 64 0
4 2 64 0
.63f50629108b8 4 0 64 127
4 1 64 127
4 2 64 127
.63f506291a5fb 4 0 88 95
2 0 60 75
.63f5062951f1f 4 0 88 68
2 0 64 51
.63f50629809b7 1 0 64 64
.63f5062981998 4 0 88 66
2 0 67 58
.63f506299d1e4 1 0 60 64
.63f50629ad9de 1 0 57 64
.63f50629b8baa 1 0 67 64
.63f50629b9bbb 4 0 88 59
2 0 72 67
.63f50629e8131 1 0 72 64
.63f50629eff95 4 0 88 44
2 0 64 65
.63f5062a279a3 4 0 88 118
2 0 67 64
.63f5062a29f0c 1 0 64 64
.63f5062a5e15a 4 0 88 96
2 0 72 49
.63f5062a61064 1 0 67 64
.63f5062aa175e 4 0 88 53
2 0 50 62
.63f5062aa7cee 4 0 64 0
4 1 64 0
4 2 64 0
.63f5062ad3c72 4 0 64 127
4 1 64 127
4 2 64 127
.63f5062aeb9c8 4 0 88 41
2 0 57 51
.63f5062b0b0bf 1 0 72 64
.63f5062b1734b 1 0 50 64
.63f5062b21a3a 1 0 57 64
.63f5062b29748 4 0 88 50
2 0 62 54
.63f5062b59ee3 4 0 88 117
2 0 66 56
.63f5062b5f25e 1 0 62 64
.63f5062b8978f 1 0 66 64
.63f5062b93a1c 4 0 88 56
2 0 72 48
.63f5062bb59e3 1 0 72 64
.63f5062bc68cb 4 0 88 116
2 0 62 54
.63f5062bfaccd 4 0 88 33
2 0 66 58
.63f5062bfc78a 1 0 62 64
.63f5062c2b3c9 1 0 66 64
.63f5062c33186 4 0 88 59
2 0 72 67
.63f5062c569d4 1 0 72 64
.63f5062c684b1 4 0 88 126
2 0 50 55
.63f5062c76cb4 4 0 64 0
4 1 64 0
4 2 64 0
.63f5062c885b3 4 0 64 127
4 1 64 127
4 2 64 127
.63f5062c9f02c 4 0 88 39
2 0 57 68
.63f5062cd7d5b 4 0 88 32
2 0 62 63
.63f5062cdad31 1 0 50 64
.63f5062ce3142 1 0 57 64
.63f5062d08d6a 4 0 88 21
2 0 66 59
.63f5062d0f25e 1 0 62 64
.63f5062d346e5 1 0 66 64
.63f5062d3eba6 4 0 88 116
2 0 72 53
.63f5062d61a73 1 0 72 64
.63f5062d6dea4 4 0 88 118
2 0 62 64
.63f5062d9e673 4 0 88 10
2 0 66 60
.63f5062dac8ec 1 0 62 64
.63f5062dc6060 1 0 66 64
.63f5062dd2045 4 0 88 115
2 0 72 47
.63f5062e0a5db 1 0 72 64
.63f5062e0e4fc 4 0 88 103
2 0 55 48
.63f5062e1cb88 4 0 64 0
4 1 64 0
4 2 64 0
.63f5062e42ca7 4 0 64 127
4 1 64 127
4 2 64 127
.63f5062e52ed4 4 0 88 21
2 0 59 39
.63f5062e8f4f0 4 0 88 58
2 0 62 43
.63f5062e9737b 1 0 55 64
.63f5062e9a7f7 1 0 59 64
.63f5062eb3475 1 0 62 64
.63f5062ebf0ee 4 0 88 97
2 0 67 43
.63f5062ed7968 1 0 67 64
.63f5062ef0f82 4 0 88 1
2 0 71 46
.63f5062f12400 1 0 71 64
.63f5062f27263 4 0 88 110
2 0 62 44
.63f5062f4a25a 1 0 62 64
.63f5062f582f0 4 0 88 101
2 0 67 38
.63f5062f77735 1 0 67 64
.63f5062f8da51 4 0 88 16
2 0 71 32
.63f5062fac92e 1 0 71 64
.63f5062fc70b8 4 0 88 119
2 0 55 39
.63f5062ff62f1 4 0 88 120
2 0 59 49
.63f506302813a 1 0 59 64
.63f506302cc35 1 0 55 64
.63f5063030a78 4 0 88 25
2 0 62 47
.63f506306087d 4 0 88 56
2 0 67 48
.63f5063066a65 1 0 62 64
.63f5063098910 4 0 88 67
2 0 71 50
.63f506309a12e 1 0 67 64
.63f50630c1e86 1 0 71 64
.63f50630f87e6 4 0 88 89
2 0 62 36
.63f506312febf 4 0 88 49
2 0 67 44
.63f5063137889 1 0 62 64
.63f5063168db0 4 0 88 18
2 0 71 54
.63f506316b257 1 0 67 64
.63f5063196015 1 0 71 64
.63f50631a63e2 4 0 88 0
2 0 55 43
.63f50631c64e6 4 0 64 0
4 1 64 0
4 2 64 0
.63f50631d4ed2 4 0 64 127
4 1 64 127
4 2 64 127
.63f50631e7828 4 0 88 85
2 0 58 30
.63f5063226dc3 4 0 88 17
2 0 64 42
.63f506324dcf7 1 0 58 64
.63f5063253b15 4 0 88 17
2 0 67 50
.63f5063254b80 1 0 55 64
.63f506325b898 1 0 64 64
.63f506328da28 4 0 88 1
2 0 73 44
.63f50632917b7 1 0 67 64
.63f50632b5b1c 1 0 73 64
.63f50632c2a84 4 0 88 46
2 0 64 52
.63f50632ed9c7 1 0 64 64
.63f50632f11fb 4 0 88 41
2 0 67 51
.63f50633205a1 1 0 67 64
.63f5063320c9a 4 0 88 123
2 0 73 47
.63f506333bfd6 1 0 73 64
.63f506335de43 4 0 88 10
2 0 55 48
.63f506338bc41 4 0 88 24
2 0 58 44
.63f50633befca 1 0 55 64
.63f50633c671f 4 0 88 93
2 0 64 47
.63f50633c845d 1 0 58 64
.63f50633f7760 4 0 88 103
2 0 67 48
.63f50633f840e 1 0 64 64
.63f5063422c25 1 0 67 64
.63f506342d996 4 0 88 24
2 0 73 44
.63f5063445965 1 0 73 64
.63f5063462806 4 0 88 72
2 0 64 41
.63f506348e99e 4 0 88 94
2 0 67 51
.63f5063491b00 1 0 64 64
.63f50634c6ea6 1 0 67 64
.63f50634c7e05 4 0 88 32
2 0 73 45
.63f50634ef83c 1 0 73 64
.63f5063505ea2 4 0 88 85
2 0 53 53
.63f506351af7b 4 0 64 0
4 1 64 0
4 2 64 0
.63f5063532669 4 0 64 127
4 1 64 127
4 2 64 127
.63f5063548c75 4 0 88 116
2 0 57 54
.63f5063582b2b 4 0 88 120
2 0 62 49
.63f5063597ca6 1 0 57 64
.63f506359c578 1 0 53 64
.63f50635b2c74 4 0 88 50
2 0 69 54
.63f50635b7256 1 0 62 64
.63f50635e736f 1 0 69 64
.63f50635e81d7 4 0 88 19
2 0 74 52
.63f506360f85e 1 0 74 64
.63f506361a3ce 4 0 88 85
2 0 62 53
.63f506364ea8f 4 0 88 92
2 0 69 50
.63f5063651f9d 1 0 62 64
.63f506367de0d 1 0 69 64
.63f506367f270 4 0 88 121
2 0 74 59
.63f5063696f4f 1 0 74 64
.63f50636b70e5 4 0 88 22
2 0 53 58
.63f50636ebce7 4 0 88 32
2 0 57 63
.63f50637207ca 4 0 88 56
2 0 62 55
.63f50637319cf 1 0 57 64
.63f506373835e 1 0 53 64
.63f5063757ce8 4 0 88 10
2 0 69 48
.63f5063758006 1 0 62 64
.63f50637866fd 1 0 69 64
.63f5063786a2c 4 0 88 56
2 0 74 53
.63f50637b2dcb 1 0 74 64
.63f50637baba0 4 0 88 112
2 0 62 56
.63f50637eeb3d 4 0 88 127
2 0 69 61
.63f50637f1bab 1 0 62 64
.63f5063823757 4 0 88 42
2 0 74 60
.63f5063823e2b 1 0 69 64
.63f506383f17f 1 0 74 64
.63f5063861f8b 4 0 88 44
2 0 53 65
.63f50638757c7 4 0 64 0
4 1 64 0
4 2 64 0
.63f506388fd92 4 0 64 127
4 1 64 127
4 2 64 127
.63f50638ab6f4 4 0 88 0
2 0 56 51
.63f50638db0d2 1 0 53 64
.63f50638ea0ed 4 0 88 103
2 0 62 48
.63f50638f8ee2 1 0 56 64
.63f5063918c19 4 0 88 108
2 0 65 45
.63f506391b782 1 0 62 64
.63f506394c67d 1 0 65 64
.63f506394ea60 4 0 88 65
2 0 71 45
.63f506397168f 1 0 71 64
.63f5063980038 4 0 88 94
2 0 62 51
.63f50639b260c 1 0 62 64
.63f50639b7aed 4 0 88 103
2 0 65 39
.63f50639d587e 1 0 65 64
.63f50639e41f4 4 0 88 17
2 0 71 50
.63f50639f958c 1 0 71 64
.63f5063a1dca9 4 0 88 21
2 0 53 55
.63f5063a4fbe1 4 0 88 46
2 0 56 57
.63f5063a853b6 1 0 53 64
.63f5063a8792b 4 0 88 99
2 0 62 52
.63f5063a966ea 1 0 56 64
.63f5063ab40b9 1 0 62 64
.63f5063ab4b54 4 0 88 106
2 0 65 62
.63f5063aea7b5 4 0 88 85
2 0 71 53
.63f5063aeada0 1 0 65 64
.63f5063b0ff69 1 0 71 64
.63f5063b1a905 4 0 88 84
2 0 62 63
.63f5063b4aff3 4 0 88 112
2 0 65 56
.63f5063b4c3cb 1 0 62 64
.63f5063b7cd5e 4 0 88 47
2 0 71 49
.63f5063b7ead1 1 0 65 64
.63f5063b9cc9c 1 0 71 64
.63f5063bb937e 4 0 88 59
2 0 52 67
.63f5063bc732b 4 0 64 0
4 1 64 0
4 2 64 0
.63f5063bf0348 4 0 64 127
4 1 64 127
4 2 64 127
.63f5063bf37eb 4 0 88 127
2 0 55 73
.63f5063c2a866 4 0 88 83
2 0 60 54
.63f5063c3e52d 1 0 55 64
.63f5063c420ce 1 0 52 64
.63f5063c59fd5 1 0 60 64
.63f5063c5eb2d 4 0 88 19
2 0 67 52
.63f5063c8ea5e 1 0 67 64
.63f5063c8ed11 4 0 88 46
2 0 72 52
.63f5063cb61dd 1 0 72 64
.63f5063cc041c 4 0 88 83
2 0 60 54
.63f5063cee2f4 1 0 60 64
.63f5063cf6f96 4 0 88 94
2 0 67 51
.63f5063d21d6f 1 0 67 64
.63f5063d26e1c 4 0 88 42
2 0 72 60
.63f5063d3ee9f 1 0 72 64
.63f5063d5d093 4 0 88 95
2 0 52 75
.63f5063d8e514 4 0 88 32
2 0 55 72
.63f5063dc25ef 4 0 88 42
2 0 60 60
.63f5063dda8b4 1 0 52 64
.63f5063ddbc35 1 0 55 64
.63f5063df8760 4 0 88 18
2 0 67 54
.63f5063dfb343 1 0 60 64
.63f5063e2cfc8 1 0 67 64
.63f5063e2f3bb 4 0 88 96
2 0 72 49
.63f5063e55b45 1 0 72 64
.63f5063e61385 4 0 88 87
2 0 60 72
.63f5063e88aa4 1 0 60 64
.63f5063e9a238 4 0 88 112
2 0 67 56
.63f5063ec8cff 4 0 88 46
2 0 72 52
.63f5063ecc207 1 0 67 64
.63f5063ee2ae5 1 0 72 64
.63f5063f0b4f2 4 0 88 74
2 0 52 61
.63f5063f24a26 4 0 64 0
4 1 64 0
4 2 64 0
.63f5063f5092e 4 0 64 127
4 1 64 127
4 2 64 127
.63f5063f53e98 4 0 88 10
2 0 53 64
.63f5063f9205a 4 0 88 74
2 0 57 59
.63f5063fbe66f 1 0 53 64
.63f5063fc0de2 1 0 52 64
.63f5063fc531e 4 0 88 17
2 0 60 50
.63f5063fc614c 1 0 57 64
.63f5063fec056 1 0 60 64
.63f5063ffb418 4 0 88 56
2 0 65 55
.63f506401a570 1 0 65 64
.63f506402e955 4 0 88 65
2 0 57 57
.63f506405cd5a 1 0 57 64
.63f5064062872 4 0 88 93
2 0 60 47
.63f5064084648 1 0 60 64
.63f5064092303 4 0 88 127
2 0 65 61
.63f50640b051e 1 0 65 64
.63f50640c6305 4 0 88 47
2 0 52 71
.63f50640d9372 4 0 64 0
4 1 64 0
4 2 64 0
.63f50640eac8e 4 0 64 127
4 1 64 127
4 2 64 127
.63f50640fe565 4 0 88 24
2 0 53 69
.63f5064138a44 4 0 88 117
2 0 57 43
.63f506415e371 1 0 53 64
.63f506416018f 1 0 52 64
.63f506416b5ff 1 0 57 64
.63f506416c374 4 0 88 16
2 0 60 51
.63f506419dc2a 1 0 60 64
.63f50641a2390 4 0 88 44
2 0 65 45
.63f50641c5c37 1 0 65 64
.63f50641d36e0 4 0 88 104
2 0 57 71
.63f5064202259 1 0 57 64
.63f506420932b 4 0 88 84
2 0 60 63
.63f506423be7d 1 0 60 64
.63f506423d6bd 4 0 88 56
2 0 65 53
.63f50642560de 1 0 65 64
.63f5064274d81 4 0 88 38
2 0 50 79
.63f506428adec 4 0 64 0
4 1 64 0
4 2 64 0
.63f506429c6de 4 0 64 127
4 1 64 127
4 2 64 127
.63f50642ac097 4 0 88 109
2 0 53 78
.63f50642e842f 4 0 88 96
2 0 57 68
.63f5064317a5e 1 0 57 64
.63f5064319529 4 0 88 96
2 0 60 68
.63f506432426b 1 0 53 64
.63f506432c544 1 0 50 64
.63f50643493d0 1 0 60 64
.63f506434f905 4 0 88 121
2 0 65 59
.63f50643790f4 1 0 65 64
.63f5064382a8e 4 0 88 73
2 0 57 56
.63f50643b5242 1 0 57 64
.63f50643b8fcf 4 0 88 22
2 0 60 58
.63f50643edc5d 1 0 60 64
.63f50643f0326 4 0 88 56
2 0 65 53
.63f506440be77 1 0 65 64
.63f5064422ec2 4 0 88 127
2 0 50 73
.63f5064430cb9 4 0 64 0
4 1 64 0
4 2 64 0
.63f5064456e26 4 0 64 127
4 1 64 127
4 2 64 127
.63f5064457fdb 4 0 88 8
2 0 53 70
.63f506448e901 4 0 88 65
2 0 57 57
.63f50644bf6d3 1 0 57 64
.63f50644c0d74 4 0 88 47
2 0 60 49
.63f50644f1f16 1 0 60 64
.63f50644f63eb 4 0 88 97
2 0 65 65
.63f506450b6cd 1 0 53 64
.63f5064515360 1 0 50 64
.63f506451dc9a 1 0 65 64
.63f5064528892 4 0 88 59
2 0 57 67
.63f5064560ded 1 0 57 64
.63f50645611af 4 0 88 97
2 0 60 65
.63f5064590775 1 0 60 64
.63f50645940aa 4 0 88 85
2 0 65 53
.63f50645d8bf2 4 0 88 32
2 0 43 72
.63f50645e55e8 4 0 64 0
4 1 64 0
4 2 64 0
.63f506461d0b8 4 0 64 127
4 1 64 127
4 2 64 127
.63f506462a540 4 0 88 55
2 0 50 74
.63f506462e96f 1 0 65 64
.63f506466af11 4 0 88 22
2 0 55 58
.63f506468ee6c 1 0 43 64
.63f5064694bc9 1 0 50 64
.63f506469d602 1 0 55 64
.63f506469fb47 4 0 88 0
2 0 59 53
.63f50646cff96 1 0 59 64
.63f50646d4f97 4 0 88 84
2 0 65 63
.63f50646feca8 1 0 65 64
.63f506470a43f 4 0 88 106
2 0 55 62
.63f50647343d6 1 0 55 64
.63f506473cd5a 4 0 88 28
2 0 59 59
.63f506476e0e1 1 0 59 64
.63f506476e37f 4 0 88 59
2 0 65 67
.63f5064794260 1 0 65 64
.63f50647a2d07 4 0 88 39
2 0 43 75
.63f50647b159d 4 0 64 0
4 1 64 0
4 2 64 0
.63f50647d48ae 4 0 64 127
4 1 64 127
4 2 64 127
.63f50647d94e7 4 0 88 23
2 0 50 76
.63f50648118cf 4 0 88 19
2 0 55 52
.63f5064845cb2 1 0 55 64
.63f5064849832 4 0 88 42
2 0 59 50
.63f506485397b 1 0 43 64
.63f506485afbf 1 0 50 64
.63f5064875b69 1 0 59 64
.63f5064882735 4 0 88 18
2 0 65 54
.63f50648a8ff3 1 0 65 64
.63f50648b2bf0 4 0 88 53
2 0 55 62
.63f50648e2882 1 0 55 64
.63f50648e8646 4 0 88 21
2 0 59 55
.63f50649056e1 1 0 59 64
.63f506491d419 4 0 88 69
2 0 65 44
.63f5064948680 1 0 65 64
.63f5064957a0d 4 0 88 96
2 0 48 68
.63f506496bd61 4 0 64 0
4 1 64 0
4 2 64 0
.63f5064989209 4 0 64 127
4 1 64 127
4 2 64 127
.63f506498f448 4 0 88 122
2 0 52 77
.63f50649c899d 4 0 88 91
2 0 55 55
.63f50649e97e3 1 0 52 64
.63f50649ef966 1 0 48 64
.63f50649f69d9 1 0 55 64
.63f50649f8d6b 4 0 88 74
2 0 60 59
.63f5064a2841c 1 0 60 64
.63f5064a2fb33 4 0 88 21
2 0 64 55
.63f5064a4b8f1 1 0 64 64
.63f5064a6169c 4 0 88 73
2 0 55 56
.63f5064a9499f 1 0 55 64
.63f5064a94e20 4 0 88 10
2 0 60 64
.63f5064ac829a 4 0 88 59
2 0 64 67
.63f5064acb220 1 0 60 64
.63f5064aebaf1 1 0 64 64
.63f5064afd68d 4 0 88 41
2 0 48 83
.63f5064b11c35 4 0 64 0
4 1 64 0
4 2 64 0
.63f5064b2358b 4 0 64 127
4 1 64 127
4 2 64 127
.63f5064b27f37 4 0 88 24
2 0 52 80
.63f5064b5deb6 4 0 88 121
2 0 55 59
.63f5064b8f842 1 0 52 64
.63f5064b90167 1 0 55 64
.63f5064b92dc2 4 0 88 59
2 0 60 67
.63f5064b9d673 1 0 48 64
.63f5064bc8a00 1 0 60 64
.63f5064bcb263 4 0 88 10
2 0 64 64
.63f5064bf2951 1 0 64 64
.63f5064bfa92e 4 0 88 72
2 0 55 73
.63f5064c28f6f 1 0 55 64
.63f5064c2e49a 4 0 88 51
2 0 60 78
.63f5064c5d89a 1 0 60 64
.63f5064c65618 4 0 88 20
2 0 64 61
.63f5064ca079d 4 0 88 45
2 0 48 87
.63f5064ca1c13 1 0 64 64
.63f5064cec6c9 4 0 64 0
4 1 64 0
4 2 64 0
.63f5064cee2cc 4 0 88 98
2 0 55 83
.63f5064d1281d 4 0 64 127
4 1 64 127
4 2 64 127
.63f5064d37293 4 0 88 28
2 0 58 46
.63f5064d7315f 1 0 58 64
.63f5064d79085 4 0 88 70
2 0 60 39
.63f5064d7bbb4 1 0 48 64
.63f5064d7cc88 1 0 55 64
.63f5064d93102 1 0 60 64
.63f5064db2e87 4 0 88 97
2 0 64 43
.63f5064dcab2b 1 0 64 64
.63f5064de279d 4 0 88 2
2 0 58 56
.63f5064e15649 1 0 58 64
.63f5064e19156 4 0 88 58
2 0 60 43
.63f5064e4ef53 4 0 88 28
2 0 64 53
.63f5064e4fbad 1 0 60 64
.63f5064e7b31c 1 0 64 64
.63f5064e822f7 4 0 88 85
2 0 48 84
.63f5064e9b286 4 0 64 0
4 1 64 0
4 2 64 0
.63f5064eb2971 4 0 88 36
2 0 55 56
.63f5064eb57ce 4 0 64 127
4 1 64 127
4 2 64 127
.63f5064ee93de 4 0 88 74
2 0 58 55
.63f5064f17fa9 4 0 88 66
2 0 60 58
.63f5064f1bc7a 1 0 58 64
.63f5064f1ef5a 1 0 55 64
.63f5064f2be13 1 0 48 64
.63f5064f50d64 4 0 88 120
2 0 64 49
.63f5064f54e25 1 0 60 64
.63f5064f8072f 1 0 64 64
.63f5064f84d7f 4 0 88 2
2 0 58 56
.63f5064fb77d0 4 0 88 39
2 0 60 68
.63f5064fba481 1 0 58 64
.63f5064fed069 1 0 60 64
.63f5064ff2c2a 4 0 88 68
2 0 64 51
.63f5065025a18 4 0 88 28
2 0 41 84
.63f50650384a3 4 0 64 0
4 1 64 0
4 2 64 0
.63f50650643a0 4 0 64 127
4 1 64 127
4 2 64 127
.63f5065075739 4 0 88 98
2 0 53 83
.63f5065081d79 1 0 64 64
.63f50650be62c 4 0 88 79
2 0 57 69
.63f50650d9d46 1 0 41 64
.63f50650e05da 1 0 53 64
.63f50650f3bc0 4 0 88 10
2 0 60 64
.63f50650fb227 1 0 57 64
.63f506512a13e 4 0 88 39
2 0 64 68
.63f506512b9f8 1 0 60 64
.63f5065156b6b 1 0 64 64
.63f50651605bf 4 0 88 47
2 0 57 71
.63f5065194634 4 0 88 23
2 0 60 76
.63f50651990ef 1 0 57 64
.63f50651c497b 4 0 88 111
2 0 64 74
.63f50651c6839 1 0 60 64
.63f50651f8066 1 0 64 64
.63f50651fa7f0 4 0 88 24
2 0 41 98
.63f506521009e 4 0 64 0
4 1 64 0
4 2 64 0
.63f506523328e 4 0 64 127
4 1 64 127
4 2 64 127
.63f5065236d2e 4 0 88 11
2 0 53 81
.63f506526b48e 4 0 88 8
2 0 57 70
.63f5065291daf 1 0 53 64
.63f5065295c68 1 0 41 64
.63f506529bf1f 4 0 88 55
2 0 60 74
.63f50652a0975 1 0 57 64
.63f50652cf536 4 0 88 32
2 0 64 63
.63f50652d3595 1 0 60 64
.63f50652fb918 1 0 64 64
.63f50653004db 4 0 88 72
2 0 57 73
.63f506533791e 4 0 88 116
2 0 60 86
.63f506533ede8 1 0 57 64
.63f506536e2cd 4 0 88 122
2 0 64 77
.63f5065373112 1 0 60 64
.63f50653a6292 4 0 88 33
2 0 42 93
.63f50653ac04a 1 0 64 64
.63f50653b8e14 4 0 64 0
4 1 64 0
4 2 64 0
.63f50653e1e59 4 0 64 127
4 1 64 127
4 2 64 127
.63f50653e5715 4 0 88 117
2 0 48 100
.63f506541f2d0 4 0 88 39
2 0 57 68
.63f506543aedb 1 0 48 64
.63f5065445a63 1 0 42 64
.63f506544f656 4 0 88 58
2 0 60 86
.63f50654584ea 1 0 57 64
.63f506547db5b 1 0 60 64
.63f50654853b7 4 0 88 90
2 0 63 58
.63f50654b018f 1 0 63 64
.63f50654b95ca 4 0 88 47
2 0 57 71
.63f50654eaf96 4 0 88 8
2 0 60 77
.63f50654eda5c 1 0 57 64
.63f5065519fff 1 0 60 64
.63f506551e499 4 0 88 119
2 0 63 64
.63f5065543cc5 1 0 63 64
.63f50655502b4 4 0 88 119
2 0 42 87
.63f5065561bfa 4 0 64 0
4 1 64 0
4 2 64 0
.63f5065581638 4 0 88 117
2 0 48 100
.63f5065581ee7 4 0 64 127
4 1 64 127
4 2 64 127
.63f50655bf1e7 4 0 88 23
2 0 57 76
.63f50655ef8d8 4 0 88 98
2 0 60 83
.63f50655f5b48 1 0 57 64
.63f5065604837 1 0 48 64
.63f506561ca09 1 0 42 64
.63f506562359c 1 0 60 64
.63f50656243b3 4 0 88 52
2 0 63 64
.63f50656519d1 1 0 63 64
.63f5065659c6a 4 0 88 51
2 0 57 78
.63f506568ae19 4 0 88 122
2 0 60 90
.63f506568b98f 1 0 57 64
.63f50656bf484 4 0 88 57
2 0 63 65
.63f50656c1a7f 1 0 60 64
.63f50656f9cf3 4 0 88 108
2 0 44 93
.63f5065710775 4 0 64 0
4 1 64 0
4 2 64 0
.63f506575210f 4 0 88 90
2 0 53 88
.63f506575e0e1 1 0 63 64
.63f506579c965 4 0 88 65
2 0 59 57
.63f50657a2eb2 4 0 64 127
4 1 64 127
4 2 64 127
.63f50657d7b7e 4 0 88 39
2 0 60 68
.63f50657daf11 1 0 59 64
.63f50657e30cb 1 0 53 64
.63f50657eb69c 1 0 44 64
.63f506581585b 4 0 88 84
2 0 62 63
.63f506581acb5 1 0 60 64
.63f5065840f8c 1 0 62 64
.63f50658481e7 4 0 88 53
2 0 59 62
.63f5065879543 1 0 59 64
.63f506587aeda 4 0 88 104
2 0 60 71
.63f50658ae010 1 0 60 64
.63f50658af1b2 4 0 88 87
2 0 62 72
.63f50658df7f6 4 0 88 66
2 0 44 88
.63f50658e587e 1 0 62 64
.63f50658f0fe8 4 0 64 0
4 1 64 0
4 2 64 0
.63f5065917f84 4 0 88 23
2 0 53 76
.63f50659512cb 4 0 88 44
2 0 59 45
.63f50659519bf 4 0 64 127
4 1 64 127
4 2 64 127
.63f5065986302 4 0 88 46
2 0 60 52
.63f50659872ff 1 0 59 64
.63f50659a8413 1 0 53 64
.63f50659bdd85 4 0 88 63
2 0 62 64
.63f50659c05d3 1 0 60 64
.63f50659c51d1 1 0 44 64
.63f50659eefd7 1 0 62 64
.63f50659f49f7 4 0 88 47
2 0 59 49
.63f5065a2f5e1 1 0 59 64
.63f5065a32adf 4 0 88 83
2 0 60 54
.63f5065a6e584 4 0 88 28
2 0 62 53
.63f5065a6f825 1 0 60 64
.63f5065abfc2f 4 0 88 78
2 0 43 76
.63f5065ac8bd7 4 0 64 0
4 1 64 0
4 2 64 0
.63f5065b2dcd5 4 0 88 4
2 0 53 67
.63f5065b843b3 4 0 64 127
4 1 64 127
4 2 64 127
.63f5065b8c540 4 0 88 22
2 0 55 46
.63f5065b8cb84 1 0 62 64
.63f5065bd319f 1 0 53 64
.63f5065bd3511 1 0 43 64
.63f5065bd39f8 1 0 55 64
.63f5065bd4662 4 0 88 106
2 0 59 37
.63f5065bf8d65 1 0 59 64
.63f5065c14b84 4 0 88 126
2 0 62 41
.63f5065c3c0d9 1 0 62 64
.63f5065c4c7b1 4 0 88 2
2 0 55 47
.63f5065c7a01f 1 0 55 64
.63f5065c848c2 4 0 88 86
2 0 59 38
.63f5065cb016f 1 0 59 64
.63f5065cb8fc1 4 0 88 117
2 0 62 43
.63f5065cea786 4 0 88 63
2 0 43 64
.63f5065cef088 1 0 62 64
.63f5065cfe39b 4 0 64 0
4 1 64 0
4 2 64 0
.63f5065d0cdde 4 0 64 127
4 1 64 127
4 2 64 127
.63f5065d1d051 4 0 88 39
2 0 53 75
.63f5065d59953 4 0 88 39
2 0 55 68
.63f5065d8640b 1 0 55 64
.63f5065d89ecd 1 0 53 64
.63f5065d8bfa9 1 0 43 64
.63f5065d8f076 4 0 88 42
2 0 59 50
.63f5065dc2371 1 0 59 64
.63f5065dc38cf 4 0 88 126
2 0 62 55
.63f5065df2705 1 0 62 64
.63f5065df4b71 4 0 88 73
2 0 55 52
.63f5065e267ba 4 0 88 126
2 0 59 55
.63f5065e27041 1 0 55 64
.63f5065e5f08c 1 0 59 64
.63f5065e5f59e 4 0 88 96
2 0 62 60
.63f5065e9aa70 4 0 88 125
2 0 43 81
.63f5065ea42af 4 0 64 0
4 1 64 0
4 2 64 0
.63f5065eeba93 4 0 88 64
2 0 52 70
.63f5065ef62ba 4 0 64 127
4 1 64 127
4 2 64 127
.63f5065efea79 1 0 62 64
.63f5065f2997b 4 0 88 120
2 0 55 51
.63f5065f3e412 1 0 43 64
.63f5065f43344 1 0 52 64
.63f5065f5d307 1 0 55 64
.63f5065f60755 4 0 88 17
2 0 60 50
.63f5065f968e9 1 0 60 64
.63f5065f98080 4 0 88 36
2 0 64 56
.63f5065fc09f8 1 0 64 64
.63f5065fc9e2e 4 0 88 99
2 0 55 52
.63f5065ffa70c 1 0 55 64
.63f5065ffe4b3 4 0 88 21
2 0 60 55
.63f5066031a5b 1 0 60 64
4 0 88 28
2 0 64 59
.63f5066061a96 1 0 64 64
.63f50660633b6 4 0 88 122
2 0 43 77
.63f50660760d1 4 0 64 0
4 1 64 0
4 2 64 0
.63f506608a8b8 4 0 64 127
4 1 64 127
4 2 64 127
.63f50660975d4 4 0 88 125
2 0 52 81
.63f50660cd6c5 4 0 88 4
2 0 55 67
.63f50660f8587 1 0 43 64
.63f50660fa609 1 0 52 64
.63f5066104ead 4 0 88 127
2 0 60 73
.63f50661061d5 1 0 55 64
.63f5066139692 4 0 88 84
2 0 64 63
.63f506613c74b 1 0 60 64
.63f5066164588 1 0 64 64
.63f50661653a4 4 0 88 24
2 0 55 66
.63f506619d320 4 0 88 28
2 0 60 84
.63f50661a3288 1 0 55 64
.63f50661d3ee3 4 0 88 79
2 0 64 69
.63f50661d52da 1 0 60 64
.63f506620c37a 4 0 88 98
2 0 43 83
.63f506621bf8d 4 0 64 0
4 1 64 0
4 2 64 0
.63f5066252f07 4 0 88 8
2 0 50 70
.63f5066276c92 4 0 64 127
4 1 64 127
4 2 64 127
.63f5066290d15 4 0 88 32
2 0 55 63
.63f5066299186 1 0 64 64
.63f50662c7b69 4 0 88 127
2 0 60 61
.63f50662cd779 1 0 50 64
.63f50662d070a 1 0 43 64
.63f50662d0fef 1 0 55 64
.63f50662fc26e 4 0 88 78
2 0 65 76
.63f5066300678 1 0 60 64
.63f5066329e7f 1 0 65 64
.63f506632fd21 4 0 88 39
2 0 55 68
.63f506636696f 4 0 88 44
2 0 60 65
1 0 55 64
.63f5066394dd7 4 0 88 32
2 0 65 72
.63f50663951d6 1 0 60 64
.63f50663ca9b5 4 0 88 85
2 0 43 84
.63f50663cfb00 1 0 65 64
.63f50663d6612 4 0 64 0
4 1 64 0
4 2 64 0
.63f50663ede36 4 0 64 127
4 1 64 127
4 2 64 127
.63f50663fb75c 4 0 88 55
2 0 50 74
.63f50664323bb 4 0 88 97
2 0 55 65
.63f5066463388 1 0 43 64
.63f5066463dde 1 0 50 64
.63f5066464643 4 0 88 15
2 0 60 73
.63f5066469076 1 0 55 64
.63f506649560d 1 0 60 64
.63f5066499eb0 4 0 88 8
2 0 65 77
.63f50664c57ca 1 0 65 64
.63f50664c8f32 4 0 88 64
2 0 55 70
.63f5066500f83 4 0 88 119
2 0 60 70
.63f50665012d4 1 0 55 64
.63f50665331d1 4 0 88 113
2 0 65 67
.63f5066533630 1 0 60 64
.63f506655e844 1 0 65 64
.63f506656fd0d 4 0 88 39
2 0 43 92
.63f5066579620 4 0 64 0
4 1 64 0
4 2 64 0
.63f50665ab388 4 0 64 127
4 1 64 127
4 2 64 127
.63f50665b1519 4 0 88 70
2 0 50 85
.63f50665f1348 4 0 88 53
2 0 55 62
.63f50666145db 1 0 43 64
.63f5066618b29 1 0 50 64
.63f5066622492 4 0 88 10
2 0 59 64
.63f50666251c9 1 0 55 64
.63f5066656499 1 0 59 64
.63f5066657384 4 0 88 127
2 0 65 73
.63f5066676e61 1 0 65 64
.63f506668b5ea 4 0 88 121
2 0 55 59
.63f50666bf5fa 4 0 88 32
2 0 59 63
.63f50666c071e 1 0 55 64
.63f50666e90d3 1 0 59 64
.63f50666f1df1 4 0 88 28
2 0 65 59
.63f506671cca2 1 0 65 64
.63f5066721409 4 0 88 85
2 0 43 84
.63f5066739b45 4 0 64 0
4 1 64 0
4 2 64 0
.63f506674b46d 4 0 64 127
4 1 64 127
4 2 64 127
.63f5066753bcf 4 0 88 55
2 0 50 82
.63f506678a7a9 4 0 88 24
2 0 55 69
.63f50667bb911 4 0 88 4
2 0 59 67
.63f50667bd443 1 0 43 64
.63f50667bda05 1 0 55 64
.63f50667c01c6 1 0 50 64
.63f50667eb46b 4 0 88 122
2 0 65 77
.63f50667eba30 1 0 59 64
.63f506681a859 1 0 65 64
.63f506681e5e2 4 0 88 47
2 0 55 71
.63f506685366b 4 0 88 32
2 0 59 72
.63f506685aafc 1 0 55 64
.63f50668821db 4 0 88 122
2 0 65 77
.63f5066882532 1 0 59 64
.63f50668affe7 1 0 65 64
.63f50668bcc3c 4 0 88 13
2 0 43 99
.63f50668ce085 4 0 64 0
4 1 64 0
4 2 64 0
.63f506690694c 4 0 88 80
2 0 51 82
.63f50669174d5 4 0 64 127
4 1 64 127
4 2 64 127
.63f506694b76d 4 0 88 15
2 0 57 73
.63f5066962707 1 0 43 64
.63f506696bb1f 1 0 51 64
.63f506697c826 4 0 88 8
2 0 60 70
.63f506697fcfb 1 0 57 64
.63f50669b0bf0 4 0 88 113
2 0 66 63
.63f50669b2c02 1 0 60 64
.63f50669dd08a 1 0 66 64
.63f50669e6ebf 4 0 88 23
2 0 57 76
.63f5066a0f8f9 1 0 57 64
.63f5066a19531 4 0 88 119
2 0 60 70
.63f5066a49b25 4 0 88 46
2 0 66 63
.63f5066a4a861 1 0 60 64
.63f5066a7a28f 1 0 66 64
.63f5066a7b60e 4 0 88 82
2 0 43 80
.63f5066a8b6e5 4 0 64 0
4 1 64 0
4 2 64 0
.63f5066a9fedc 4 0 64 127
4 1 64 127
4 2 64 127
.63f5066ab1417 4 0 88 114
2 0 51 80
.63f5066aeb1cd 4 0 88 65
2 0 57 77
.63f5066aefb65 1 0 43 64
.63f5066af8b17 1 0 51 64
.63f5066b1ce93 4 0 88 78
2 0 60 76
.63f5066b26d2e 1 0 57 64
.63f5066b52267 4 0 88 120
2 0 66 73
.63f5066b546a2 1 0 60 64
.63f5066b825d0 1 0 66 64
.63f5066b8bbd8 4 0 88 72
2 0 57 73
.63f5066bc0444 1 0 57 64
.63f5066bc0c88 4 0 88 127
2 0 60 73
.63f5066bf54ba 1 0 60 64
.63f5066bf997a 4 0 88 10
2 0 66 60
.63f5066c2ab52 1 0 66 64
.63f5066c41bab 4 0 88 97
2 0 43 92
.63f5066c5d495 4 0 64 0
4 1 64 0
4 2 64 0
.63f5066ca0619 4 0 88 116
2 0 52 86
.63f5066cd8576 4 0 64 127
4 1 64 127
4 2 64 127
.63f5066ceb162 4 0 88 97
2 0 55 65
.63f5066d155ee 1 0 52 64
.63f5066d196dc 1 0 43 64
.63f5066d25509 4 0 88 64
2 0 60 70
.63f5066d27b3f 1 0 55 64
.63f5066d5f5d1 4 0 88 59
2 0 67 67
.63f5066d601d4 1 0 60 64
.63f5066d8938f 1 0 67 64
.63f5066d96f59 4 0 88 107
2 0 55 57
.63f5066dcb4bf 4 0 88 15
2 0 60 73
.63f5066dcf960 1 0 55 64
.63f5066dfa8e4 4 0 88 47
2 0 67 71
.63f5066dff0cb 1 0 60 64
.63f5066e1fbf0 1 0 67 64
.63f5066e319d6 4 0 88 125
2 0 43 81
.63f5066e40c69 4 0 64 0
4 1 64 0
4 2 64 0
.63f5066e52530 4 0 64 127
4 1 64 127
4 2 64 127
.63f5066e6aac4 4 0 88 53
2 0 52 91
.63f5066ea35a4 4 0 88 10
2 0 55 64
.63f5066ed4a3d 4 0 88 87
2 0 60 72
.63f5066edb00a 1 0 55 64
.63f5066ef6c8c 1 0 52 64
.63f5066ef7cec 1 0 43 64
.63f5066f01b5e 1 0 60 64
.63f5066f0e195 4 0 88 95
2 0 67 75
.63f5066f4020f 1 0 67 64
.63f5066f4713e 4 0 88 109
2 0 55 78
.63f5066f85956 4 0 88 116
2 0 60 86
.63f5066f931fa 1 0 55 64
.63f5066fc5746 4 0 88 112
2 0 67 82
.63f5066fcb7ed 1 0 60 64
.63f5067018ab6 4 0 88 122
2 0 43 90
.63f50670271bd 4 0 64 0
4 1 64 0
4 2 64 0
.63f50670800bb 4 0 88 38
2 0 50 79
.63f506708daa7 4 0 64 127
4 1 64 127
4 2 64 127
.63f50670c2596 1 0 67 64
.63f50670d1917 4 0 88 63
2 0 55 64
.63f506710e86a 1 0 50 64
.63f5067111553 1 0 43 64
.63f5067117dd3 4 0 88 10
2 0 60 64
.63f5067123ccc 1 0 55 64
.63f506715a644 4 0 88 18
2 0 65 54
.63f506715f8b7 1 0 60 64
.63f506718791f 1 0 65 64
.63f50671912b4 4 0 88 39
2 0 55 68
.63f50671c7e87 1 0 55 64
.63f50671c9785 4 0 88 4
2 0 60 67
.63f50671fb96b 4 0 88 104
2 0 65 71
.63f50671fc69c 1 0 60 64
.63f506722b532 1 0 65 64
.63f5067232ee7 4 0 88 72
2 0 43 73
.63f50672685c1 4 0 88 8
2 0 50 77
.63f506729c5d6 4 0 88 56
2 0 55 55
.63f50672be97e 1 0 43 64
.63f50672c4eb9 1 0 50 64
.63f50672d205f 4 0 88 8
2 0 60 70
.63f50672da9a1 1 0 55 64
.63f5067306944 1 0 60 64
.63f5067307f97 4 0 88 95
2 0 65 75
.63f5067334acc 1 0 65 64
.63f506733e00f 4 0 88 97
2 0 55 65
.63f506736f89c 1 0 55 64
.63f5067374770 4 0 88 113
2 0 60 67
.63f50673a89fb 4 0 88 63
2 0 65 64
.63f50673aebbf 1 0 60 64
.63f50673e3ccb 4 0 88 116
2 0 43 86
.63f50673f3e87 4 0 64 0
4 1 64 0
4 2 64 0
.63f506742ff3e 4 0 88 8
2 0 50 70
.63f5067443095 4 0 64 127
4 1 64 127
4 2 64 127
.63f506746d036 4 0 88 84
2 0 55 63
.63f506747214c 1 0 65 64
.63f506749f852 4 0 88 36
2 0 59 56
.63f50674a9f40 1 0 50 64
.63f50674aaab7 1 0 55 64
.63f50674ac8fb 1 0 43 64
.63f50674d5599 1 0 59 64
.63f50674d58b6 4 0 88 118
2 0 65 64
.63f5067508a26 1 0 65 64
.63f506750e69c 4 0 88 74
2 0 55 59
.63f50675442ba 4 0 88 24
2 0 59 57
.63f50675504d4 1 0 55 64
.63f50675761eb 4 0 88 97
2 0 65 65
.63f5067577c2f 1 0 59 64
.63f50675a7c4e 4 0 88 15
2 0 43 73
.63f50675ba153 4 0 64 0
4 1 64 0
4 2 64 0
.63f50675ce95e 4 0 64 127
4 1 64 127
4 2 64 127
.63f50675db189 4 0 88 28
2 0 50 59
.63f50675fba3b 1 0 65 64
.63f506761357c 4 0 88 96
2 0 55 68
.63f5067646710 4 0 88 24
2 0 59 66
.63f506764fdf3 1 0 55 64
.63f506767b446 1 0 50 64
.63f506767e49d 1 0 43 64
.63f5067680a9c 4 0 88 72
2 0 65 73
.63f5067684516 1 0 59 64
.63f50676bcf1d 4 0 88 127
2 0 55 73
.63f50676c65df 1 0 65 64
.63f5067705324 4 0 88 55
2 0 59 74
.63f50677567e8 4 0 88 39
2 0 65 75
.63f50677c0b30 4 0 88 11
2 0 36 81
.63f50677cc68e 4 0 64 0
4 1 64 0
4 2 64 0
.63f5067849a1e 4 0 88 47
2 0 48 101
.63f50678503c9 4 0 64 127
4 1 64 127
4 2 64 127
.63f50678564ff 1 0 55 64
.63f506785ce14 1 0 65 64
.63f506786601a 1 0 59 64
.63f50678aa620 4 0 88 82
2 0 55 80
.63f50678fe9a2 1 0 48 64
.63f50679006b0 4 0 88 99
2 0 58 72
.63f50679043d4 1 0 36 64
.63f50679200e4 1 0 55 64
.63f506794a324 4 0 88 74
2 0 64 59
.63f506795051a 1 0 58 64
.63f506797f28f 1 0 64 64
.63f506798a8d3 4 0 88 106
2 0 55 62
.63f50679c45db 1 0 55 64
.63f50679c62bc 4 0 88 49
2 0 58 62
.63f50679fdefe 4 0 88 8
2 0 64 70
.63f5067a07d37 1 0 58 64
.63f5067a39959 4 0 64 0
4 1 64 0
4 2 64 0
.63f5067a3bd93 4 0 88 87
2 0 36 72
.63f5067a3c7d2 4 0 64 127
4 1 64 127
4 2 64 127
.63f5067a48034 1 0 64 64
.63f5067a6da87 4 0 88 107
2 0 48 96
.63f5067aa0320 4 0 88 72
2 0 55 73
.63f5067acd45d 1 0 36 64
.63f5067ad1206 1 0 48 64
.63f5067ad8f45 4 0 88 19
2 0 58 79
.63f5067aec10f 1 0 55 64
.63f5067b0dc7e 4 0 88 15
2 0 64 73
.63f5067b0fc23 1 0 58 64
.63f5067b3d16a 1 0 64 64
.63f5067b41123 4 0 88 51
2 0 55 78
.63f5067b7a400 4 0 88 127
2 0 58 77
.63f5067b8f707 1 0 55 64
.63f5067bb0d6f 4 0 88 4
2 0 64 67
.63f5067bbcb7c 1 0 58 64
.63f5067bf1d31 4 0 88 122
2 0 36 77
.63f5067c02ada 4 0 64 0
4 1 64 0
4 2 64 0
.63f5067c54bd4 4 0 88 97
2 0 48 92
.63f5067ca1b26 4 0 88 72
2 0 53 73
.63f5067cb4bf6 1 0 64 64
.63f5067ceadbb 4 0 88 58
2 0 57 86
.63f5067d3ed1d 4 0 88 23
2 0 60 76
.63f5067d539ee 4 0 64 127
4 1 64 127
4 2 64 127
.63f5067d596eb 4 0 64 0
4 1 64 0
4 2 64 0
.63f5067d6b0df 4 0 64 127
4 1 64 127
4 2 64 127
.63f5067d78289 1 0 53 64
.63f5067d8338d 1 0 57 64
.63f5067d8e84d 4 0 88 64
2 0 65 70
.63f5067d948ba 1 0 60 64
.63f5067dd0cbe 4 0 88 64
2 0 60 70
.63f5067de662d 1 0 65 64
.63f5067e04db0 1 0 60 64
.63f5067e0615f 4 0 88 63
2 0 57 64
.63f5067e39ea2 1 0 57 64
.63f5067e3a1e4 4 0 88 78
2 0 60 76
.63f5067e6ed66 4 0 88 127
2 0 57 61
.63f5067ea2968 4 0 88 55
2 0 53 82
.63f5067ea2c1f 1 0 57 64
.63f5067ed7e46 4 0 88 119
2 0 57 70
.63f5067ee0daf 1 0 53 64
.63f5067ee8e89 1 0 60 64
.63f5067f2f3dc 1 0 57 64
.63f5067f313a4 4 0 88 45
2 0 53 87
.63f5067f7e4eb 4 0 88 28
2 0 50 84
.63f5067f92382 1 0 53 64
.63f5067f9348d 1 0 48 64
.63f5067fbb5dc 4 0 88 8
2 0 53 77
.63f5067fbea9c 1 0 50 64
.63f5067fc3d1f 1 0 36 64
.63f5067ff72d3 4 0 88 1
2 0 50 86
.63f506803f828 4 0 88 118
2 0 36 95
.63f506804d6e0 4 0 64 0
4 1 64 0
4 2 64 0
.63f50680574cd 1 0 53 64
.63f50680575c4 1 0 50 64
.63f5068061f07 4 0 64 127
4 1 64 127
4 2 64 127
.63f50680aa7cd 4 0 88 118
2 0 47 95
.63f50680bcc6c 4 0 64 0
4 1 64 0
4 2 64 0
.63f50680d71ff 4 0 64 127
4 1 64 127
4 2 64 127
.63f5068158d42 4 0 88 51
2 0 67 78
.63f506818115b 4 0 64 0
4 1 64 0
4 2 64 0
.63f506818ccb5 4 0 64 127
4 1 64 127
4 2 64 127
.63f50681c08cd 4 0 88 28
2 0 71 84
.63f506821199c 4 0 88 85
2 0 74 84
.63f5068233bbc 1 0 71 64
.63f5068258316 4 0 88 65
2 0 77 77
.63f50682618ce 1 0 74 64
.63f50682977f4 4 0 88 39
2 0 74 75
.63f50682cedc8 4 0 88 127
2 0 71 73
.63f50682d21ef 1 0 74 64
.63f506830cadb 4 0 88 24
2 0 74 69
.63f5068310f30 1 0 71 64
.63f5068325ce8 1 0 67 64
.63f5068355ada 4 0 88 10
2 0 71 64
.63f50683983fe 1 0 71 64
.63f5068398f31 4 0 88 44
2 0 67 65
.63f50683eac4d 4 0 88 32
2 0 71 63
.63f50683fb025 1 0 67 64
.63f50683fb219 1 0 77 64
.63f506840b4f8 1 0 74 64
.63f506840b9c4 1 0 71 64
.63f506844b552 4 0 88 20
2 0 62 61
.63f50684aff7e 4 0 88 53
2 0 65 62
.63f50684c8dac 1 0 62 64
.63f50684ede13 1 0 65 64
.63f506851410f 4 0 88 37
2 0 65 31
.63f506851ff33 4 0 88 96
2 0 64 68
.63f506852f110 1 0 64 64
.63f506852f2e8 4 0 88 56
2 0 65 48
.63f50685308c2 4 0 64 0
4 1 64 0
4 2 64 0
.63f5068540b75 4 0 88 56
2 0 64 53
.63f506854601c 1 0 65 64
1 0 65 64
.63f5068553c18 4 0 64 127
4 1 64 127
4 2 64 127
.63f50685a5f6e 4 0 88 107
2 0 62 57
.63f50685abe2c 1 0 64 64
.63f50685dfca2 1 0 62 64
.63f506863f54e 1 0 47 64
.63f5068649c37 1 0 36 64
.63f506869432e 4 0 88 120
2 0 72 51
.63f50686989de 4 0 88 77
2 0 67 43
.63f5068699abf 4 0 88 2
2 0 64 47
.63f506869be1e 4 0 64 0
4 1 64 0
4 2 64 0
.63f506869c57e 4 0 88 103
2 0 36 39
.63f506869efe2 4 0 88 59
2 0 48 40
.63f5068adaf3a 4 0 64 127
4 1 64 127
4 2 64 127
.63f5068b9cf58 1 0 64 64
.63f5068ba05f2 1 0 67 64
.63f5068ba98bf 1 0 72 64
.63f5068baa442 1 0 36 64
.63f5068bb1f1f 1 0 48 64
.63f5068dd7b5c 4 0 64 0
4 1 64 0
4 2 64 0
.63f506946e109 4 0 88 35
2 0 48 42
.63f5069496ee4 4 0 88 42
2 0 60 60
.63f50694b8a86 4 0 64 127
4 1 64 127
4 2 64 127
.63f50694caecf 4 0 88 65
2 0 63 47
.63f50694cebea 1 0 60 64
.63f50694ed59d 1 0 63 64
.63f50694efe55 4 0 88 36
2 0 67 41
.63f5069511563 1 0 48 64
.63f5069514f06 4 0 88 33
2 0 63 34
.63f506951d08a 1 0 67 64
.63f506952ec0c 1 0 63 64
.63f5069535b4d 4 0 88 67
2 0 60 50
.63f506955ddad 4 0 88 113
2 0 63 37
.63f506955e1b4 1 0 60 64
.63f50695787d4 1 0 63 64
.63f506957b2b5 4 0 88 54
2 0 60 39
.63f506959a814 1 0 60 64
.63f506959fd45 4 0 88 73
2 0 55 52
.63f50695c758e 4 0 88 0
2 0 60 53
.63f50695de68a 1 0 55 64
.63f50695e4355 1 0 60 64
.63f50695e8ac6 4 0 88 117
2 0 51 56
.63f506960c201 4 0 88 17
2 0 60 50
.63f5069620021 1 0 60 64
.63f506962fb8d 4 0 64 0
4 1 64 0
4 2 64 0
.63f5069630aa3 4 0 88 127
2 0 48 61
.63f506963480d 1 0 51 64
.63f506964ecf1 4 0 88 28
2 0 60 53
.63f5069661874 4 0 64 127
4 1 64 127
4 2 64 127
.63f506967aabb 4 0 88 107
2 0 63 43
.63f506967cb9c 1 0 60 64
.63f5069692f56 1 0 63 64
.63f506969fccb 4 0 88 102
2 0 67 36
.63f50696b72e1 1 0 48 64
.63f50696c0d00 4 0 88 126
2 0 63 39
1 0 67 64
.63f50696d4746 1 0 63 64
.63f50696dee0a 4 0 88 36
2 0 60 56
.63f5069703beb 4 0 88 18
2 0 63 38
.63f5069704d97 1 0 60 64
.63f506971ad9f 1 0 63 64
.63f506972613f 4 0 88 103
2 0 60 48
.63f506973dcbd 1 0 60 64
.63f50697494cd 4 0 88 127
2 0 55 61
.63f506976edc3 4 0 88 18
2 0 60 54
.63f506977fb66 1 0 55 64
.63f506978adc5 1 0 60 64
.63f506978ddb5 4 0 88 46
2 0 51 57
.63f50697afe30 4 0 88 72
2 0 60 73
.63f50697c349f 1 0 60 64
.63f50697d79ce 4 0 88 103
2 0 48 87
.63f50697da42e 1 0 51 64
.63f50697e44b7 4 0 64 0
4 1 64 0
4 2 64 0
.63f50697f9d22 4 0 88 42
2 0 60 50
.63f5069823bc0 4 0 88 1
2 0 65 46
.63f506982a9a5 4 0 64 127
4 1 64 127
4 2 64 127
.63f50698306cd 1 0 60 64
.63f506984474b 4 0 88 88
2 0 68 52
.63f506984ba52 1 0 65 64
.63f506986b8a1 1 0 48 64
.63f506986c29b 4 0 88 58
2 0 65 43
.63f50698719ab 1 0 68 64
.63f506988df04 4 0 88 106
2 0 60 62
.63f50698907ed 1 0 65 64
.63f50698b633a 4 0 88 44
2 0 65 45
.63f50698b8635 1 0 60 64
.63f50698d21b1 1 0 65 64
.63f50698d2b2d 4 0 88 127
2 0 60 48
.63f50698f51bb 1 0 60 64
.63f50698fab41 4 0 88 90
2 0 56 58
.63f506991b9fa 4 0 88 94
2 0 60 51
.63f5069935510 1 0 56 64
.63f506993ad0f 1 0 60 64
.63f5069941353 4 0 88 126
2 0 53 55
.63f5069961682 4 0 88 116
2 0 60 53
.63f5069974668 1 0 60 64
.63f50699825bd 4 0 88 55
2 0 48 82
.63f5069985770 1 0 53 64
.63f506998d26f 4 0 64 0
4 1 64 0
4 2 64 0
.63f50699a9314 4 0 88 72
2 0 60 73
.63f50699bc036 4 0 64 127
4 1 64 127
4 2 64 127
.63f50699ce05f 4 0 88 56
2 0 65 55
.63f50699e076e 1 0 60 64
.63f50699f0c47 4 0 88 69
2 0 68 67
.63f50699fd012 1 0 65 64
.63f5069a0bf51 1 0 48 64
.63f5069a17154 4 0 88 72
2 0 65 42
.63f5069a27274 1 0 68 64
.63f5069a39bb1 4 0 88 22
2 0 60 58
.63f5069a3deb7 1 0 65 64
.63f5069a60632 4 0 88 70
2 0 65 38
.63f5069a61e4f 1 0 60 64
.63f5069a804f7 1 0 65 64
.63f5069a81178 4 0 88 119
2 0 60 39
.63f5069a9f156 1 0 60 64
.63f5069aa57c7 4 0 88 41
2 0 56 51
.63f5069aca9f0 4 0 88 121
2 0 60 59
.63f5069ae661f 1 0 60 64
.63f5069ae6c71 1 0 56 64
.63f5069aee991 4 0 88 20
2 0 53 61
.63f5069b11acb 4 0 88 85
2 0 60 53
.63f5069b31ca5 1 0 60 64
.63f5069b8c774 1 0 53 64
.63f5069bee6f6 4 0 88 112
2 0 48 82
.63f5069c03248 4 0 64 0
4 1 64 0
4 2 64 0
.63f5069c66588 4 0 88 21
2 0 59 55
.63f5069c66af0 4 0 64 127
4 1 64 127
4 2 64 127
.63f5069c9cb45 4 0 88 121
2 0 62 59
.63f5069c9f060 1 0 59 64
.63f5069ccc649 4 0 88 96
2 0 65 60
.63f5069cce3c9 1 0 62 64
.63f5069cf6e11 1 0 48 64
.63f5069cfc390 4 0 88 111
2 0 62 58
.63f5069d000ca 1 0 65 64
.63f5069d0e8f7 1 0 62 64
.63f5069d182f2 4 0 88 32
2 0 59 63
.63f5069d3ec82 1 0 59 64
.63f5069d4138c 4 0 88 0
2 0 62 53
.63f5069d5b27e 1 0 62 64
.63f5069d649cb 4 0 88 65
2 0 59 46
.63f5069d895ca 1 0 59 64
.63f5069d8afb8 4 0 88 125
2 0 56 65
.63f5069db00e0 4 0 88 23
2 0 59 49
.63f5069dd1185 1 0 59 64
.63f5069dd2c8d 1 0 56 64
.63f5069dd4494 4 0 88 44
2 0 53 65
.63f5069df2cdd 4 0 88 96
2 0 59 49
.63f5069e1757b 1 0 59 64
.63f5069e209c1 4 0 88 23
2 0 48 76
.63f5069e239d2 1 0 53 64
.63f5069e27027 4 0 64 0
4 1 64 0
4 2 64 0
.63f5069e444cf 4 0 88 20
2 0 59 61
.63f5069e64987 4 0 64 127
4 1 64 127
4 2 64 127
.63f5069e72020 4 0 88 118
2 0 62 64
.63f5069e787ba 1 0 59 64
.63f5069e972eb 4 0 88 127
2 0 65 61
.63f5069e9c8d5 1 0 62 64
.63f5069ea2d2a 1 0 48 64
.63f5069ebb051 4 0 88 19
2 0 62 52
.63f5069ec7ae8 1 0 65 64
.63f5069ed70de 1 0 62 64
.63f5069edb303 4 0 88 111
2 0 59 58
.63f5069f03791 1 0 59 64
.63f5069f043a8 4 0 88 10
2 0 62 64
.63f5069f1a212 1 0 62 64
.63f5069f26dca 4 0 88 33
2 0 59 48
.63f5069f439ec 1 0 59 64
.63f5069f4c089 4 0 88 17
2 0 56 55
.63f5069f7015b 4 0 88 120
2 0 59 49
.63f5069f8b7cc 1 0 56 64
.63f5069f8cf62 1 0 59 64
.63f5069f97877 4 0 88 67
2 0 53 50
.63f5069fba424 4 0 88 36
2 0 59 41
.63f5069fd1ce2 1 0 59 64
.63f5069fe519c 4 0 88 104
2 0 48 71
.63f5069fe8c18 1 0 53 64
.63f506a00795e 4 0 64 0
4 1 64 0
4 2 64 0
.63f506a015190 4 0 88 118
2 0 55 64
.63f506a03f8d6 1 0 55 64
.63f506a0421ef 4 0 64 127
4 1 64 127
4 2 64 127
.63f506a0449e3 4 0 88 47
2 0 60 71
.63f506a06e2b5 4 0 88 103
2 0 63 57
.63f506a06f392 1 0 60 64
.63f506a07c0be 1 0 48 64
.63f506a093fe2 4 0 88 28
2 0 60 59
.63f506a09a844 1 0 63 64
.63f506a0ba012 1 0 60 64
.63f506a0bbbbc 4 0 88 10
2 0 55 64
.63f506a0e5412 4 0 88 74
2 0 60 61
.63f506a0e661b 1 0 55 64
.63f506a0fb3af 1 0 60 64
.63f506a102e8d 4 0 88 22
2 0 55 46
.63f506a1254f8 1 0 55 64
.63f506a127632 4 0 88 93
2 0 51 71
.63f506a14f906 4 0 88 64
2 0 55 70
.63f506a16f953 4 0 88 82
2 0 48 80
.63f506a173329 1 0 55 64
.63f506a173fa2 1 0 51 64
.63f506a1977f1 4 0 88 83
2 0 55 54
.63f506a1af4a8 1 0 55 64
.63f506a1b73b0 4 0 88 26
2 0 46 71
.63f506a1b9375 4 0 64 0
4 1 64 0
4 2 64 0
.63f506a1bf775 1 0 48 64
.63f506a1df463 4 0 88 97
2 0 55 65
.63f506a1f3d4d 4 0 64 127
4 1 64 127
4 2 64 127
.63f506a206e05 4 0 88 59
2 0 60 67
.63f506a208fda 1 0 55 64
.63f506a22ae31 4 0 88 46
2 0 63 57
.63f506a22fef3 1 0 60 64
.63f506a23401f 1 0 46 64
.63f506a255b93 4 0 88 32
2 0 60 63
.63f506a263748 1 0 63 64
.63f506a27a7d3 1 0 60 64
.63f506a27b47e 4 0 88 23
2 0 55 76
.63f506a2a1857 4 0 88 24
2 0 60 66
.63f506a2a70ee 1 0 55 64
.63f506a2bda4d 1 0 60 64
.63f506a2c35c1 4 0 88 28
2 0 55 59
.63f506a2e411a 1 0 55 64
.63f506a2ea9b2 4 0 88 73
2 0 51 78
.63f506a30fb2f 4 0 88 104
2 0 55 71
.63f506a32e677 1 0 55 64
.63f506a33691d 4 0 88 90
2 0 48 88
.63f506a33cb7f 1 0 51 64
.63f506a35cf8d 4 0 88 74
2 0 55 59
.63f506a3782a0 1 0 55 64
.63f506a381998 4 0 88 113
2 0 44 63
.63f506a38c06e 1 0 48 64
.63f506a38dfae 4 0 64 0
4 1 64 0
4 2 64 0
.63f506a3ad229 4 0 88 24
2 0 55 66
.63f506a3ce812 4 0 64 127
4 1 64 127
4 2 64 127
.63f506a3d3a7e 4 0 88 23
2 0 60 76
.63f506a3d50b0 1 0 55 64
.63f506a3f7fac 1 0 60 64
.63f506a3f82b2 4 0 88 117
2 0 63 61
.63f506a3fd64e 1 0 44 64
.63f506a41df97 4 0 88 8
2 0 60 70
.63f506a4251f9 1 0 63 64
.63f506a4448e2 1 0 60 64
.63f506a444c3f 4 0 88 122
2 0 55 77
.63f506a468555 4 0 88 111
2 0 60 74
.63f506a4716ee 1 0 55 64
.63f506a488306 4 0 88 107
2 0 55 57
.63f506a48b1df 1 0 60 64
.63f506a4aa050 1 0 55 64
.63f506a4aded6 4 0 88 100
2 0 51 83
.63f506a4d3a27 4 0 88 82
2 0 55 80
.63f506a4f3ebb 1 0 55 64
.63f506a4f8959 4 0 88 27
2 0 48 93
.63f506a4fe6cf 1 0 51 64
.63f506a51cb48 4 0 88 122
2 0 55 77
.63f506a532b4c 1 0 55 64
.63f506a53cbf8 4 0 88 107
2 0 43 96
.63f506a54669b 1 0 48 64
.63f506a54b664 4 0 64 0
4 1 64 0
4 2 64 0
.63f506a55e7cd 4 0 88 32
2 0 55 72
.63f506a57d386 4 0 64 127
4 1 64 127
4 2 64 127
.63f506a583d8b 1 0 55 64
4 0 88 95
2 0 60 75
.63f506a5a606b 4 0 88 107
2 0 63 76
.63f506a5a7fb0 1 0 60 64
.63f506a5b40ba 1 0 43 64
.63f506a5d1e14 4 0 88 78
2 0 60 89
.63f506a5e091c 1 0 63 64
.63f506a5f55bc 4 0 88 98
2 0 55 83
.63f506a5f99e7 1 0 60 64
.63f506a61b8b0 4 0 88 39
2 0 60 92
.63f506a620f9c 1 0 55 64
.63f506a63c2ab 1 0 60 64
.63f506a63e105 4 0 88 95
2 0 55 75
.63f506a66066c 4 0 88 39
2 0 51 90
.63f506a660ec0 1 0 55 64
.63f506a688e36 4 0 88 78
2 0 55 89
.63f506a6ac85c 1 0 55 64
.63f506a6b2ae9 4 0 88 107
2 0 48 96
.63f506a6ba881 1 0 51 64
.63f506a6da37f 4 0 88 82
2 0 55 80
.63f506a6fae5f 1 0 55 64
.63f506a711c4d 4 0 88 33
2 0 42 72
.63f506a71fbae 1 0 48 64
.63f506a7260c4 4 0 64 0
4 1 64 0
4 2 64 0
.63f506a74a276 4 0 88 24
2 0 57 66
.63f506a779cdc 4 0 88 24
2 0 60 69
.63f506a77e98d 1 0 57 64
.63f506a786bd9 4 0 64 127
4 1 64 127
4 2 64 127
.63f506a79fc2f 4 0 88 46
2 0 63 63
.63f506a7a0b17 1 0 60 64
.63f506a7c970e 4 0 88 41
2 0 60 83
.63f506a7cfed9 1 0 42 64
.63f506a7d7b65 1 0 63 64
.63f506a7e9f34 4 0 88 82
2 0 57 80
.63f506a7ea0e8 1 0 60 64
.63f506a815294 4 0 88 85
2 0 60 84
.63f506a8194ab 1 0 57 64
.63f506a831d97 4 0 88 39
2 0 57 68
.63f506a83925c 1 0 60 64
.63f506a8542e5 1 0 57 64
.63f506a85b5cf 4 0 88 91
2 0 51 89
.63f506a87c54d 4 0 88 55
2 0 57 82
.63f506a89a1c7 1 0 57 64
.63f506a8a25a7 4 0 88 7
2 0 48 90
.63f506a8a6a4a 1 0 51 64
.63f506a8c0c68 4 0 88 122
2 0 57 77
.63f506a8e1c21 1 0 57 64
.63f506a8e70fd 4 0 88 34
2 0 42 96
.63f506a8f1d77 1 0 48 64
.63f506a8fada9 4 0 64 0
4 1 64 0
4 2 64 0
.63f506a909ce3 4 0 88 28
2 0 57 84
.63f506a9340af 4 0 88 2
2 0 60 95
.63f506a93e3ec 4 0 64 127
4 1 64 127
4 2 64 127
.63f506a93f62b 1 0 57 64
.63f506a959934 4 0 88 48
2 0 63 84
.63f506a95da82 1 0 60 64
.63f506a971d83 1 0 42 64
.63f506a98491c 4 0 88 39
2 0 60 92
.63f506a993030 1 0 63 64
.63f506a9a57af 1 0 60 64
.63f506a9a688f 4 0 88 11
2 0 57 81
.63f506a9ce9df 4 0 88 84
2 0 60 93
.63f506a9d0ef6 1 0 57 64
.63f506a9ed1bb 1 0 60 64
.63f506a9ee9d5 4 0 88 39
2 0 57 68
.63f506aa1265c 1 0 57 64
.63f506aa1508d 4 0 88 125
2 0 54 84
.63f506aa3d380 4 0 88 64
2 0 57 70
.63f506aa5e363 1 0 57 64
.63f506aa60543 4 0 88 98
2 0 50 83
.63f506aa6a2cd 1 0 54 64
.63f506aa8bdba 4 0 88 91
2 0 57 55
.63f506aaaede1 1 0 57 64
.63f506aabe0fa 4 0 88 44
2 0 43 65
.63f506aac7f8e 1 0 50 64
.63f506aac9cfd 4 0 64 0
4 1 64 0
4 2 64 0
.63f506aaeb44a 4 0 88 56
2 0 57 53
.63f506ab075c5 4 0 64 127
4 1 64 127
4 2 64 127
.63f506ab16d44 4 0 88 123
2 0 58 47
.63f506ab1e89e 1 0 57 64
.63f506ab3bc6c 1 0 58 64
.63f506ab3ccdc 4 0 88 24
2 0 62 57
.63f506ab5c39f 4 0 88 85
2 0 58 43
.63f506ab5eb8d 1 0 43 64
.63f506ab6a974 1 0 62 64
.63f506ab7fbc3 1 0 58 64
.63f506ab80b81 4 0 88 78
2 0 57 66
.63f506aba3a09 4 0 88 49
2 0 58 33
.63f506aba6f57 1 0 57 64
.63f506abc6cbc 1 0 58 64
.63f506abc7f3e 4 0 88 49
2 0 57 44
.63f506abe10a2 1 0 57 64
.63f506abef3a7 4 0 88 64
2 0 50 70
.63f506ac107de 4 0 88 10
2 0 57 48
.63f506ac3394a 1 0 57 64
.63f506ac37bb3 1 0 50 64
.63f506ac3bb5b 4 0 88 113
2 0 46 63
.63f506ac5565b 4 0 88 72
2 0 57 42
.63f506ac6eb80 1 0 57 64
.63f506ac8a279 4 0 88 28
2 0 43 84
.63f506ac9344c 1 0 46 64
.63f506ac9bb48 4 0 64 0
4 1 64 0
4 2 64 0
.63f506acaad15 4 0 88 46
2 0 55 52
.63f506acd7011 4 0 88 65
2 0 58 47
.63f506acd930d 4 0 64 127
4 1 64 127
4 2 64 127
.63f506acde4cb 1 0 55 64
.63f506acf9d75 1 0 58 64
.63f506acfcd87 4 0 88 86
2 0 62 46
.63f506ad1f10f 1 0 43 64
.63f506ad1f474 4 0 88 0
2 0 58 51
.63f506ad2aaaa 1 0 62 64
.63f506ad4464b 4 0 88 20
2 0 55 61
.63f506ad456ad 1 0 58 64
.63f506ad6a49e 4 0 88 8
2 0 58 45
.63f506ad6fbe4 1 0 55 64
.63f506ad8b5d8 4 0 88 25
2 0 55 47
.63f506ad91151 1 0 58 64
.63f506adaca27 4 0 88 25
2 0 46 83
.63f506adb009f 1 0 55 64
.63f506add61b6 4 0 88 15
2 0 55 73
.63f506adf6d25 1 0 55 64
.63f506adf9bfb 4 0 88 20
2 0 43 89
.63f506adfe22e 1 0 46 64
.63f506ae29cca 4 0 88 72
2 0 55 73
.63f506ae48bab 1 0 55 64
.63f506ae588c4 4 0 88 114
2 0 39 90
.63f506ae67869 1 0 43 64
.63f506ae765cd 4 0 64 0
4 1 64 0
4 2 64 0
.63f506ae88e89 4 0 88 107
2 0 58 62
.63f506aeb9f04 4 0 88 38
2 0 62 79
.63f506aebcae9 4 0 64 127
4 1 64 127
4 2 64 127
.63f506aec1543 1 0 58 64
.63f506aedeff1 1 0 62 64
.63f506aedf6cd 4 0 88 8
2 0 67 70
.63f506aefa102 1 0 39 64
.63f506af09dac 4 0 88 85
2 0 62 84
.63f506af12461 1 0 67 64
.63f506af2cb99 4 0 88 107
2 0 58 76
.63f506af2fe53 1 0 62 64
.63f506af5788c 4 0 88 66
2 0 62 58
.63f506af5e24d 1 0 58 64
.63f506af72a65 4 0 88 103
2 0 58 57
.63f506af7cc5d 1 0 62 64
.63f506af95b67 1 0 58 64
.63f506af9994c 4 0 88 2
2 0 55 95
.63f506afb72d6 4 0 88 52
2 0 58 64
.63f506afd6c5d 1 0 58 64
.63f506afdf73b 1 0 55 64
.63f506afe0a5a 4 0 88 34
2 0 51 96
.63f506afff7b6 4 0 88 53
2 0 58 77
.63f506b01ed2d 1 0 58 64
.63f506b029b07 4 0 88 96
2 0 48 102
.63f506b033410 1 0 51 64
.63f506b042656 4 0 64 0
4 1 64 0
4 2 64 0
.63f506b04f370 4 0 88 112
2 0 57 82
.63f506b079b66 4 0 88 46
2 0 63 63
.63f506b07fe95 4 0 64 127
4 1 64 127
4 2 64 127
.63f506b08451a 1 0 57 64
.63f506b09cb03 1 0 63 64
.63f506b09d48c 4 0 88 13
2 0 67 85
.63f506b0bfae8 1 0 48 64
.63f506b0c74fd 4 0 88 52
2 0 63 64
.63f506b0dc3c5 1 0 67 64
.63f506b0e6fa2 4 0 88 27
2 0 57 93
.63f506b0ea73e 1 0 63 64
.63f506b1103c9 4 0 88 79
2 0 63 59
.63f506b111333 1 0 57 64
.63f506b12cd8a 4 0 88 64
2 0 57 70
.63f506b1348ca 1 0 63 64
.63f506b156774 1 0 57 64
.63f506b15ad1b 4 0 88 119
2 0 48 106
.63f506b17e6b3 4 0 88 27
2 0 57 93
.63f506b19f158 1 0 57 64
.63f506b1a163f 4 0 88 59
2 0 45 100
.63f506b1a83d9 1 0 48 64
.63f506b1c922e 4 0 88 53
2 0 57 91
.63f506b1efb8b 1 0 57 64
.63f506b1f854b 4 0 88 48
2 0 38 96
.63f506b20396d 1 0 45 64
.63f506b20591a 4 0 64 0
4 1 64 0
4 2 64 0
.63f506b229e86 4 0 88 45
2 0 57 87
.63f506b255859 4 0 88 116
2 0 60 86
.63f506b259c4f 1 0 57 64
.63f506b26070f 4 0 64 127
4 1 64 127
4 2 64 127
.63f506b280f7d 1 0 60 64
.63f506b281662 4 0 88 125
2 0 66 65
.63f506b290ee0 1 0 38 64
.63f506b2aa727 4 0 88 125
2 0 60 81
.63f506b2b93f8 1 0 66 64
.63f506b2cbab9 1 0 60 64
.63f506b2cdfe9 4 0 88 112
2 0 57 82
.63f506b2f498e 1 0 57 64
.63f506b2f5572 4 0 88 90
2 0 60 88
.63f506b313330 4 0 88 104
2 0 57 71
.63f506b314da4 1 0 60 64
.63f506b334a2a 1 0 57 64
.63f506b3377d6 4 0 88 27
2 0 50 103
.63f506b35a739 4 0 88 33
2 0 57 88
.63f506b378373 1 0 50 64
.63f506b37b7e4 1 0 57 64
.63f506b37c91e 4 0 88 13
2 0 45 99
.63f506b3a2c90 4 0 88 72
2 0 57 73
.63f506b3c5e00 1 0 57 64
.63f506b3c838f 4 0 88 83
2 0 38 98
.63f506b3ce70d 1 0 45 64
.63f506b3d48fe 4 0 64 0
4 1 64 0
4 2 64 0
.63f506b3ef25b 4 0 88 33
2 0 57 88
.63f506b403793 4 0 64 127
4 1 64 127
4 2 64 127
.63f506b4126ff 4 0 88 116
2 0 60 86
.63f506b41b48b 1 0 57 64
.63f506b4374a7 4 0 88 43
2 0 66 87
.63f506b43c4d6 1 0 60 64
.63f506b443390 1 0 38 64
.63f506b45fbdb 4 0 88 118
2 0 60 64
.63f506b46e35b 1 0 66 64
.63f506b482b1d 4 0 88 8
2 0 57 77
.63f506b4859b9 1 0 60 64
.63f506b4aa755 4 0 88 98
2 0 60 83
.63f506b4ae26e 1 0 57 64
.63f506b4c7965 1 0 60 64
.63f506b4c9d1b 4 0 88 87
2 0 57 72
.63f506b4ebd1d 1 0 57 64
.63f506b4ec9b6 4 0 88 105
2 0 50 101
.63f506b514b0e 4 0 88 84
2 0 57 93
.63f506b535e10 1 0 57 64
.63f506b538780 1 0 50 64
.63f506b5396be 4 0 88 87
2 0 45 103
.63f506b561185 4 0 88 20
2 0 57 89
.63f506b57f938 1 0 57 64
.63f506b597e23 4 0 88 39
2 0 38 92
.63f506b5a386a 4 0 64 0
4 1 64 0
4 2 64 0
.63f506b5a3a67 1 0 45 64
.63f506b5bf623 4 0 88 21
2 0 58 59
.63f506b5ee415 4 0 88 97
2 0 62 65
.63f506b5f5304 1 0 58 64
.63f506b5fe591 4 0 64 127
4 1 64 127
4 2 64 127
.63f506b60f9f0 4 0 88 113
2 0 67 67
.63f506b616b2a 1 0 62 64
.63f506b629f8a 1 0 38 64
.63f506b636093 4 0 88 47
2 0 62 49
.63f506b6418c6 1 0 67 64
.63f506b659231 4 0 88 26
2 0 58 71
.63f506b65aae3 1 0 62 64
.63f506b683145 4 0 88 66
2 0 62 58
.63f506b6840a9 1 0 58 64
.63f506b6a07c8 4 0 88 117
2 0 58 61
.63f506b6a49b6 1 0 62 64
.63f506b6c07be 1 0 58 64
.63f506b6c3478 4 0 88 59
2 0 50 100
.63f506b6e45e8 4 0 88 120
2 0 58 73
.63f506b700e85 1 0 50 64
.63f506b707ad2 1 0 58 64
.63f506b70a222 4 0 88 85
2 0 46 92
.63f506b7252c6 4 0 88 93
2 0 58 71
.63f506b7426b1 1 0 58 64
.63f506b74f3bc 4 0 88 8
2 0 38 105
.63f506b754935 1 0 46 64
.63f506b75b0e1 4 0 64 0
4 1 64 0
4 2 64 0
.63f506b775ba2 4 0 88 70
2 0 60 85
.63f506b79b823 4 0 64 127
4 1 64 127
4 2 64 127
.63f506b79e2c8 4 0 88 21
2 0 66 70
.63f506b7a9a0a 1 0 60 64
.63f506b7bf644 4 0 88 65
2 0 69 77
.63f506b7c1e39 1 0 66 64
.63f506b7d61de 1 0 38 64
.63f506b7e2b77 4 0 88 79
2 0 66 59
.63f506b7f8cf0 1 0 69 64
.63f506b802acb 4 0 88 111
2 0 60 74
.63f506b80423e 1 0 66 64
.63f506b825add 4 0 88 0
2 0 66 51
.63f506b82f637 1 0 60 64
.63f506b8473af 4 0 88 53
2 0 60 62
.63f506b84bb09 1 0 66 64
.63f506b869112 4 0 88 34
2 0 51 96
.63f506b86b83a 1 0 60 64
.63f506b8890b7 1 0 51 64
.63f506b88c78c 4 0 88 8
2 0 60 77
.63f506b8b11db 1 0 60 64
.63f506b8b538a 4 0 88 105
2 0 48 101
.63f506b8dcd39 4 0 88 112
2 0 60 82
.63f506b8fcd2f 1 0 60 64
.63f506b90310e 1 0 48 64
.63f506b905581 4 0 88 59
2 0 38 106
.63f506b91287b 4 0 64 0
4 1 64 0
4 2 64 0
.63f506b92ffdc 4 0 88 41
2 0 62 83
.63f506b955ef2 4 0 64 127
4 1 64 127
4 2 64 127
.63f506b95bb05 4 0 88 28
2 0 67 84
.63f506b9678d8 1 0 62 64
.63f506b98385c 4 0 88 33
2 0 70 76
.63f506b9869b1 1 0 67 64
.63f506b986dec 1 0 38 64
.63f506b9aa580 4 0 88 33
2 0 67 88
.63f506b9b47e0 1 0 70 64
.63f506b9cad73 1 0 67 64
.63f506b9cca04 4 0 88 122
2 0 62 77
.63f506b9ef372 4 0 88 112
2 0 67 82
.63f506b9f8bf4 1 0 62 64
.63f506ba10aad 1 0 67 64
.63f506ba18b82 4 0 88 65
2 0 62 57
.63f506ba378a8 4 0 88 65
2 0 55 90
.63f506ba38ee3 1 0 62 64
.63f506ba60ec0 4 0 88 7
2 0 62 90
.63f506ba660a3 1 0 55 64
.63f506ba83281 1 0 62 64
.63f506ba8b483 4 0 88 77
2 0 50 104
.63f506baab917 4 0 88 23
2 0 62 76
.63f506bacb1d3 1 0 62 64
.63f506bacf2ec 4 0 88 31
2 0 38 109
.63f506bad0b91 1 0 50 64
.63f506bad8b18 4 0 64 0
4 1 64 0
4 2 64 0
.63f506baf24ae 4 0 88 65
2 0 62 90
.63f506bb01b3c 4 0 64 127
4 1 64 127
4 2 64 127
.63f506bb1c5b0 4 0 88 96
2 0 66 86
.63f506bb3676b 1 0 62 64
.63f506bb44e7d 1 0 66 64
.63f506bb4671d 1 0 38 64
.63f506bb46cdd 4 0 88 27
2 0 72 93
.63f506bb6ad0d 4 0 88 112
2 0 66 96
.63f506bb8e1b3 4 0 88 78
2 0 62 89
.63f506bb8f576 1 0 66 64
.63f506bb9522a 1 0 72 64
.63f506bbb3b41 4 0 88 91
2 0 66 89
.63f506bbba9e7 1 0 62 64
.63f506bbdd163 4 0 88 111
2 0 62 74
.63f506bbe01d1 1 0 66 64
.63f506bbfda5c 1 0 62 64
.63f506bc01869 4 0 88 0
2 0 57 106
.63f506bc2eca4 4 0 88 110
2 0 62 91
.63f506bc549b3 1 0 62 64
.63f506bc611db 4 0 88 85
2 0 54 95
.63f506bc6eb7c 1 0 57 64
.63f506bc8f02e 4 0 88 7
2 0 62 90
.63f506bc953d3 1 0 54 64
.63f506bcc2f93 1 0 62 64
.63f506bcda65b 4 0 88 87
2 0 39 75
.63f506bcdf474 4 0 64 0
4 1 64 0
4 2 64 0
.63f506bd25110 4 0 88 107
2 0 61 62
.63f506bd4ea5b 4 0 64 127
4 1 64 127
4 2 64 127
.63f506bd5c31e 4 0 88 24
2 0 67 66
.63f506bd6b47d 1 0 61 64
.63f506bd870bc 4 0 88 76
2 0 70 68
.63f506bd8e49f 1 0 67 64
.63f506bd96bc7 1 0 39 64
.63f506bdb013c 4 0 88 17
2 0 67 50
.63f506bdc6535 1 0 70 64
.63f506bdd9231 4 0 88 33
2 0 61 58
.63f506bddf352 1 0 67 64
.63f506bde5ab9 4 0 88 117
2 0 70 19
.63f506bdfe764 4 0 88 57
2 0 67 35
.63f506bdff1a4 1 0 70 64
.63f506be092b1 1 0 61 64
.63f506be1ca99 4 0 88 0
2 0 61 51
.63f506be2acd5 1 0 67 64
.63f506be40a7a 4 0 88 28
2 0 55 84
.63f506be40fc1 1 0 61 64
.63f506be68fd0 4 0 88 33
2 0 61 72
.63f506be853a1 1 0 55 64
.63f506be8b195 4 0 88 119
2 0 51 87
.63f506be8ef6e 1 0 61 64
.63f506beae529 1 0 51 64
.63f506beb0008 4 0 88 89
2 0 61 54
.63f506bed1af4 1 0 61 64
.63f506bedb658 4 0 88 8
2 0 38 105
.63f506bee5f04 4 0 64 0
4 1 64 0
4 2 64 0
.63f506bf07ea2 4 0 88 58
2 0 60 86
.63f506bf37fe5 4 0 64 127
4 1 64 127
4 2 64 127
.63f506bf38372 4 0 88 40
2 0 63 80
.63f506bf482b3 1 0 60 64
.63f506bf5da0f 4 0 88 11
2 0 69 81
.63f506bf5f179 1 0 63 64
.63f506bf718f4 1 0 38 64
.63f506bf7f2f1 4 0 88 88
2 0 63 50
.63f506bf91826 1 0 69 64
.63f506bfa2a20 1 0 63 64
.63f506bfa2e06 4 0 88 82
2 0 60 80
.63f506bfc9b15 1 0 60 64
4 0 88 65
2 0 63 47
.63f506bfe9c3e 4 0 88 73
2 0 60 56
.63f506bfedbd1 1 0 63 64
.63f506c00d123 1 0 60 64
.63f506c01007c 4 0 88 66
2 0 54 88
.63f506c02b321 1 0 54 64
.63f506c0358e5 4 0 88 55
2 0 60 82
.63f506c04ec95 1 0 60 64
.63f506c055c2d 4 0 88 77
2 0 50 104
.63f506c07eb3e 4 0 88 98
2 0 60 83
.63f506c09e780 1 0 60 64
.63f506c0a8127 1 0 50 64
.63f506c0aa3b3 4 0 88 0
2 0 38 106
.63f506c0b4ddc 4 0 64 0
4 1 64 0
4 2 64 0
.63f506c0d7878 4 0 88 33
2 0 58 58
.63f506c104009 4 0 64 127
4 1 64 127
4 2 64 127
.63f506c109420 4 0 88 36
2 0 64 56
.63f506c10d729 1 0 58 64
.63f506c10fa8e 4 0 64 0
4 1 64 0
4 2 64 0
.63f506c11298e 4 0 64 127
4 1 64 127
4 2 64 127
.63f506c128600 1 0 38 64
.63f506c12b3cd 4 0 88 106
2 0 67 62
.63f506c1345d9 1 0 64 64
.63f506c152d57 4 0 88 38
2 0 64 38
.63f506c16373f 1 0 67 64
.63f506c1707a0 4 0 88 127
2 0 58 60
.63f506c17ab78 1 0 64 64
.63f506c198f6a 4 0 88 117
2 0 64 38
.63f506c19feaf 1 0 58 64
.63f506c1b56ac 1 0 64 64
.63f506c1b5fc5 4 0 88 58
2 0 58 48
.63f506c1d672a 1 0 58 64
.63f506c1db52b 4 0 88 59
2 0 52 100
.63f506c1fa136 1 0 52 64
.63f506c1fbdbd 4 0 88 73
2 0 58 78
.63f506c222cf0 4 0 88 34
2 0 49 96
.63f506c223559 1 0 58 64
.63f506c247e2b 4 0 88 119
2 0 58 64
.63f506c259ba6 1 0 49 64
.63f506c26762d 4 0 88 77
2 0 38 104
.63f506c26a8ff 1 0 58 64
.63f506c2723de 4 0 64 0
4 1 64 0
4 2 64 0
.63f506c292dcf 4 0 88 39
2 0 57 92
.63f506c2bb80c 4 0 64 127
4 1 64 127
4 2 64 127
.63f506c2bd07d 4 0 88 70
2 0 60 85
.63f506c2c2485 1 0 57 64
.63f506c2dd4a0 1 0 60 64
.63f506c2dffc8 4 0 88 82
2 0 67 80
.63f506c2ed936 1 0 38 64
.63f506c3094ad 4 0 88 58
2 0 60 86
.63f506c3134f3 1 0 67 64
.63f506c329a18 4 0 88 7
2 0 57 90
.63f506c32ca92 1 0 60 64
.63f506c35214a 4 0 88 113
2 0 60 67
.63f506c35683d 1 0 57 64
.63f506c372190 4 0 88 42
2 0 57 60
.63f506c379051 1 0 60 64
.63f506c392a2e 1 0 57 64
.63f506c395f0d 4 0 88 7
2 0 51 95
.63f506c3b2d92 1 0 51 64
.63f506c3b9aea 4 0 88 41
2 0 57 83
.63f506c3d7630 4 0 88 59
2 0 48 100
.63f506c3d9ece 1 0 57 64
.63f506c401b79 4 0 88 118
2 0 57 95
.63f506c422bbb 1 0 48 64
.63f506c426b63 1 0 57 64
.63f506c4278be 4 0 88 59
2 0 38 106
.63f506c42cb0c 4 0 64 0
4 1 64 0
4 2 64 0
.63f506c448541 4 0 88 111
2 0 57 74
.63f506c46d275 4 0 64 127
4 1 64 127
4 2 64 127
.63f506c47009e 4 0 88 20
2 0 60 89
.63f506c474abd 1 0 57 64
.63f506c49524c 4 0 88 60
2 0 66 81
.63f506c49667e 1 0 60 64
.63f506c4a0e24 1 0 38 64
.63f506c4be290 4 0 88 116
2 0 60 86
.63f506c4cb486 1 0 66 64
.63f506c4ddf19 1 0 60 64
.63f506c4dfe45 4 0 88 65
2 0 57 77
.63f506c5091dc 4 0 88 65
2 0 60 90
.63f506c509a28 1 0 57 64
.63f506c52a16e 1 0 60 64
.63f506c52a887 4 0 88 95
2 0 57 75
.63f506c54f67d 1 0 57 64
.63f506c54fb56 4 0 88 100
2 0 50 108
.63f506c578253 4 0 88 39
2 0 57 92
.63f506c5a1ad0 1 0 57 64
.63f506c5a41e0 4 0 88 41
2 0 45 108
.63f506c5ab7d5 1 0 50 64
.63f506c5d7c0c 4 0 88 72
2 0 57 94
.63f506c5fffd2 1 0 57 64
.63f506c61160c 4 0 88 77
2 0 38 104
.63f506c61c8e6 1 0 45 64
.63f506c61ec13 4 0 64 0
4 1 64 0
4 2 64 0
.63f506c6503e2 4 0 88 82
2 0 55 80
.63f506c68234d 4 0 88 93
2 0 58 71
.63f506c68d83e 1 0 55 64
.63f506c6ada01 4 0 88 119
2 0 64 70
.63f506c6afc58 1 0 58 64
.63f506c6ce997 4 0 64 127
4 1 64 127
4 2 64 127
.63f506c6d7575 4 0 64 0
4 1 64 0
4 2 64 0
.63f506c6db17f 4 0 88 33
2 0 58 72
.63f506c6dd37b 4 0 64 127
4 1 64 127
4 2 64 127
.63f506c6e294a 1 0 64 64
.63f506c6fce35 1 0 38 64
.63f506c6fd2be 1 0 58 64
.63f506c6ff403 4 0 88 87
2 0 55 72
.63f506c723938 1 0 55 64
.63f506c726bb9 4 0 88 33
2 0 58 54
.63f506c74bd99 1 0 58 64
.63f506c74c07a 4 0 88 78
2 0 55 66
.63f506c76c98e 1 0 55 64
.63f506c770cf6 4 0 88 12
2 0 49 75
.63f506c793e88 4 0 88 32
2 0 55 63
.63f506c7a89cc 1 0 49 64
.63f506c7abf6d 1 0 55 64
.63f506c7b138a 4 0 88 19
2 0 46 79
.63f506c7d6810 4 0 88 96
2 0 55 68
.63f506c7f7fff 1 0 55 64
.63f506c7fbd22 4 0 88 60
2 0 38 95
.63f506c800339 1 0 46 64
.63f506c8081fe 4 0 64 0
4 1 64 0
4 2 64 0
.63f506c82598e 4 0 88 3
2 0 54 67
.63f506c84be83 4 0 88 55
2 0 57 74
.63f506c854ff5 1 0 54 64
.63f506c86ea8a 4 0 64 127
4 1 64 127
4 2 64 127
.63f506c871cb7 1 0 57 64
4 0 88 93
2 0 63 71
.63f506c8992d0 4 0 88 55
2 0 57 74
.63f506c89b44b 1 0 38 64
.63f506c8a3080 1 0 63 64
.63f506c8b8fee 4 0 88 10
2 0 54 60
.63f506c8c0687 1 0 57 64
.63f506c8e5d3f 4 0 88 80
2 0 57 48
.63f506c8e8549 1 0 54 64
.63f506c8ffac5 4 0 88 127
2 0 54 42
.63f506c8ffe83 1 0 57 64
.63f506c922e99 1 0 54 64
.63f506c92507d 4 0 88 13
2 0 48 99
.63f506c9491ed 4 0 88 93
2 0 54 71
.63f506c96b852 1 0 48 64
.63f506c96bb43 4 0 88 2
2 0 45 95
.63f506c96bfb4 1 0 54 64
.63f506c98d814 4 0 88 58
2 0 54 61
.63f506c9af73e 1 0 54 64
.63f506c9b55db 4 0 88 77
2 0 38 104
.63f506c9b7143 1 0 45 64
.63f506c9bcb1c 4 0 64 0
4 1 64 0
4 2 64 0
.63f506c9db9ba 4 0 88 109
2 0 55 78
.63f506ca06e1b 4 0 88 93
2 0 58 79
.63f506ca149be 4 0 64 127
4 1 64 127
4 2 64 127
.63f506ca1512a 1 0 55 64
.63f506ca26124 1 0 58 64
.63f506ca2bd61 4 0 88 32
2 0 62 63
.63f506ca48008 4 0 88 89
2 0 58 54
.63f506ca5d41d 1 0 62 64
.63f506ca6107b 1 0 38 64
.63f506ca670c5 1 0 58 64
.63f506ca6cd79 4 0 88 39
2 0 55 75
.63f506ca92684 4 0 88 99
2 0 58 72
.63f506ca93bed 1 0 55 64
.63f506cab332f 4 0 88 28
2 0 55 59
.63f506cab5e17 1 0 58 64
.63f506cadb2df 4 0 88 85
2 0 46 92
.63f506cadcca6 1 0 55 64
.63f506cafd89e 4 0 88 39
2 0 55 75
.63f506cb2307a 4 0 88 83
2 0 43 98
.63f506cb26c0f 1 0 55 64
.63f506cb2704a 1 0 46 64
.63f506cb46b9d 4 0 88 84
2 0 55 63
.63f506cb66507 1 0 55 64
.63f506cb6d88c 4 0 88 27
2 0 38 103
.63f506cb7145c 4 0 64 0
4 1 64 0
4 2 64 0
.63f506cb78176 1 0 43 64
.63f506cb8e68b 4 0 88 7
2 0 55 90
.63f506cbb876d 4 0 88 84
2 0 57 93
.63f506cbc1679 1 0 55 64
.63f506cbdd1e3 4 0 88 65
2 0 60 90
.63f506cbe07dc 1 0 57 64
.63f506cbe67b4 4 0 64 127
4 1 64 127
4 2 64 127
.63f506cbff349 4 0 88 82
2 0 57 80
.63f506cc0ac6d 1 0 60 64
.63f506cc0f3d6 1 0 38 64
.63f506cc226c2 1 0 57 64
.63f506cc2452d 4 0 88 72
2 0 55 73
.63f506cc4c41c 4 0 88 38
2 0 57 79
.63f506cc4edaa 1 0 55 64
.63f506cc6b718 4 0 88 73
2 0 55 56
.63f506cc6e335 1 0 57 64
.63f506cc90bf2 4 0 88 7
2 0 51 95
.63f506cc95d69 1 0 55 64
.63f506ccba3e8 4 0 88 13
2 0 55 85
.63f506cce1fa9 4 0 88 47
2 0 48 101
1 0 55 64
.63f506cce70ad 1 0 51 64
.63f506ccff6dd 1 0 48 64
.63f506cd04ab1 4 0 88 28
2 0 55 84
.63f506cd2f479 1 0 55 64
.63f506cd357a8 4 0 88 105
2 0 38 101
.63f506cd376a6 4 0 64 0
4 1 64 0
4 2 64 0
.63f506cd41b8c 4 0 88 124
2 0 39 12
.63f506cd51e29 1 0 39 64
.63f506cd6731b 4 0 88 107
2 0 54 62
.63f506cd9209e 4 0 88 85
2 0 57 84
.63f506cd9dbbc 1 0 54 64
.63f506cdb8431 4 0 88 55
2 0 60 82
.63f506cdbb853 1 0 57 64
.63f506cdc1269 4 0 64 127
4 1 64 127
4 2 64 127
.63f506cdc9e92 4 0 64 0
4 1 64 0
4 2 64 0
.63f506cdcfbc6 4 0 64 127
4 1 64 127
4 2 64 127
.63f506cddebe1 4 0 88 55
2 0 57 74
.63f506cdea71b 1 0 60 64
.63f506cdee3d4 1 0 38 64
.63f506cdffc63 4 0 88 87
2 0 54 75
.63f506ce00a3d 1 0 57 64
.63f506ce2dd42 4 0 88 95
2 0 57 79
.63f506ce32da9 1 0 54 64
.63f506ce519a3 4 0 88 93
2 0 54 71
.63f506ce5a7c1 1 0 57 64
.63f506ce7a4ce 4 0 88 0
2 0 50 100
.63f506ce7acf9 1 0 54 64
.63f506cea7686 4 0 88 107
2 0 54 76
.63f506ced5410 1 0 54 64
.63f506ced8f1c 4 0 88 27
2 0 45 103
.63f506cee4fa0 1 0 50 64
.63f506cf0d435 4 0 88 46
2 0 54 63
.63f506cf3bd06 1 0 54 64
.63f506cf55811 4 0 64 0
4 1 64 0
4 2 64 0
.63f506cf575ad 4 0 88 8
2 0 43 105
.63f506cf65a62 1 0 45 64
.63f506cf9e111 4 0 88 103
2 0 54 57
.63f506cfcf67f 4 0 88 23
2 0 57 76
.63f506cfdbf4d 1 0 54 64
.63f506cff6a13 4 0 64 127
4 1 64 127
4 2 64 127
.63f506cffa95e 1 0 57 64
.63f506cffb7ff 4 0 88 95
2 0 60 75
.63f506d002551 4 0 64 0
4 1 64 0
4 2 64 0
.63f506d0053fe 4 0 64 127
4 1 64 127
4 2 64 127
.63f506d02635c 4 0 88 78
2 0 57 76
.63f506d026921 1 0 43 64
.63f506d030702 1 0 60 64
.63f506d04add9 1 0 57 64
.63f506d04b082 4 0 88 73
2 0 54 78
.63f506d0752ba 4 0 88 95
2 0 57 79
.63f506d07711c 1 0 54 64
.63f506d08cce6 4 0 88 10
2 0 54 60
.63f506d08ecc4 1 0 57 64
.63f506d0b1d12 4 0 88 62
2 0 51 91
.63f506d0b5236 1 0 54 64
.63f506d0d4494 4 0 88 58
2 0 54 61
.63f506d0faf93 4 0 88 83
2 0 48 98
.63f506d0fbb40 1 0 54 64
.63f506d101344 1 0 51 64
.63f506d123056 4 0 88 120
2 0 54 73
.63f506d145714 1 0 54 64
.63f506d1494a4 4 0 88 118
2 0 43 95
.63f506d153552 4 0 64 0
4 1 64 0
4 2 64 0
.63f506d155a63 1 0 48 64
.63f506d16e5d7 4 0 88 41
2 0 55 83
.63f506d193944 4 0 88 14
2 0 57 94
.63f506d1a011b 1 0 55 64
.63f506d1b5e2b 4 0 88 85
2 0 60 84
.63f506d1bc7dd 1 0 57 64
.63f506d1cb74c 4 0 64 127
4 1 64 127
4 2 64 127
.63f506d1e1128 4 0 88 28
2 0 59 59
.63f506d1f40ba 1 0 60 64
.63f506d20274f 4 0 88 8
2 0 55 70
.63f506d202b3d 1 0 59 64
.63f506d207b09 1 0 43 64
.63f506d22b965 4 0 88 65
2 0 59 46
.63f506d22ff7e 1 0 55 64
.63f506d248bba 4 0 88 56
2 0 55 55
.63f506d24ee02 1 0 59 64
.63f506d26a5b7 1 0 55 64
.63f506d26f863 4 0 88 14
2 0 50 94
.63f506d2971ba 4 0 88 65
2 0 55 77
.63f506d2b67f8 1 0 55 64
.63f506d2ba8b4 4 0 88 60
2 0 47 95
.63f506d2bebc8 1 0 50 64
.63f506d2e2911 4 0 88 104
2 0 55 71
.63f506d3009b6 1 0 55 64
.63f506d31ab7a 4 0 88 27
2 0 43 93
.63f506d32633c 1 0 47 64
.63f506d32814a 4 0 64 0
4 1 64 0
4 2 64 0
.63f506d34a918 4 0 88 85
2 0 57 53
.63f506d3759c4 4 0 88 64
2 0 60 70
.63f506d37ad7c 1 0 57 64
.63f506d39935b 1 0 60 64
.63f506d39a72e 4 0 88 69
2 0 66 67
.63f506d39d4e6 4 0 64 127
4 1 64 127
4 2 64 127
.63f506d3c0385 1 0 43 64
.63f506d3c56e0 4 0 88 32
2 0 60 72
.63f506d3cc238 1 0 66 64
.63f506d3e35e9 1 0 60 64
.63f506d3e4625 4 0 88 39
2 0 57 75
.63f506d40d67d 4 0 88 97
2 0 60 65
.63f506d40ee3d 1 0 57 64
.63f506d42b783 4 0 88 66
2 0 57 58
.63f506d43093f 1 0 60 64
.63f506d44ded3 4 0 88 7
2 0 51 95
.63f506d450795 1 0 57 64
.63f506d477764 4 0 88 27
2 0 57 93
.63f506d49747b 4 0 88 24
2 0 48 98
.63f506d4984ac 1 0 57 64
.63f506d49e150 1 0 51 64
.63f506d4be057 4 0 88 78
2 0 57 89
.63f506d4d0b2b 1 0 57 64
.63f506d4de968 4 0 88 83
2 0 43 98
.63f506d4e8bb6 1 0 48 64
.63f506d4fa073 4 0 64 0
4 1 64 0
4 2 64 0
.63f506d50b016 4 0 88 72
2 0 60 94
.63f506d5337bf 4 0 88 20
2 0 66 86
.63f506d5434dc 1 0 60 64
.63f506d557933 4 0 88 65
2 0 69 90
.63f506d55d111 1 0 66 64
.63f506d55d98c 4 0 64 127
4 1 64 127
4 2 64 127
.63f506d56668f 4 0 64 0
4 1 64 0
4 2 64 0
.63f506d56c3e1 4 0 64 127
4 1 64 127
4 2 64 127
.63f506d573f7e 1 0 43 64
.63f506d578749 4 0 88 58
2 0 66 61
.63f506d58e15d 1 0 69 64
.63f506d599f55 4 0 88 20
2 0 60 89
.63f506d59fb74 1 0 66 64
.63f506d5beadc 4 0 88 46
2 0 66 63
.63f506d5c5de0 1 0 60 64
.63f506d5de547 4 0 88 8
2 0 60 70
.63f506d5e7920 1 0 66 64
.63f506d6042d2 1 0 60 64
.63f506d6073f4 4 0 88 61
2 0 51 97
.63f506d63995c 4 0 88 13
2 0 60 99
.63f506d665049 4 0 88 68
2 0 48 105
.63f506d665466 1 0 60 64
.63f506d670801 1 0 51 64
.63f506d692d0f 4 0 88 27
2 0 60 93
.63f506d6c023b 1 0 60 64
.63f506d6cd959 4 0 88 72
2 0 43 94
.63f506d6d79b3 4 0 64 0
4 1 64 0
4 2 64 0
.63f506d6dab32 1 0 48 64
.63f506d7086b7 4 0 88 79
2 0 59 69
.63f506d737cf8 4 0 88 11
2 0 62 81
.63f506d74056e 1 0 59 64
.63f506d758892 4 0 64 127
4 1 64 127
4 2 64 127
.63f506d760933 4 0 88 98
2 0 67 83
.63f506d764afa 1 0 62 64
.63f506d785a02 1 0 43 64
.63f506d78a9d6 4 0 88 13
2 0 62 85
.63f506d7955d0 1 0 67 64
.63f506d7aabc5 1 0 62 64
.63f506d7ac847 4 0 88 122
2 0 59 77
.63f506d7d404e 4 0 88 125
2 0 62 81
.63f506d7d8029 1 0 59 64
.63f506d7efe4c 4 0 88 74
2 0 59 61
.63f506d7f8b22 1 0 62 64
.63f506d81246d 4 0 88 47
2 0 55 101
.63f506d812b43 1 0 59 64
.63f506d83badc 4 0 88 51
2 0 59 78
.63f506d85848b 4 0 88 0
2 0 50 100
.63f506d85bcab 1 0 55 64
.63f506d85cfaf 1 0 59 64
.63f506d8830b9 4 0 88 58
2 0 59 86
.63f506d8a67c7 4 0 88 105
2 0 43 101
.63f506d8a96d2 1 0 59 64
.63f506d8b20d5 1 0 50 64
.63f506d8b826d 4 0 64 0
4 1 64 0
4 2 64 0
.63f506d8cdc29 4 0 88 82
2 0 59 80
.63f506d8f339e 4 0 88 24
2 0 62 98
.63f506d8ff9f7 1 0 59 64
.63f506d917697 4 0 88 110
2 0 65 91
.63f506d91fba5 1 0 62 64
.63f506d93c022 4 0 88 78
2 0 62 76
.63f506d93ee01 4 0 64 127
4 1 64 127
4 2 64 127
.63f506d94b24d 1 0 65 64
.63f506d95436f 1 0 43 64
.63f506d9605de 4 0 88 58
2 0 59 86
.63f506d965776 1 0 62 64
.63f506d987b90 4 0 88 103
2 0 62 87
.63f506d98fadc 1 0 59 64
.63f506d9ad806 1 0 62 64
.63f506d9afa4e 4 0 88 97
2 0 59 92
.63f506d9d8cbd 1 0 59 64
.63f506d9db954 4 0 88 18
2 0 56 104
.63f506da0b7b2 4 0 88 14
2 0 59 94
.63f506da31599 1 0 59 64
.63f506da3e8cb 4 0 88 41
2 0 53 108
.63f506da495ab 1 0 56 64
.63f506da77629 4 0 88 103
2 0 59 87
.63f506daa4066 1 0 59 64
.63f506dabf7bf 4 0 88 68
2 0 43 105
.63f506dac49c9 4 0 64 0
4 1 64 0
4 2 64 0
.63f506dac9f51 1 0 53 64
.63f506db15635 4 0 88 118
2 0 55 64
.63f506db4e431 4 0 88 39
2 0 60 68
.63f506db5a483 1 0 55 64
.63f506db7835f 1 0 60 64
.63f506db7bf07 4 0 88 2
2 0 63 56
.63f506db8bdcb 4 0 64 127
4 1 64 127
4 2 64 127
.63f506db949cb 4 0 64 0
4 1 64 0
4 2 64 0
.63f506dba05cb 4 0 64 127
4 1 64 127
4 2 64 127
.63f506dba92be 4 0 88 8
2 0 60 70
.63f506dbb7868 1 0 63 64
.63f506dbb89ea 1 0 43 64
.63f506dbccbf7 1 0 60 64
.63f506dbd222e 4 0 88 4
2 0 55 67
.63f506dbfb5dc 4 0 88 22
2 0 60 58
.63f506dc0044b 1 0 55 64
.63f506dc1b96d 4 0 88 73
2 0 55 56
.63f506dc1d2eb 1 0 60 64
.63f506dc3ece4 1 0 55 64
.63f506dc4828a 4 0 88 19
2 0 51 79
.63f506dc72bbb 4 0 88 111
2 0 55 58
.63f506dc8ff31 1 0 55 64
.63f506dc92ccb 1 0 51 64
.63f506dc94c14 4 0 88 95
2 0 48 79
.63f506dcba15b 4 0 88 69
2 0 55 44
.63f506dcce99e 1 0 55 64
.63f506dce505c 4 0 88 32
2 0 43 63
.63f506dcece2f 1 0 48 64
.63f506dcee657 4 0 64 0
4 1 64 0
4 2 64 0
.63f506dd09beb 4 0 88 28
2 0 54 46
.63f506dd35747 1 0 54 64
.63f506dd3bfaa 4 0 88 115
2 0 60 33
.63f506dd52025 4 0 64 127
4 1 64 127
4 2 64 127
.63f506dd52954 1 0 60 64
.63f506dd583df 4 0 88 81
2 0 63 46
.63f506dd7d899 1 0 43 64
.63f506dd808dc 1 0 63 64
.63f506dd84a42 4 0 88 59
2 0 60 40
.63f506dd994df 1 0 60 64
.63f506dd998eb 4 0 88 50
2 0 54 50
.63f506ddc4391 1 0 54 64
.63f506ddcb25c 4 0 88 42
2 0 60 40
.63f506dde110f 1 0 60 64
.63f506ddea6ef 4 0 88 15
2 0 54 39
.63f506de08212 1 0 54 64
.63f506de14e09 4 0 88 14
2 0 51 69
.63f506de33a45 4 0 88 117
2 0 54 61
.63f506de51de8 1 0 54 64
.63f506de5a71c 1 0 51 64
.63f506de5b8e5 4 0 88 65
2 0 48 77
.63f506de78863 4 0 88 67
2 0 54 41
.63f506de97e3d 1 0 54 64
.63f506dea9426 4 0 88 38
2 0 43 79
.63f506deabf72 1 0 48 64
.63f506deb7749 4 0 64 0
4 1 64 0
4 2 64 0
.63f506dec871b 4 0 88 11
2 0 54 50
.63f506def50ed 4 0 88 1
2 0 60 46
.63f506def8203 1 0 54 64
.63f506df0c17e 1 0 60 64
.63f506df0c6b3 4 0 64 127
4 1 64 127
4 2 64 127
.63f506df189ac 4 0 88 1
2 0 63 46
.63f506df43c3f 4 0 88 86
2 0 60 39
.63f506df45daa 1 0 63 64
.63f506df46bf8 1 0 43 64
.63f506df5c40c 1 0 60 64
.63f506df5e2ec 4 0 88 85
2 0 54 43
.63f506df85344 1 0 54 64
.63f506df99274 4 0 88 102
2 0 60 36
.63f506dfaf06e 1 0 60 64
.63f506dfba586 4 0 88 64
2 0 54 37
.63f506dfd45b9 1 0 54 64
.63f506dfebce5 4 0 88 52
2 0 51 64
.63f506e01d59f 4 0 88 31
2 0 54 37
.63f506e03d6a7 1 0 54 64
.63f506e04d7da 4 0 88 44
2 0 48 65
.63f506e050c08 1 0 51 64
.63f506e084f88 4 0 88 8
2 0 54 47
.63f506e0a10e2 1 0 54 64
.63f506e0cfcdb 1 0 48 64
.63f506e0d4c8e 4 0 88 115
2 0 43 47
.63f506e0f2dcb 4 0 64 0
4 1 64 0
4 2 64 0
.63f506e12131d 4 0 88 23
2 0 55 49
.63f506e15b9de 4 0 88 42
2 0 59 60
.63f506e16aee3 1 0 55 64
.63f506e18b287 1 0 59 64
.63f506e191fe0 4 0 88 24
2 0 62 66
.63f506e1bf450 4 0 88 59
2 0 59 67
.63f506e1cae57 1 0 62 64
.63f506e1e1a5d 1 0 59 64
.63f506e1e6397 4 0 88 15
2 0 55 73
.63f506e211fe7 4 0 64 127
4 1 64 127
4 2 64 127
.63f506e217a22 4 0 88 45
2 0 59 87
.63f506e223c0f 1 0 55 64
.63f506e22c51e 4 0 64 0
4 1 64 0
4 2 64 0
.63f506e247607 4 0 88 70
2 0 62 85
.63f506e249a0c 4 0 64 127
4 1 64 127
4 2 64 127
.63f506e24f290 1 0 59 64
.63f506e28ee41 4 0 88 90
2 0 63 48
.63f506e298ab2 1 0 62 64
.63f506e2a18c3 4 0 64 0
4 1 64 0
4 2 64 0
.63f506e2da68d 4 0 88 28
2 0 60 59
.63f506e329495 4 0 88 70
2 0 57 39
.63f506e354f24 1 0 60 64
.63f506e3803a6 4 0 64 127
4 1 64 127
4 2 64 127
.63f506e390739 4 0 88 127
2 0 66 42
.63f506e3b0071 1 0 63 64
.63f506e3b04ab 1 0 57 64
.63f506e3fab7d 1 0 66 64
.63f506e413adc 1 0 43 64
.63f506e4af9cb 4 0 88 104
2 0 43 32
.63f506e4b0a44 4 0 88 19
2 0 59 35
.63f506e4b323b 4 0 88 127
2 0 67 48
.63f506e4b6d0a 4 0 64 0
4 1 64 0
4 2 64 0
.63f506e4b848e 4 0 88 72
2 0 62 49
.63f506e7472a9 4 0 64 127
4 1 64 127
4 2 64 127
.63f506e77c289 1 0 59 64
.63f506e77f311 1 0 62 64
.63f506e783427 1 0 43 64
.63f506e7858d3 1 0 67 64
.63f506eff423e 4 0 64 0
4 1 64 0
4 2 64 0
.63f506f7cbf35 4 0 88 24
2 0 52 34
.63f506f80e9dc 4 0 64 127
4 1 64 127
4 2 64 127
.63f506f82684f 4 0 88 68
2 0 64 51
.63f506f8299aa 1 0 52 64
.63f506f8639ae 4 0 64 0
4 1 64 0
4 2 64 0
.63f506f864435 1 0 64 64
.63f506f867eb2 4 0 88 37
2 0 63 35
.63f506f86a97d 4 0 88 32
2 0 71 63
.63f506f89dbff 4 0 88 97
2 0 64 65
.63f506f8a1dee 1 0 63 64
.63f506f8cc895 4 0 88 24
2 0 56 44
.63f506f8ce9b9 4 0 88 98
2 0 76 83
.63f506f8cef55 1 0 64 64
.63f506f8d4586 1 0 71 64
.63f506f8fd1b9 4 0 88 22
2 0 64 58
.63f506f905aa1 1 0 56 64
.63f506f925c22 4 0 88 15
2 0 71 73
.63f506f92a27f 4 0 88 7
2 0 63 53
.63f506f92b7fc 1 0 64 64
.63f506f93a2e0 1 0 76 64
.63f506f95c9c0 4 0 88 96
2 0 64 68
.63f506f966388 1 0 63 64
.63f506f99418c 4 0 88 60
2 0 73 81
.63f506f994f40 1 0 64 64
.63f506f99582c 4 0 88 87
2 0 57 72
.63f506f99e854 1 0 71 64
.63f506f9c330c 4 0 88 73
2 0 64 56
.63f506f9cf7e8 1 0 57 64
.63f506f9f46be 4 0 88 67
2 0 66 60
.63f506f9f5eee 4 0 88 8
2 0 69 77
.63f506f9fb8e9 1 0 64 64
.63f506fa01e4e 1 0 73 64
.63f506fa1e2fd 1 0 66 64
.63f506fa1f45e 4 0 88 127
2 0 64 61
.63f506fa52ec7 4 0 88 2
2 0 63 56
4 0 88 88
2 0 66 70
.63f506fa57a0c 1 0 64 64
.63f506fa63c7a 1 0 69 64
.63f506fa82896 4 0 88 9
2 0 61 68
.63f506fa8d32f 1 0 63 64
.63f506faafc93 4 0 88 68
2 0 71 81
.63f506fab175b 4 0 88 28
2 0 59 84
.63f506fab475d 1 0 61 64
.63f506fabd69c 1 0 66 64
.63f506fadf5d7 4 0 88 112
2 0 57 82
.63f506fae6d3b 1 0 59 64
.63f506faf105b 4 0 64 127
4 1 64 127
4 2 64 127
.63f506fb0bf7d 4 0 88 12
2 0 56 75
.63f506fb0cc19 4 0 88 78
2 0 64 76
.63f506fb126a2 1 0 57 64
.63f506fb19a13 1 0 71 64
.63f506fb28480 1 0 64 64
.63f506fb28a0f 4 0 64 0
4 1 64 0
4 2 64 0
.63f506fb3834d 4 0 88 59
2 0 64 67
.63f506fb39901 1 0 56 64
.63f506fb69d7e 4 0 88 107
2 0 66 76
.63f506fb6c16f 4 0 88 2
2 0 63 56
.63f506fb6eec2 1 0 64 64
.63f506fb95e21 4 0 88 97
2 0 64 65
4 0 88 99
2 0 68 72
.63f506fb99d8c 1 0 63 64
.63f506fb9d6a6 1 0 66 64
.63f506fbc7432 4 0 88 45
2 0 69 87
.63f506fbc867c 4 0 88 88
2 0 61 70
.63f506fbca95d 1 0 64 64
.63f506fbce437 1 0 68 64
.63f506fbf1544 1 0 61 64
.63f506fbf3125 4 0 88 72
2 0 64 73
.63f506fc1bf1f 4 0 88 11
2 0 58 50
.63f506fc22a0a 1 0 64 64
.63f506fc23b33 4 0 88 81
2 0 68 69
.63f506fc31584 4 0 88 8
2 0 59 70
.63f506fc34d12 1 0 69 64
.63f506fc3fe8c 1 0 58 64
.63f506fc4f438 4 0 88 32
2 0 64 63
.63f506fc5b1d6 1 0 59 64
.63f506fc7f732 4 0 88 73
2 0 66 78
.63f506fc81253 4 0 88 20
2 0 57 89
.63f506fc86f2d 1 0 64 64
.63f506fc9102d 1 0 68 64
.63f506fca88f8 1 0 57 64
.63f506fca95ce 4 0 88 20
2 0 64 61
.63f506fcde788 4 0 88 3
2 0 56 67
.63f506fcded64 4 0 88 20
2 0 71 89
.63f506fce7192 1 0 66 64
.63f506fce75bb 1 0 64 64
.63f506fd0c902 1 0 56 64
4 0 88 113
2 0 64 67
.63f506fd3d000 4 0 88 3
2 0 54 67
.63f506fd3e536 4 0 88 1
2 0 69 86
.63f506fd3fcaf 1 0 64 64
.63f506fd554d1 1 0 71 64
.63f506fd6c9b4 4 0 88 15
2 0 64 73
.63f506fd70693 1 0 54 64
.63f506fd97fe5 1 0 64 64
.63f506fd9d28b 4 0 88 127
2 0 68 77
.63f506fd9f703 4 0 88 55
2 0 52 74
.63f506fdafb50 1 0 69 64
.63f506fdca6ee 1 0 52 64
.63f506fdcca82 4 0 88 78
2 0 64 66
.63f506fdf6b83 1 0 64 64
.63f506fdf8b89 4 0 88 46
2 0 66 73
.63f506fdf99b3 4 0 88 89
2 0 63 54
.63f506fe060c1 1 0 68 64
.63f506fe2a59a 4 0 88 95
2 0 71 79
.63f506fe3409f 1 0 66 64
.63f506fe58a33 4 0 88 25
2 0 70 83
.63f506fe5a39f 4 0 88 93
2 0 54 71
.63f506fe65c57 1 0 71 64
.63f506fe673e7 1 0 63 64
.63f506fe85232 4 0 88 122
2 0 71 77
.63f506fe9700a 1 0 70 64
.63f506feb3ce2 4 0 88 6
2 0 63 82
4 0 88 28
2 0 59 84
.63f506feb984b 1 0 71 64
.63f506febce24 1 0 54 64
.63f506fee13cf 4 0 88 55
2 0 71 74
.63f506fee3147 1 0 63 64
.63f506ff0ceea 4 0 88 12
2 0 70 75
.63f506ff11f54 4 0 88 33
2 0 54 72
.63f506ff12277 1 0 59 64
.63f506ff18da7 1 0 71 64
.63f506ff3b23f 4 0 88 51
2 0 71 78
.63f506ff4a67a 1 0 70 64
.63f506ff6fe0c 4 0 88 111
2 0 64 74
4 0 88 113
2 0 56 63
.63f506ff70354 1 0 54 64
.63f506ff7aefc 1 0 71 64
.63f506ff9ccc5 4 0 88 28
2 0 71 84
.63f506ffa6dc6 1 0 64 64
.63f506ffc8f60 4 0 88 80
2 0 73 82
.63f506ffce4f8 4 0 88 15
2 0 52 73
.63f506ffd091c 1 0 56 64
.63f506ffd3803 1 0 71 64
.63f506fffa3f6 4 0 88 96
2 0 71 68
.63f507001936f 1 0 73 64
.63f5070026e9b 4 0 88 73
2 0 70 78
.63f507002aae5 4 0 88 21
2 0 49 70
.63f507002e1de 1 0 52 64
.63f5070035d34 1 0 71 64
.63f5070055c36 4 0 88 19
2 0 68 79
.63f5070062ecc 1 0 70 64
.63f5070082e6d 4 0 88 33
2 0 54 72
.63f5070083e8f 4 0 88 19
2 0 66 79
.63f5070088bdb 1 0 49 64
.63f50700896bf 1 0 68 64
.63f50700ae91a 4 0 88 24
2 0 64 69
.63f50700b4f7c 1 0 66 64
.63f50700dbea4 1 0 54 64
.63f50700dc471 4 0 88 20
2 0 63 86
.63f50700ddbf9 4 0 88 11
2 0 47 81
.63f50700e6f8f 1 0 64 64
.63f507010859b 1 0 63 64
.63f507010a6f5 4 0 88 122
2 0 71 90
.63f5070133321 4 0 88 43
2 0 49 87
.63f507013ab6a 4 0 88 25
2 0 70 83
.63f50701419df 1 0 47 64
.63f507014b6e8 1 0 71 64
.63f507016206b 4 0 88 6
2 0 51 82
.63f507016402c 4 0 88 98
2 0 71 83
.63f5070170e17 1 0 49 64
.63f507018ae7a 1 0 70 64
.63f50701974c8 4 0 88 88
2 0 68 70
.63f5070197c68 4 0 88 122
2 0 52 77
.63f507019ef0c 1 0 51 64
.63f50701a221e 1 0 71 64
.63f50701c0cc3 4 0 88 11
2 0 71 81
.63f50701c8eaf 1 0 68 64
.63f50701f265d 4 0 88 12
2 0 66 75
.63f50701f6fd4 4 0 88 40
2 0 51 80
.63f50701fd063 1 0 71 64
.63f50702098fc 1 0 52 64
.63f507021db31 4 0 88 122
2 0 71 77
.63f507022f2e1 1 0 66 64
.63f507024dc32 4 0 88 23
2 0 64 76
.63f507024eb89 4 0 88 127
2 0 49 77
.63f5070255d21 1 0 71 64
.63f50702583ca 1 0 51 64
.63f5070277f95 4 0 88 109
2 0 71 78
.63f507027bb0f 1 0 64 64
.63f50702a404e 4 0 88 10
2 0 54 60
.63f50702a6e44 4 0 88 43
2 0 63 87
.63f50702ad68b 1 0 71 64
.63f50702ae2fb 1 0 49 64
.63f50702d4bc3 4 0 88 97
2 0 71 92
.63f50702d7406 1 0 63 64
.63f50702fddd0 4 0 88 119
2 0 61 87
.63f507030046e 4 0 88 122
2 0 52 77
.63f5070305aa9 1 0 54 64
.63f507030935f 1 0 71 64
.63f507032f6e7 4 0 88 39
2 0 71 92
.63f50703300d7 1 0 61 64
.63f507035a684 1 0 71 64
.63f507035b4dc 4 0 88 70
2 0 59 85
.63f5070362ace 4 0 88 127
2 0 51 77
.63f5070377a22 1 0 52 64
.63f5070382d4f 1 0 59 64
.63f5070383d7d 4 0 88 110
2 0 71 91
.63f50703b7ac8 4 0 88 66
2 0 70 74
.63f50703b8a9d 4 0 88 88
2 0 49 70
.63f50703b9bb9 1 0 71 64
.63f50703bcc01 1 0 51 64
.63f50703e4484 4 0 88 76
2 0 54 68
.63f50703ea744 1 0 49 64
.63f5070413047 4 0 88 17
2 0 73 55
.63f50704172ad 4 0 88 58
2 0 52 86
.63f507041a140 1 0 54 64
.63f507041cdbb 1 0 70 64
.63f5070442cf6 4 0 88 6
2 0 54 82
.63f507044c6e9 1 0 52 64
.63f507046e11f 4 0 88 10
2 0 78 60
.63f5070471d2b 1 0 73 64
.63f5070473aa9 4 0 88 87
2 0 51 75
.63f5070477c7c 1 0 54 64
.63f507049f745 4 0 88 73
2 0 54 78
.63f50704ad687 1 0 51 64
.63f50704cc2ad 4 0 88 33
2 0 73 72
.63f50704cf6d1 4 0 88 70
2 0 52 85
.63f50704cfa47 1 0 54 64
.63f50704ddc3e 1 0 78 64
.63f50704f7f4a 4 0 88 93
2 0 54 79
.63f50705084b9 1 0 52 64
.63f5070526c08 1 0 54 64
.63f50705283e0 4 0 88 72
2 0 75 85
.63f5070529787 4 0 88 122
2 0 48 90
.63f507052fc69 1 0 73 64
.63f507055a4aa 4 0 88 119
2 0 54 64
.63f507055e327 1 0 48 64
.63f5070583f24 4 0 88 114
2 0 56 80
.63f507058780c 4 0 88 55
2 0 72 74
.63f5070591acb 1 0 54 64
.63f507059d5f5 1 0 75 64
.63f50705b4cac 4 0 88 73
2 0 54 78
.63f50705c0f74 1 0 56 64
.63f50705df899 4 0 88 98
2 0 52 83
.63f50705e4275 1 0 54 64
.63f50705e5113 4 0 88 120
2 0 68 73
.63f50705f01c6 1 0 72 64
.63f5070613841 4 0 88 48
2 0 51 84
.63f507061e23f 1 0 52 64
.63f5070642720 4 0 88 93
2 0 78 71
4 0 88 62
2 0 49 91
.63f5070649a13 1 0 68 64
.63f507064ecef 1 0 51 64
.63f507066bdeb 4 0 88 2
2 0 48 95
.63f507066db8b 1 0 49 64
.63f507069f21f 4 0 88 38
2 0 76 79
.63f507069f71b 4 0 88 88
2 0 49 70
.63f50706a73c3 1 0 78 64
.63f50706ad93c 1 0 48 64
.63f50706ce060 4 0 88 78
2 0 81 89
.63f50706d5da5 1 0 76 64
.63f50706fb906 4 0 88 33
2 0 80 76
.63f5070701524 4 0 88 118
2 0 52 95
.63f5070707964 1 0 81 64
.63f5070710396 1 0 49 64
.63f507072c068 4 0 88 7
2 0 81 90
.63f50707330ca 1 0 80 64
.63f507075c41d 4 0 88 96
2 0 78 86
.63f507075f3b1 4 0 88 84
2 0 57 93
.63f5070763a48 1 0 81 64
.63f5070764313 1 0 52 64
.63f50707852b0 4 0 88 58
2 0 81 86
.63f507078ba6d 1 0 78 64
.63f50707b3a24 4 0 88 60
2 0 80 81
.63f50707ba209 4 0 88 24
2 0 52 98
.63f50707bd21f 1 0 57 64
.63f50707bdb67 1 0 81 64
.63f50707e0a8d 4 0 88 51
2 0 81 78
.63f50707edd1e 1 0 80 64
.63f507080d693 4 0 88 33
2 0 75 76
.63f507081113e 1 0 81 64
4 0 88 6
2 0 54 82
.63f507081d81b 1 0 52 64
.63f507083c162 4 0 88 98
2 0 81 83
.63f50708403e8 1 0 75 64
.63f507086a1fc 4 0 88 14
2 0 83 94
.63f507086a680 4 0 88 33
2 0 51 76
.63f507086d438 1 0 81 64
.63f5070874bbc 1 0 54 64
.63f5070897638 4 0 88 103
2 0 81 87
.63f50708b5819 1 0 83 64
.63f50708c3813 4 0 88 96
2 0 80 86
.63f50708c5ecb 4 0 88 98
2 0 47 83
.63f50708d174a 1 0 51 64
.63f50708d781f 1 0 81 64
.63f50708f7065 4 0 88 114
2 0 78 90
.63f5070910243 1 0 80 64
.63f5070923052 4 0 88 45
2 0 76 87
.63f5070926ac5 1 0 78 64
.63f507092765d 4 0 88 94
2 0 57 97
.63f507092bc3e 1 0 47 64
.63f5070951357 4 0 88 66
2 0 75 88
.63f5070963cff 1 0 76 64
.63f50709819cd 4 0 88 44
2 0 76 65
4 0 88 127
2 0 56 77
.63f5070986085 1 0 57 64
.63f5070989766 1 0 75 64
.63f50709b16db 4 0 88 37
2 0 52 97
.63f50709b5ee2 1 0 56 64
.63f50709e12cb 4 0 88 93
2 0 51 79
.63f50709e2e2b 4 0 88 4
2 0 71 67
.63f50709e6a4e 1 0 52 64
.63f50709f570d 1 0 76 64
.63f5070a10982 4 0 88 59
2 0 52 100
.63f5070a15d1a 1 0 51 64
.63f5070a3e89e 4 0 88 122
2 0 76 90
.63f5070a4215a 1 0 71 64
.63f5070a44b12 4 0 88 43
2 0 49 87
.63f5070a4a307 1 0 52 64
.63f5070a71601 4 0 88 87
2 0 52 103
.63f5070a75874 1 0 49 64
.63f5070a9e452 4 0 88 24
2 0 71 80
.63f5070a9f319 1 0 52 64
.63f5070a9fb20 4 0 88 73
2 0 51 78
.63f5070ab01ae 1 0 76 64
.63f5070acf650 4 0 88 78
2 0 52 89
.63f5070add6c2 1 0 51 64
.63f5070afe96b 4 0 88 60
2 0 45 95
.63f5070b000da 4 0 88 14
2 0 73 89
.63f5070b05855 1 0 52 64
.63f5070b0af87 1 0 71 64
.63f5070b318a7 4 0 88 90
2 0 52 88
.63f5070b40399 1 0 45 64
.63f5070b5c9e8 4 0 88 40
2 0 54 80
.63f5070b5d2d3 4 0 88 78
2 0 69 89
.63f5070b6651f 1 0 52 64
.63f5070b6a250 1 0 73 64
.63f5070b8a9cb 4 0 88 14
2 0 52 94
.63f5070b8fe04 1 0 54 64
.63f5070bb7549 4 0 88 53
2 0 51 77
.63f5070bbe532 4 0 88 40
2 0 66 80
.63f5070bbef6a 1 0 52 64
.63f5070bcf56d 1 0 69 64
.63f5070be3b20 4 0 88 20
2 0 49 86
.63f5070bef252 1 0 51 64
.63f5070c0f2a3 4 0 88 37
2 0 47 97
.63f5070c13330 1 0 49 64
.63f5070c14dcf 4 0 88 85
2 0 71 84
.63f5070c2214a 1 0 66 64
.63f5070c3d765 4 0 88 28
2 0 45 84
.63f5070c4771b 1 0 47 64
.63f5070c68871 4 0 88 19
2 0 44 79
.63f5070c6e071 1 0 45 64
.63f5070c6f973 4 0 88 45
2 0 64 87
.63f5070c8abc2 1 0 71 64
.63f5070c9f275 4 0 88 55
2 0 52 82
.63f5070ca64de 1 0 44 64
.63f5070cce786 4 0 88 85
2 0 66 92
.63f5070ccf8c6 4 0 88 6
2 0 51 82
.63f5070cd705a 1 0 52 64
.63f5070cd96f9 1 0 64 64
.63f5070cfb06e 4 0 88 85
2 0 52 84
.63f5070cfde8a 4 0 88 33
2 0 68 93
.63f5070d00060 1 0 51 64
.63f5070d0b196 1 0 66 64
.63f5070d2a20a 4 0 88 118
2 0 69 95
.63f5070d2bed4 4 0 88 48
2 0 49 84
.63f5070d2fdec 1 0 52 64
.63f5070d313b3 1 0 68 64
.63f5070d58929 4 0 88 37
2 0 52 97
.63f5070d5cb3b 1 0 49 64
.63f5070d84e84 4 0 88 95
2 0 47 79
.63f5070d87884 1 0 52 64
.63f5070d89d18 4 0 88 48
2 0 68 84
.63f5070d96b90 1 0 69 64
.63f5070dbab79 4 0 88 78
2 0 52 89
.63f5070dbec8b 1 0 47 64
.63f5070deb43d 4 0 88 85
2 0 66 92
.63f5070ded51e 4 0 88 65
2 0 45 90
.63f5070df1b23 1 0 52 64
.63f5070dfb16a 1 0 68 64
.63f5070e1949b 4 0 88 2
2 0 52 95
1 0 45 64
.63f5070e45182 4 0 88 84
2 0 71 93
.63f5070e4888e 4 0 88 88
2 0 44 70
.63f5070e4d4cb 1 0 66 64
.63f5070e4f801 1 0 52 64
.63f5070e776df 4 0 88 110
2 0 52 91
.63f5070e78ee3 1 0 44 64
.63f5070ea1fed 4 0 88 53
2 0 42 77
.63f5070ea3e4c 4 0 88 39
2 0 69 92
.63f5070ea7f96 1 0 52 64
.63f5070ebbe8f 1 0 71 64
.63f5070ed1d44 4 0 88 112
2 0 52 82
.63f5070ed44d0 1 0 42 64
.63f5070f00bde 4 0 88 125
2 0 68 84
.63f5070f06bef 4 0 88 53
2 0 40 91
.63f5070f072c8 1 0 52 64
.63f5070f1028d 1 0 69 64
.63f5070f2fb9b 4 0 88 14
2 0 52 94
.63f5070f30ec5 1 0 40 64
.63f5070f6578e 4 0 88 96
2 0 66 86
.63f5070f66284 4 0 88 72
2 0 51 85
.63f5070f6d02f 1 0 52 64
.63f5070f739eb 1 0 68 64
.63f5070fe41a3 1 0 66 64
.63f5070feeb6c 4 0 64 127
4 1 64 127
4 2 64 127
.63f5070ff7972 4 0 88 76
2 0 66 68
.63f5071024583 1 0 66 64
.63f5071034627 1 0 51 64
.63f5071038755 4 0 88 65
2 0 47 90
.63f507103cab1 4 0 88 33
2 0 66 76
.63f5071043b24 4 0 64 0
4 1 64 0
4 2 64 0
.63f5071069f84 4 0 88 100
2 0 51 83
.63f5071074f26 1 0 47 64
.63f5071080ee6 1 0 66 64
.63f5071095014 4 0 88 33
2 0 66 76
.63f5071097469 1 0 51 64
.63f5071098cb9 4 0 88 107
2 0 47 96
.63f50710c2b12 4 0 88 40
2 0 51 80
.63f50710d5aec 1 0 47 64
.63f50710eeb9e 4 0 88 70
2 0 64 85
.63f50710f21de 4 0 88 91
2 0 49 89
.63f50710f3e94 1 0 66 64
.63f50710f7b50 1 0 51 64
.63f507111d58b 4 0 88 93
2 0 51 79
.63f507111df94 4 0 88 66
2 0 66 88
.63f507112929c 1 0 49 64
.63f5071130425 1 0 64 64
.63f507114ab64 4 0 88 33
2 0 52 88
.63f50711502ea 4 0 88 57
2 0 68 94
.63f50711571e7 1 0 51 64
.63f507115a338 1 0 66 64
.63f507117a6f8 1 0 52 64
.63f507117d600 4 0 88 39
2 0 47 75
.63f50711a9746 4 0 88 48
2 0 54 84
.63f50711ac641 4 0 88 114
2 0 66 90
.63f50711b710e 1 0 47 64
.63f50711bc728 1 0 68 64
.63f50711d8eb9 1 0 54 64
.63f50711da2d6 4 0 88 33
2 0 47 88
.63f5071203bed 4 0 88 119
2 0 56 64
.63f507120cef2 4 0 88 97
2 0 64 92
.63f5071210df7 1 0 47 64
.63f5071215030 1 0 66 64
.63f5071236d07 1 0 56 64
.63f50712382a6 4 0 88 24
2 0 47 98
.63f507126893e 4 0 88 66
2 0 58 88
.63f507126c1a1 4 0 88 37
2 0 71 97
.63f50712750b1 1 0 64 64
.63f50712b26a9 1 0 71 64
.63f50712c55d4 4 0 64 127
4 1 64 127
4 2 64 127
.63f50712c995c 1 0 58 64
.63f50712e20bb 4 0 88 33
2 0 73 76
.63f5071334d48 1 0 73 64
.63f5071344830 1 0 47 64
.63f50713598de 4 0 88 11
2 0 47 81
.63f5071362a07 4 0 88 27
2 0 76 93
.63f507136c65b 4 0 64 0
4 1 64 0
4 2 64 0
.63f5071382245 4 0 88 60
2 0 58 81
.63f507139ea8c 1 0 76 64
.63f50713a2d0b 1 0 47 64
.63f50713b4e54 4 0 88 94
2 0 76 97
.63f50713d006a 4 0 64 127
4 1 64 127
4 2 64 127
.63f50713eeedc 1 0 58 64
.63f50713ef17e 4 0 88 18
2 0 47 104
.63f50713fedfd 4 0 64 0
4 1 64 0
4 2 64 0
.63f5071426f18 1 0 47 64
.63f507142888d 4 0 88 37
2 0 59 97
.63f507142d969 4 0 88 125
2 0 75 84
.63f5071433b1d 1 0 76 64
.63f507148eb8f 1 0 75 64
.63f507149a829 4 0 88 85
2 0 75 95
.63f50714bd5a3 4 0 64 127
4 1 64 127
4 2 64 127
.63f50714d2361 4 0 88 14
2 0 73 89
.63f50714db297 1 0 75 64
.63f5071505da1 4 0 88 66
2 0 56 74
.63f5071508e79 4 0 88 25
2 0 75 83
.63f507150c717 4 0 64 0
4 1 64 0
4 2 64 0
.63f507151061c 1 0 73 64
.63f5071512fa9 1 0 59 64
.63f50715399b5 4 0 88 39
2 0 76 92
.63f507153b0da 1 0 75 64
.63f50715700ee 4 0 88 20
2 0 78 86
.63f50715706e9 1 0 76 64
.63f507157278a 4 0 88 69
2 0 51 67
.63f5071588873 1 0 56 64
.63f507159b56e 4 0 88 58
2 0 76 86
.63f50715a0568 1 0 78 64
.63f50715cc7f9 4 0 88 100
2 0 80 83
.63f50715cfd5b 1 0 76 64
.63f50715d6a15 4 0 88 41
2 0 47 83
.63f50715e3508 1 0 51 64
.63f5071600865 4 0 88 48
2 0 78 84
.63f5071622c5d 1 0 80 64
.63f507162e8a9 4 0 88 85
2 0 76 84
.63f5071632b10 1 0 78 64
.63f50716350c9 4 0 88 62
2 0 54 91
.63f50716394fe 1 0 47 64
.63f507165b65a 4 0 88 20
2 0 75 86
.63f507166346a 4 0 64 127
4 1 64 127
4 2 64 127
.63f5071668c47 1 0 76 64
.63f507167a515 1 0 75 64
.63f5071681714 4 0 88 81
2 0 42 69
.63f5071684265 1 0 54 64
.63f507168bf43 4 0 88 87
2 0 75 75
.63f507168f361 4 0 64 0
4 1 64 0
4 2 64 0
.63f507169d96f 4 0 88 80
2 0 73 82
.63f50716af162 1 0 75 64
.63f50716b7a6b 4 0 88 70
2 0 71 85
.63f50716be656 1 0 73 64
.63f50716ddc96 1 0 71 64
.63f50716e9a6a 4 0 88 15
2 0 47 73
.63f50716ebc9c 1 0 42 64
.63f50716ee7c7 4 0 88 32
2 0 71 72
.63f507172511f 4 0 88 21
2 0 66 70
.63f5071754bc0 4 0 88 58
2 0 63 61
.63f507178431e 4 0 88 74
2 0 59 61
.63f50717bd646 4 0 88 51
2 0 35 78
.63f50717c1194 1 0 47 64
.63f50717f4b95 4 0 64 127
4 1 64 127
4 2 64 127
.63f5071811097 1 0 35 64
.63f50718272c4 1 0 59 64
.63f507183e42b 1 0 63 64
.63f5071859ff7 1 0 66 64
.63f50718c1cfc 4 0 64 0
4 1 64 0
4 2 64 0
.63f50718d4e2b 4 0 88 20
2 0 52 61
.63f50718e1ffc 4 0 64 127
4 1 64 127
4 2 64 127
.63f5071909eb7 1 0 71 64
.63f507191739c 1 0 52 64
.63f507191e5bd 4 0 88 28
2 0 64 59
.63f50719558da 1 0 64 64
.63f5071959266 4 0 88 90
2 0 63 48
.63f5071960c35 4 0 88 8
2 0 71 77
.63f5071989443 4 0 88 118
2 0 64 64
.63f507198ba74 1 0 63 64
.63f50719b7eff 4 0 64 0
4 1 64 0
4 2 64 0
.63f50719bb135 4 0 88 0
2 0 76 100
.63f50719bc94d 4 0 88 9
2 0 56 68
.63f50719c11fc 1 0 64 64
.63f50719c5cf5 1 0 71 64
.63f50719eaf6c 4 0 88 39
2 0 64 75
.63f50719fe476 4 0 64 127
4 1 64 127
4 2 64 127
.63f5071a02691 1 0 56 64
.63f5071a14698 4 0 88 78
2 0 71 76
.63f5071a17d46 4 0 88 52
2 0 63 64
.63f5071a188a9 1 0 64 64
.63f5071a27382 1 0 76 64
.63f5071a43af6 4 0 88 112
2 0 64 82
.63f5071a4eede 1 0 63 64
.63f5071a7085e 4 0 64 0
4 1 64 0
4 2 64 0
.63f5071a722ef 4 0 88 96
2 0 73 86
.63f5071a74714 4 0 88 90
2 0 57 88
.63f5071a76c96 1 0 64 64
.63f5071a7d31a 1 0 71 64
.63f5071aa0f56 4 0 88 82
2 0 64 80
.63f5071ab37ec 1 0 57 64
.63f5071ad0222 4 0 88 80
2 0 66 82
.63f5071ad0bc2 4 0 88 122
2 0 69 77
.63f5071ad986e 1 0 64 64
.63f5071ade256 1 0 73 64
.63f5071afba00 4 0 88 78
2 0 64 66
1 0 66 64
.63f5071b29215 4 0 64 127
4 1 64 127
4 2 64 127
.63f5071b2b7bd 4 0 88 3
2 0 63 67
.63f5071b2db26 4 0 88 88
2 0 66 70
.63f5071b336b2 1 0 64 64
.63f5071b413b6 1 0 69 64
.63f5071b5ae10 4 0 88 19
2 0 61 79
.63f5071b65e3f 1 0 63 64
.63f5071b7838d 4 0 64 0
4 1 64 0
4 2 64 0
.63f5071b86298 4 0 88 110
2 0 59 91
.63f5071b8782d 4 0 88 65
2 0 71 90
.63f5071b8a41d 1 0 61 64
.63f5071b9182e 1 0 66 64
.63f5071bb3956 4 0 88 70
2 0 57 85
.63f5071bbbb5f 1 0 59 64
.63f5071bc75cf 4 0 64 127
4 1 64 127
4 2 64 127
.63f5071bde280 4 0 88 120
2 0 56 73
.63f5071be05e3 4 0 88 98
2 0 64 83
.63f5071be6e00 1 0 57 64
.63f5071bedd2c 1 0 71 64
.63f5071bfc17f 1 0 64 64
.63f5071c01e97 4 0 64 0
4 1 64 0
4 2 64 0
.63f5071c0d106 4 0 88 23
2 0 64 76
.63f5071c11b20 1 0 56 64
.63f5071c3d195 4 0 88 72
2 0 66 85
.63f5071c3d7a9 4 0 88 19
2 0 63 79
.63f5071c43cde 1 0 64 64
.63f5071c664f1 4 0 88 125
2 0 68 84
.63f5071c6a426 4 0 88 122
2 0 64 90
.63f5071c6b914 1 0 66 64
.63f5071c715ce 1 0 63 64
.63f5071c989ce 4 0 88 46
2 0 61 73
.63f5071c9f67c 4 0 88 65
2 0 69 90
.63f5071ca1325 1 0 64 64
.63f5071caa612 1 0 68 64
.63f5071ccc8cf 4 0 88 116
2 0 64 86
.63f5071cd079c 1 0 61 64
.63f5071cf9cf2 4 0 88 113
2 0 59 67
.63f5071cfccf3 4 0 88 6
2 0 68 82
.63f5071cfe8e7 1 0 64 64
.63f5071d1053a 1 0 69 64
.63f5071d2b977 4 0 88 51
2 0 64 78
.63f5071d2f669 1 0 59 64
.63f5071d569dd 4 0 88 125
2 0 66 84
.63f5071d5d282 4 0 88 7
2 0 57 90
.63f5071d618a7 4 0 64 127
4 1 64 127
4 2 64 127
.63f5071d61c04 1 0 64 64
.63f5071d6ab41 1 0 68 64
.63f5071d89de0 4 0 88 45
2 0 64 87
.63f5071d8a7b9 1 0 57 64
.63f5071da209d 4 0 64 0
4 1 64 0
4 2 64 0
.63f5071db1672 4 0 88 27
2 0 71 93
.63f5071db705c 4 0 88 14
2 0 56 69
.63f5071dbb937 1 0 66 64
.63f5071dbd261 1 0 64 64
.63f5071de0920 4 0 88 78
2 0 64 66
.63f5071de6c31 1 0 56 64
.63f5071e138e3 4 0 88 7
2 0 69 90
.63f5071e144c9 4 0 88 93
2 0 54 71
.63f5071e17513 1 0 64 64
.63f5071e25e49 1 0 71 64
.63f5071e4184a 4 0 88 51
2 0 64 78
.63f5071e48cbc 1 0 54 64
.63f5071e6daa2 1 0 64 64
.63f5071e6dde9 4 0 88 40
2 0 68 80
.63f5071e72c7c 4 0 88 58
2 0 52 86
.63f5071e7c736 1 0 69 64
.63f5071e9a26d 1 0 52 64
.63f5071e9c486 4 0 88 111
2 0 64 58
.63f5071eca6af 1 0 64 64
.63f5071ecbd44 4 0 88 120
2 0 66 73
.63f5071ecd7f7 4 0 88 93
2 0 63 71
.63f5071ed86f7 1 0 68 64
.63f5071efdf22 4 0 88 7
2 0 71 90
.63f5071f05c95 1 0 66 64
.63f5071f29b41 4 0 88 100
2 0 70 83
.63f5071f2a0aa 4 0 88 99
2 0 54 72
.63f5071f35b87 1 0 63 64
.63f5071f3a486 1 0 71 64
.63f5071f53a0a 4 0 88 8
2 0 71 77
.63f5071f62847 1 0 70 64
.63f5071f88c5d 4 0 88 66
2 0 63 88
.63f5071f8a1f7 4 0 88 24
2 0 59 80
.63f5071f9116b 1 0 71 64
.63f5071f930ff 1 0 54 64
.63f5071fb5879 4 0 88 39
2 0 71 92
.63f5071fb8593 1 0 63 64
.63f5071fe0bd1 1 0 59 64
.63f5071fe283f 4 0 88 25
2 0 70 83
.63f5071fe5bc3 4 0 88 73
2 0 54 78
.63f5071fec80f 1 0 71 64
.63f507200e3b7 4 0 88 45
2 0 71 87
.63f507201e0d3 1 0 70 64
.63f507203f5df 4 0 88 24
2 0 64 69
.63f5072041880 4 0 88 87
2 0 56 75
.63f507204660a 1 0 54 64
.63f5072047385 1 0 71 64
.63f50720682e3 4 0 88 81
2 0 70 9
.63f507206bdd4 4 0 88 13
2 0 71 85
.63f507207864b 1 0 64 64
.63f50720921b7 1 0 70 64
.63f5072098ece 4 0 88 72
2 0 73 85
.63f507209dfa9 4 0 88 39
2 0 52 92
.63f50720a1bda 1 0 71 64
.63f50720a34ab 1 0 56 64
.63f50720c8d29 4 0 88 74
2 0 71 61
.63f50720cb008 4 0 88 64
2 0 72 70
.63f50720e21bd 1 0 73 64
.63f50720f12d8 4 0 88 107
2 0 49 76
.63f50720f1e5a 4 0 88 53
2 0 70 77
.63f50720f464b 1 0 72 64
.63f50720f59f4 1 0 52 64
.63f50720fd64e 1 0 71 64
.63f507211d7f7 4 0 88 6
2 0 68 82
.63f507212c4b7 1 0 70 64
.63f507214e978 4 0 88 125
2 0 54 84
4 0 88 62
2 0 66 91
.63f5072152d6f 1 0 68 64
.63f5072155577 1 0 49 64
.63f507217a82b 4 0 88 23
2 0 64 76
.63f5072180836 1 0 66 64
.63f50721a51a5 4 0 88 72
2 0 63 85
.63f50721aae56 1 0 54 64
.63f50721adc89 4 0 88 109
2 0 47 78
.63f50721b06fa 4 0 88 81
2 0 46 46
.63f50721b1182 1 0 64 64
.63f50721bebc9 1 0 46 64
.63f50721cd3b9 1 0 63 64
.63f50721d1dc4 4 0 88 90
2 0 71 88
.63f50721fbd8b 4 0 88 72
2 0 49 85
.63f5072201b25 4 0 88 48
2 0 70 84
.63f507220d171 1 0 47 64
.63f5072213081 1 0 71 64
.63f50722290cb 4 0 88 24
2 0 71 80
.63f507222cf20 4 0 88 48
2 0 51 84
.63f507223bb12 1 0 49 64
.63f507223f1d7 1 0 70 64
.63f507225cae9 4 0 88 95
2 0 52 79
.63f507225d05a 4 0 88 127
2 0 68 77
.63f50722665f2 1 0 51 64
.63f5072267326 1 0 71 64
.63f507228a130 4 0 88 122
2 0 71 90
.63f5072297e61 1 0 68 64
.63f50722b4af3 4 0 88 64
2 0 51 66
.63f50722b6bd7 4 0 88 12
2 0 66 75
.63f50722c7dc6 1 0 52 64
.63f50722c8de2 1 0 71 64
.63f50722e05bd 4 0 88 46
2 0 71 52
.63f50722f2cab 1 0 66 64
.63f507230c649 4 0 88 6
2 0 49 82
.63f507230fdbf 4 0 88 125
2 0 64 81
.63f50723156a7 1 0 51 64
.63f50723166ad 1 0 71 64
.63f507233b972 4 0 88 39
2 0 71 92
.63f5072340012 1 0 64 64
.63f50723695fa 4 0 88 20
2 0 63 86
.63f507236c417 4 0 88 25
2 0 54 83
.63f507237113d 1 0 71 64
.63f5072372982 1 0 49 64
.63f5072394952 4 0 88 85
2 0 71 84
.63f507239db6c 1 0 63 64
.63f50723c505b 4 0 88 70
2 0 52 85
.63f50723c5a17 4 0 88 14
2 0 61 89
.63f50723cf524 1 0 54 64
.63f50723d3585 1 0 71 64
.63f50723f3c2b 4 0 88 7
2 0 71 90
.63f50723f6ac4 1 0 61 64
.63f507241f15c 4 0 88 118
2 0 59 95
.63f5072420ba4 1 0 71 64
.63f5072426576 4 0 88 19
2 0 51 79
.63f5072439fd3 1 0 52 64
.63f507244a940 4 0 88 45
2 0 71 87
.63f507244f5a2 1 0 59 64
.63f50724567f0 4 0 88 111
2 0 69 27
.63f507246ae77 1 0 69 64
.63f507247d207 1 0 71 64
.63f507247d80c 4 0 88 99
2 0 70 72
.63f507247df3a 4 0 88 69
2 0 49 67
.63f507247fbca 1 0 51 64
.63f50724a8cd9 4 0 88 33
2 0 54 72
.63f50724aab1a 1 0 49 64
.63f50724db15d 4 0 88 74
2 0 73 55
.63f50724dbb86 4 0 88 41
2 0 52 83
.63f50724dd885 1 0 54 64
.63f50724e5cbb 1 0 70 64
.63f5072506643 4 0 88 39
2 0 54 90
.63f507250f987 1 0 52 64
.63f5072534ef5 4 0 88 107
2 0 78 76
.63f5072536d01 4 0 88 114
2 0 51 80
.63f507253a72c 1 0 54 64
.63f507253be62 1 0 73 64
.63f50725616ea 4 0 88 53
2 0 54 77
.63f507256b5a3 1 0 51 64
.63f507259093c 4 0 88 40
2 0 73 80
.63f5072593d33 4 0 88 95
2 0 52 79
.63f50725958f1 1 0 54 64
.63f50725a08fb 1 0 78 64
.63f50725bc8e7 4 0 88 39
2 0 54 90
.63f50725c92b0 1 0 52 64
.63f50725e5b91 1 0 54 64
.63f50725eb5b2 4 0 88 107
2 0 48 96
.63f50725ebe03 4 0 88 96
2 0 75 86
.63f50725f3038 1 0 73 64
.63f507261cd9f 4 0 88 114
2 0 54 80
.63f507261dd00 1 0 48 64
.63f5072645826 4 0 88 93
2 0 56 79
.63f507264a438 4 0 88 51
2 0 72 78
.63f507265121a 1 0 54 64
.63f507265d677 1 0 75 64
.63f5072671fab 4 0 88 14
2 0 54 69
.63f507267ecbf 1 0 56 64
.63f507269f280 4 0 88 84
2 0 52 93
.63f50726a3f3b 4 0 88 114
2 0 68 80
1 0 54 64
.63f50726ad20b 1 0 72 64
.63f50726d09f9 4 0 88 114
2 0 51 80
.63f50726dbe33 1 0 52 64
.63f50726fb3ba 4 0 88 91
2 0 49 89
.63f50726fbde8 4 0 88 60
2 0 78 81
.63f5072706f15 1 0 68 64
.63f507270732b 1 0 51 64
.63f507272a415 4 0 88 48
2 0 48 96
.63f507272c51e 1 0 49 64
.63f507275bdba 4 0 88 82
2 0 76 80
.63f507276020b 1 0 78 64
.63f5072764cf4 4 0 88 114
2 0 49 80
.63f5072772ff4 1 0 48 64
.63f507278eae5 4 0 88 53
2 0 81 91
.63f50727989b0 1 0 76 64
.63f50727bd658 4 0 88 25
2 0 80 83
.63f50727c1ca8 4 0 88 65
2 0 52 90
.63f50727c9b61 1 0 81 64
.63f50727d5683 1 0 49 64
.63f50727ea178 4 0 88 1
2 0 81 86
.63f50727f3434 1 0 80 64
.63f5072819c07 4 0 88 118
2 0 57 95
.63f507281bd6c 4 0 88 43
2 0 78 87
.63f5072820c6a 1 0 52 64
.63f50728249c0 1 0 81 64
.63f50728454e4 4 0 88 45
2 0 81 87
.63f507284e299 1 0 78 64
.63f50728702c6 4 0 88 43
2 0 80 87
.63f5072875d75 4 0 88 24
2 0 52 98
.63f5072876223 1 0 57 64
.63f5072877f37 1 0 81 64
.63f507289ca7a 4 0 88 14
2 0 81 94
.63f50728a6f36 1 0 80 64
.63f50728c9db6 4 0 88 80
2 0 75 82
.63f50728cd25f 4 0 88 119
2 0 54 87
.63f50728d24eb 1 0 81 64
.63f50728d82da 1 0 52 64
.63f50728f91cb 4 0 88 13
2 0 81 85
.63f50728fd07e 1 0 75 64
.63f50729211af 4 0 88 52
2 0 51 64
.63f50729231c7 4 0 88 48
2 0 83 96
.63f507292a86f 1 0 54 64
.63f507292c2c8 1 0 81 64
.63f50729548b9 4 0 88 14
2 0 81 94
.63f5072970830 1 0 83 64
.63f507297d9de 4 0 88 119
2 0 80 87
.63f507297f70e 4 0 88 65
2 0 47 90
.63f5072989309 1 0 51 64
.63f507299778c 1 0 81 64
.63f50729adeaf 4 0 88 39
2 0 78 90
.63f50729c778c 1 0 80 64
.63f50729db8b8 4 0 88 14
2 0 76 94
.63f50729dfa64 4 0 88 94
2 0 57 97
.63f50729dfd12 1 0 78 64
.63f50729e50de 1 0 47 64
.63f5072a080b6 4 0 88 80
2 0 75 82
.63f5072a19fd8 1 0 76 64
.63f5072a373d2 4 0 88 53
2 0 56 77
.63f5072a38439 4 0 88 122
2 0 76 77
.63f5072a3b59b 1 0 75 64
.63f5072a3ca41 1 0 57 64
.63f5072a6aed9 4 0 88 24
2 0 52 98
.63f5072a7028a 1 0 56 64
.63f5072a98015 4 0 88 8
2 0 71 77
.63f5072a990eb 4 0 88 60
2 0 51 81
.63f5072a9f4ee 1 0 52 64
.63f5072aaad59 1 0 76 64
.63f5072ac74ab 4 0 88 96
2 0 52 102
.63f5072acd911 1 0 51 64
.63f5072af32b7 4 0 88 118
2 0 76 95
.63f5072af83f6 4 0 88 72
2 0 49 85
.63f5072af9a0d 1 0 71 64
.63f5072afef44 1 0 52 64
.63f5072b248f5 4 0 88 0
2 0 52 100
.63f5072b29f67 1 0 49 64
.63f5072b50fdb 4 0 88 19
2 0 51 79
.63f5072b51526 4 0 88 103
2 0 71 87
.63f5072b5526e 1 0 52 64
.63f5072b66945 1 0 76 64
.63f5072b7ecfe 4 0 88 83
2 0 52 98
.63f5072b87cb4 1 0 51 64
.63f5072ba9dcd 4 0 88 103
2 0 45 87
.63f5072bac7fb 4 0 88 39
2 0 73 90
.63f5072bacfce 1 0 52 64
.63f5072bb959f 1 0 71 64
.63f5072bdf29d 4 0 88 2
2 0 52 95
.63f5072bfa0bf 1 0 45 64
.63f5072c0bb2f 4 0 88 65
2 0 69 90
.63f5072c14b54 4 0 88 11
2 0 53 81
.63f5072c17c9e 1 0 73 64
.63f5072c1c966 1 0 52 64
.63f5072c43637 4 0 88 48
2 0 52 96
.63f5072c487a9 1 0 53 64
.63f5072c7bbf5 1 0 69 64
.63f5072c8e4da 4 0 88 7
2 0 69 90
.63f5072c95610 4 0 88 34
2 0 54 96
.63f5072ca0273 1 0 52 64
.63f5072ccae22 4 0 88 65
2 0 52 90
.63f5072cd1033 1 0 54 64
.63f5072cf80ee 4 0 88 91
2 0 51 89
.63f5072cfb364 4 0 88 80
2 0 66 82
.63f5072d02d61 1 0 52 64
.63f5072d0e277 1 0 69 64
.63f5072d2690a 4 0 88 96
2 0 49 86
.63f5072d3504f 1 0 51 64
.63f5072d51d63 4 0 88 39
2 0 71 92
.63f5072d54514 4 0 88 48
2 0 47 96
.63f5072d5984f 1 0 49 64
.63f5072d5da06 1 0 66 64
.63f5072d8166b 4 0 88 112
2 0 45 82
.63f5072d8cee1 1 0 47 64
.63f5072dab102 4 0 88 20
2 0 44 86
.63f5072daeab0 4 0 88 38
2 0 64 79
.63f5072db42e4 1 0 45 64
.63f5072dc0b2e 1 0 71 64
.63f5072ddcae0 4 0 88 58
2 0 52 86
.63f5072de3bc5 1 0 44 64
.63f5072e0d5e2 4 0 88 6
2 0 51 82
.63f5072e0ddce 4 0 88 91
2 0 66 89
.63f5072e13c5d 1 0 52 64
.63f5072e188d0 1 0 64 64
.63f5072e39b29 4 0 88 94
2 0 52 97
.63f5072e40327 1 0 51 64
.63f5072e41513 4 0 88 10
2 0 68 92
.63f5072e504fa 1 0 66 64
.63f5072e6c080 4 0 88 25
2 0 49 83
.63f5072e6f10b 1 0 52 64
.63f5072e6fb74 4 0 88 83
2 0 69 98
.63f5072e7c072 1 0 68 64
.63f5072e99179 4 0 88 48
2 0 52 96
.63f5072ea10cf 1 0 49 64
.63f5072ec7a2e 4 0 88 33
2 0 47 88
.63f5072ecd485 1 0 52 64
.63f5072ecdd01 4 0 88 14
2 0 68 89
.63f5072ee083b 1 0 69 64
.63f5072efbcfc 4 0 88 20
2 0 52 89
.63f5072f0245c 1 0 47 64
.63f5072f2c88e 4 0 88 7
2 0 45 90
.63f5072f2d09c 4 0 88 114
2 0 66 90
.63f5072f33986 1 0 52 64
.63f5072f3c1fe 1 0 68 64
.63f5072f59ac6 4 0 88 72
2 0 52 94
.63f5072f5b47b 1 0 45 64
.63f5072f844b2 4 0 88 39
2 0 71 92
.63f5072f88960 4 0 88 6
2 0 44 82
.63f5072f8b1bf 1 0 66 64
.63f5072f8e3fa 1 0 52 64
.63f5072fb8635 4 0 88 72
2 0 52 94
.63f5072fbc46b 1 0 44 64
.63f5072fe79c0 4 0 88 27
2 0 69 93
.63f5072fe9908 4 0 88 39
2 0 42 90
.63f5072ff025b 1 0 52 64
.63f5072ffcb28 1 0 71 64
.63f5073018f2c 4 0 88 2
2 0 52 95
.63f507301fd60 1 0 42 64
.63f5073043347 4 0 88 43
2 0 68 87
.63f5073045ed5 1 0 52 64
.63f5073048269 4 0 88 2
2 0 40 95
.63f507304eb4b 1 0 69 64
.63f5073070c7c 1 0 40 64
.63f5073073f9a 4 0 88 65
2 0 52 90
.63f50730a66c5 1 0 52 64
.63f50730a71e9 4 0 88 27
2 0 47 93
.63f50730a9241 4 0 88 60
2 0 66 81
.63f50730b7938 1 0 68 64
.63f50730d62b0 4 0 88 40
2 0 51 80
.63f50730dbb32 1 0 47 64
.63f5073102912 4 0 88 90
2 0 64 88
.63f5073103104 4 0 88 120
2 0 49 73
.63f50731075d4 1 0 51 64
.63f507310a0c0 1 0 66 64
.63f507312edea 4 0 88 125
2 0 51 65
.63f5073130553 4 0 88 116
2 0 66 99
.63f507313d4ce 1 0 49 64
.63f5073141cd0 1 0 64 64
.63f507315e31b 4 0 88 84
2 0 52 93
.63f507315f9c0 4 0 88 72
2 0 68 85
.63f5073167145 1 0 66 64
.63f5073169563 1 0 51 64
.63f507318cf9d 4 0 88 116
2 0 47 86
.63f50731905fb 1 0 52 64
.63f50731bcb13 4 0 88 62
2 0 66 91
.63f50731bde08 4 0 88 14
2 0 54 89
.63f50731c690e 1 0 47 64
.63f50731cda20 1 0 68 64
.63f50731ecf94 4 0 88 27
2 0 47 93
.63f50731f0721 1 0 54 64
.63f5073219780 4 0 88 25
2 0 56 83
.63f507321bfa8 4 0 88 78
2 0 64 89
.63f5073221aee 1 0 66 64
.63f507322342a 1 0 47 64
.63f507324a0b9 4 0 88 27
2 0 47 93
.63f507324d9f6 1 0 56 64
.63f507327a716 4 0 88 66
2 0 58 88
.63f507327bf8c 4 0 88 39
2 0 76 92
.63f507327ef6b 1 0 64 64
.63f507328b24f 1 0 47 64
.63f50732a63d9 1 0 58 64
.63f50732abf30 4 0 88 55
2 0 47 82
.63f50732deb8e 4 0 88 19
2 0 75 79
.63f50732df90f 4 0 88 97
2 0 59 92
.63f50732e4eed 1 0 47 64
.63f50732ea72b 1 0 76 64
.63f507330b8bb 4 0 88 60
2 0 73 81
.63f5073310311 1 0 75 64
.63f5073337cdc 4 0 88 73
2 0 56 78
.63f507333959d 4 0 88 125
2 0 75 84
.63f507333c92e 1 0 59 64
.63f5073343f20 1 0 73 64
.63f5073364698 4 0 88 14
2 0 76 94
.63f50733670a9 1 0 75 64
.63f5073391b91 4 0 88 81
2 0 51 69
.63f507339401e 4 0 88 62
2 0 78 91
.63f50733975a2 1 0 76 64
.63f5073397a09 1 0 56 64
.63f50733c161a 4 0 88 13
2 0 76 85
.63f50733c8d4e 1 0 78 64
.63f50733e81b0 4 0 88 111
2 0 47 58
.63f50733ec3ee 1 0 51 64
.63f50733ed1ff 4 0 88 33
2 0 80 93
.63f50733f6217 1 0 76 64
.63f507341df4f 4 0 88 25
2 0 78 83
.63f5073431651 1 0 80 64
.63f50734470e5 4 0 88 90
2 0 54 58
.63f5073447c38 4 0 88 90
2 0 76 88
.63f50734500cf 1 0 47 64
.63f507345069f 1 0 78 64
.63f50734771c7 4 0 88 33
2 0 75 72
.63f507348040d 4 0 64 127
4 1 64 127
4 2 64 127
.63f5073484620 1 0 76 64
.63f5073491496 1 0 75 64
.63f507349b613 4 0 88 10
2 0 42 60
.63f507349e5d4 1 0 54 64
.63f50734a52a9 4 0 88 9
2 0 75 68
.63f50734b7f24 4 0 64 0
4 1 64 0
4 2 64 0
.63f50734b918d 4 0 88 25
2 0 74 47
.63f50734b92d6 1 0 75 64
.63f50734c795a 4 0 88 94
2 0 72 40
.63f50734cc080 1 0 74 64
.63f50734d87e6 4 0 88 45
2 0 71 87
.63f50734dfa5d 1 0 72 64
.63f507350db07 4 0 88 21
2 0 47 55
.63f507350f3d6 1 0 71 64
.63f5073519a75 1 0 42 64
.63f507351df8e 4 0 88 111
2 0 71 58
.63f507355d818 4 0 88 99
2 0 66 72
.63f50735903de 4 0 88 7
2 0 63 53
.63f50735c1deb 4 0 88 36
2 0 59 56
.63f50735fdb8d 4 0 88 95
2 0 35 75
.63f50735fdf03 1 0 47 64
.63f507364960b 4 0 64 127
4 1 64 127
4 2 64 127
.63f5073666ae3 1 0 35 64
.63f507367a77d 1 0 59 64
.63f5073691681 1 0 63 64
.63f507369b4b7 1 0 66 64
.63f50736f8f73 4 0 88 59
2 0 47 67
.63f50736fefe1 4 0 64 0
4 1 64 0
4 2 64 0
.63f5073717af3 1 0 71 64
.63f5073725176 4 0 88 81
2 0 66 69
.63f50737551fc 1 0 66 64
.63f50737589ca 4 0 88 87
2 0 64 72
.63f507375a36a 4 0 88 103
2 0 54 57
.63f507377c9ca 1 0 47 64
.63f507378009d 4 0 88 3
2 0 66 67
.63f5073785cc9 4 0 64 127
4 1 64 127
4 2 64 127
.63f5073789aef 1 0 64 64
.63f50737b1b36 1 0 66 64
.63f50737b40a7 4 0 88 55
2 0 59 82
4 0 88 26
2 0 63 71
.63f50737b6495 1 0 54 64
.63f50737c92e4 4 0 64 0
4 1 64 0
4 2 64 0
.63f50737e10a8 4 0 88 76
2 0 66 68
.63f50737f42dc 1 0 63 64
.63f507380ca4c 4 0 88 68
2 0 71 81
.63f507380e71c 4 0 88 60
2 0 54 81
.63f5073816897 1 0 66 64
.63f5073816c44 1 0 59 64
.63f507383cada 4 0 88 107
2 0 68 76
.63f507384c0bc 1 0 71 64
.63f507386a86f 4 0 88 24
2 0 69 80
.63f507386f74f 4 0 88 19
2 0 51 79
.63f5073870f4a 1 0 68 64
.63f507387aaac 1 0 54 64
.63f507389ca09 4 0 88 73
2 0 66 78
.63f50738c91a9 1 0 66 64
.63f50738c9ef7 4 0 88 119
2 0 64 70
.63f50738cdfe1 4 0 88 40
2 0 54 80
.63f50738d91ff 1 0 51 64
.63f50738de6be 1 0 69 64
.63f50738eb483 4 0 64 127
4 1 64 127
4 2 64 127
.63f50738f17b5 4 0 88 93
2 0 66 79
.63f50738fb539 1 0 64 64
.63f507391e3e7 4 0 88 39
2 0 47 75
.63f507392074c 1 0 66 64
.63f507392340f 4 0 88 12
2 0 63 75
.63f5073928cb5 4 0 64 0
4 1 64 0
4 2 64 0
.63f507392ba28 1 0 54 64
.63f507394cfaf 4 0 88 40
2 0 66 80
.63f5073958cee 1 0 63 64
.63f507397ba2e 1 0 66 64
.63f507397c803 4 0 88 98
2 0 69 83
.63f507397e6bf 4 0 88 72
2 0 51 85
.63f5073983056 1 0 47 64
.63f507399828d 4 0 64 127
4 1 64 127
4 2 64 127
.63f50739a8876 4 0 88 120
2 0 66 73
.63f50739b61f8 1 0 51 64
.63f50739be84f 1 0 69 64
.63f50739db888 4 0 64 0
4 1 64 0
4 2 64 0
.63f50739dd5ee 4 0 88 114
2 0 68 90
.63f50739ddabd 4 0 88 23
2 0 52 2
.63f50739e3f7d 1 0 66 64
.63f5073a17aa0 4 0 88 20
2 0 59 61
.63f5073a19803 4 0 88 85
2 0 60 84
.63f5073a1ee03 1 0 52 64
.63f5073a38e83 1 0 60 64
.63f5073a3bbec 4 0 88 88
2 0 66 70
.63f5073a434b7 4 0 88 14
2 0 57 94
.63f5073a444a8 1 0 59 64
.63f5073a48f8b 1 0 68 64
.63f5073a66e86 4 0 88 119
2 0 68 87
.63f5073a694d4 4 0 88 39
2 0 59 92
.63f5073a70474 1 0 57 64
.63f5073a74aa1 1 0 66 64
.63f5073a9253d 1 0 68 64
.63f5073a9423b 1 0 59 64
.63f5073aa1be5 4 0 88 25
2 0 68 83
.63f5073aa5bc2 4 0 88 39
2 0 52 92
.63f5073ad2791 4 0 88 82
2 0 59 80
.63f5073afeb42 4 0 88 119
2 0 66 87
.63f5073b01288 4 0 88 118
2 0 57 95
.63f5073b03002 1 0 59 64
.63f5073b09cbd 1 0 68 64
.63f5073b12ab2 1 0 52 64
.63f5073b2531b 4 0 88 9
2 0 68 68
.63f5073b27a7e 4 0 88 72
2 0 59 94
.63f5073b2a0a4 1 0 57 64
.63f5073b34137 1 0 66 64
.63f5073b55fd9 4 0 88 120
2 0 56 73
.63f5073b56315 1 0 59 64
.63f5073b59e6a 4 0 88 45
2 0 64 87
.63f5073b604d1 1 0 68 64
.63f5073b81810 4 0 88 65
2 0 59 90
.63f5073b90635 1 0 56 64
.63f5073ba9393 1 0 64 64
.63f5073bb2fe3 4 0 88 38
2 0 71 79
.63f5073bb41d9 4 0 88 13
2 0 64 99
1 0 59 64
.63f5073bdad8b 4 0 88 40
2 0 61 80
.63f5073be120e 1 0 64 64
.63f5073bfc863 4 0 64 127
4 1 64 127
4 2 64 127
.63f5073c0a7f0 4 0 88 93
2 0 68 71
.63f5073c0b3dd 4 0 88 60
2 0 62 95
.63f5073c0fc2c 1 0 61 64
.63f5073c185cd 1 0 71 64
.63f5073c1fa77 4 0 64 0
4 1 64 0
4 2 64 0
.63f5073c35ae9 4 0 88 95
2 0 59 75
.63f5073c3b515 1 0 62 64
.63f5073c66287 4 0 88 44
2 0 71 65
.63f5073c671ad 4 0 88 97
2 0 57 92
.63f5073c6b46e 1 0 59 64
.63f5073c93eb8 4 0 88 1
2 0 59 86
.63f5073c98ad5 1 0 57 64
.63f5073cc315f 4 0 88 53
2 0 56 77
.63f5073cc6f8c 1 0 59 64
.63f5073cc8a2a 4 0 88 125
2 0 64 81
.63f5073cd003e 1 0 68 64
.63f5073cf067f 4 0 88 39
2 0 59 92
.63f5073cfc3da 1 0 56 64
.63f5073d1c76a 4 0 88 72
2 0 62 94
.63f5073d21f36 4 0 88 119
2 0 68 87
.63f5073d249b4 1 0 59 64
.63f5073d2f43d 1 0 64 64
.63f5073d32492 1 0 71 64
.63f5073d4dd6d 4 0 88 13
2 0 59 85
.63f5073d4f95b 1 0 62 64
.63f5073d7f9b0 1 0 59 64
.63f5073d807a8 4 0 88 2
2 0 69 95
.63f5073d80c80 4 0 88 96
2 0 61 86
.63f5073d88c22 1 0 68 64
.63f5073dab3db 4 0 88 38
2 0 57 79
.63f5073db2a06 1 0 61 64
.63f5073ddb3c0 4 0 88 33
2 0 56 72
.63f5073ddc45f 4 0 88 66
2 0 73 88
.63f5073de1adc 1 0 57 64
.63f5073e07327 4 0 88 2
2 0 57 95
.63f5073e10b19 1 0 56 64
.63f5073e3a5d1 4 0 88 9
2 0 54 68
.63f5073e3f013 1 0 57 64
.63f5073e420cf 4 0 88 59
2 0 81 106
.63f5073e68ee2 4 0 88 65
2 0 57 90
.63f5073e76d7d 1 0 54 64
.63f5073e96e3b 4 0 88 100
2 0 61 83
.63f5073e9de81 1 0 57 64
.63f5073ea15a4 4 0 64 127
4 1 64 127
4 2 64 127
.63f5073eb9dfb 1 0 81 64
.63f5073ebaf7d 4 0 88 42
2 0 57 50
.63f5073ebf620 1 0 61 64
.63f5073ec5ccd 1 0 73 64
.63f5073eeb65d 4 0 88 41
2 0 59 83
.63f5073eeef0b 1 0 57 64
.63f5073ef9439 4 0 64 0
4 1 64 0
4 2 64 0
.63f5073f03d11 1 0 69 64
.63f5073f1afe7 4 0 88 127
2 0 56 77
.63f5073f1eb9b 4 0 88 60
2 0 71 95
.63f5073f223f8 1 0 59 64
.63f5073f499c1 4 0 88 91
2 0 54 89
.63f5073f4c76b 4 0 88 13
2 0 69 99
.63f5073f534f1 1 0 56 64
.63f5073f5584c 1 0 71 64
.63f5073f750a8 4 0 88 73
2 0 56 78
.63f5073f78ce0 4 0 88 35
2 0 71 102
.63f5073f81a70 1 0 54 64
.63f5073f83a25 1 0 69 64
.63f5073faafb6 4 0 88 122
2 0 53 90
.63f5073fad86d 4 0 88 43
2 0 80 87
.63f5073fb2233 1 0 56 64
.63f5073fd8dfc 4 0 88 93
2 0 56 71
.63f5073fef5cc 1 0 53 64
.63f5073fffdf8 1 0 71 64
.63f507400604e 4 0 88 27
2 0 59 93
.63f507400dfe5 1 0 56 64
.63f507402425a 4 0 64 127
4 1 64 127
4 2 64 127
.63f507402e36e 4 0 88 120
2 0 56 73
.63f5074035044 1 0 59 64
.63f5074060801 4 0 88 60
2 0 57 95
.63f507406780c 1 0 56 64
.63f50740791ac 4 0 64 0
4 1 64 0
4 2 64 0
.63f507408eaac 4 0 88 53
2 0 54 77
.63f5074098ae0 1 0 57 64
.63f50740c1135 4 0 88 127
2 0 73 77
4 0 88 90
2 0 53 88
.63f50740c5747 1 0 54 64
.63f50740c6b1e 1 0 80 64
.63f50740eb1f3 4 0 88 19
2 0 54 79
.63f50740f5055 1 0 53 64
.63f5074116c9f 4 0 88 27
2 0 50 93
.63f507411a54c 4 0 88 10
2 0 78 92
.63f507412246b 1 0 54 64
.63f5074124cb6 1 0 73 64
.63f507414be37 4 0 88 72
2 0 54 85
.63f507417af4d 4 0 64 127
4 1 64 127
4 2 64 127
.63f507417ba70 4 0 88 48
2 0 73 84
.63f507418029f 4 0 88 103
2 0 53 87
.63f507418fde1 1 0 54 64
.63f507419a357 1 0 50 64
.63f50741a4a92 4 0 88 72
2 0 54 85
.63f50741b0a0d 1 0 53 64
.63f50741d2dac 4 0 64 0
4 1 64 0
4 2 64 0
.63f50741d2ffa 4 0 88 14
2 0 47 94
.63f50741db636 1 0 73 64
.63f50741dcd78 1 0 54 64
4 0 88 58
2 0 74 86
.63f5074207c21 4 0 88 60
2 0 54 81
.63f507421bca0 1 0 47 64
.63f507423ade0 4 0 88 32
2 0 53 72
.63f507423d18f 4 0 88 97
2 0 71 92
.63f507424172a 1 0 54 64
.63f507424b9f5 1 0 74 64
.63f507425fea5 4 0 88 37
2 0 54 47
.63f507426260e 4 0 64 127
4 1 64 127
4 2 64 127
.63f507426daaf 1 0 53 64
.63f5074295bdb 4 0 88 33
2 0 49 93
.63f5074297267 4 0 88 119
2 0 68 87
.63f50742999a6 1 0 54 64
.63f50742a029e 1 0 71 64
.63f50742a5d0d 4 0 64 0
4 1 64 0
4 2 64 0
.63f50742bffa3 4 0 88 25
2 0 61 83
.63f50742c26ef 1 0 49 64
.63f50742f0b12 1 0 61 64
.63f50742f1f8f 4 0 88 11
2 0 59 81
.63f50742f5577 4 0 88 7
2 0 77 90
.63f5074300489 1 0 78 64
.63f50743152e5 4 0 64 127
4 1 64 127
4 2 64 127
.63f507431f5cc 4 0 88 14
2 0 61 89
.63f507432770c 1 0 59 64
.63f507434cd5c 4 0 64 0
4 1 64 0
4 2 64 0
.63f5074352ecf 4 0 88 110
2 0 57 91
.63f507435429a 4 0 88 127
2 0 78 77
.63f507435889d 1 0 61 64
.63f507435b3b8 1 0 77 64
.63f507435d5c0 1 0 68 64
.63f507438c9a5 4 0 88 88
2 0 73 70
.63f50743b8964 4 0 88 40
2 0 61 80
.63f50743b9f52 4 0 88 65
2 0 71 90
.63f50743bd839 1 0 73 64
.63f50743d1b4a 1 0 57 64
.63f50743d6802 4 0 64 127
4 1 64 127
4 2 64 127
.63f50743e509a 4 0 88 6
2 0 73 82
.63f50743f40d8 1 0 71 64
.63f50743f94d0 1 0 78 64
.63f507440b4b3 4 0 64 0
4 1 64 0
4 2 64 0
.63f5074412dd3 4 0 88 48
2 0 66 84
.63f5074417cb7 4 0 88 27
2 0 69 93
.63f507441cd82 1 0 61 64
.63f507441eeed 1 0 73 64
.63f5074446cb5 4 0 88 127
2 0 73 77
.63f507447570a 4 0 88 6
2 0 78 82
.63f50744770b4 4 0 88 12
2 0 61 75
.63f5074480aec 1 0 73 64
.63f50744823c7 1 0 66 64
.63f507449ec4d 4 0 88 72
2 0 75 85
.63f50744a0aa3 4 0 64 127
4 1 64 127
4 2 64 127
.63f50744abdab 1 0 78 64
.63f50744ceeaf 4 0 88 46
2 0 58 73
.63f50744cf202 4 0 88 58
2 0 76 86
.63f50744cf947 4 0 64 0
4 1 64 0
4 2 64 0
.63f50744d3e9b 1 0 69 64
.63f50744dac94 1 0 61 64
.63f50744ef702 1 0 75 64
.63f50744facf1 4 0 88 46
2 0 73 73
.63f507452b013 1 0 73 64
.63f507452b9fc 4 0 88 7
2 0 71 90
.63f507452c3cf 4 0 88 20
2 0 61 86
.63f50745355d8 1 0 58 64
.63f507455554b 4 0 88 93
2 0 73 79
.63f5074564108 1 0 71 64
.63f507456df83 1 0 76 64
.63f5074580617 4 0 88 107
2 0 54 62
.63f5074584b92 4 0 88 34
2 0 70 96
.63f507458bd43 1 0 73 64
.63f5074593a08 1 0 61 64
.63f50745b4252 4 0 88 40
2 0 73 80
.63f50745cb010 1 0 70 64
.63f50745e1450 4 0 88 7
2 0 76 90
.63f50745e19cb 4 0 88 120
2 0 58 73
.63f50745e9d08 1 0 73 64
.63f50745ec864 1 0 54 64
.63f50746033ed 4 0 64 127
4 1 64 127
4 2 64 127
.63f507460acbc 4 0 88 93
2 0 73 71
.63f507461da06 4 0 64 0
4 1 64 0
4 2 64 0
.63f507461e0bd 1 0 76 64
.63f507463bb92 4 0 88 45
2 0 59 87
.63f507463c93e 4 0 88 25
2 0 75 83
.63f507463dc05 1 0 58 64
.63f5074644575 1 0 73 64
.63f5074668d90 4 0 88 26
2 0 54 71
.63f507467643e 1 0 59 64
.63f5074699577 4 0 88 72
2 0 73 85
.63f507469a9ff 4 0 88 116
2 0 52 86
.63f507469d0cb 1 0 54 64
.63f50746a5fe9 1 0 75 64
.63f50746c7b27 4 0 88 72
2 0 54 85
.63f50746c7e2d 4 0 88 20
2 0 75 86
.63f50746cf93d 1 0 52 64
.63f50746d5724 1 0 73 64
.63f50746f3757 1 0 54 64
.63f50746f52e6 4 0 88 127
2 0 51 77
.63f50746f8d7a 4 0 88 7
2 0 71 90
.63f50746fd7d9 1 0 75 64
.63f5074721070 4 0 88 53
2 0 54 77
.63f5074732beb 1 0 51 64
.63f5074752d13 4 0 88 109
2 0 59 78
.63f507475555c 1 0 54 64
.63f5074755a33 4 0 88 91
2 0 78 89
.63f50747749db 1 0 71 64
.63f5074783b58 4 0 88 114
2 0 56 90
.63f507478c07b 1 0 59 64
.63f50747b33c8 4 0 88 122
2 0 57 77
4 0 88 93
2 0 75 79
.63f50747b8b1f 1 0 56 64
.63f50747bb63c 1 0 78 64
.63f50747e0f5a 4 0 88 127
2 0 54 77
.63f50747eabf6 1 0 57 64
.63f507480d75e 4 0 88 26
2 0 78 71
.63f507480fdb4 4 0 88 24
2 0 52 98
.63f5074816c93 1 0 54 64
.63f507483ec96 4 0 88 119
2 0 54 87
.63f5074846f38 1 0 52 64
.63f507486e508 4 0 88 66
2 0 51 88
.63f507486e74e 1 0 54 64
.63f507486fe2f 4 0 88 122
2 0 71 90
.63f507487884a 1 0 75 64
.63f50748991d6 4 0 88 43
2 0 54 87
.63f50748aa8be 1 0 51 64
.63f50748c7858 4 0 88 13
2 0 57 99
.63f50748c9719 4 0 88 20
2 0 75 86
.63f50748cb90a 1 0 54 64
.63f50748d4643 1 0 78 64
.63f50748e8c5b 1 0 71 64
.63f50748f15a7 4 0 88 49
2 0 54 62
.63f50748f6a51 1 0 57 64
.63f50749255f0 4 0 88 46
2 0 56 63
.63f507492a228 4 0 88 7
2 0 76 90
.63f507492bb17 1 0 54 64
.63f5074933fbf 1 0 75 64
.63f50749615ca 4 0 88 103
2 0 71 87
.63f507498ed9b 4 0 88 112
2 0 69 82
.63f5074990ed9 1 0 71 64
.63f5074994a47 4 0 88 51
2 0 59 78
.63f50749b7fa8 4 0 88 65
2 0 71 90
.63f50749b893c 1 0 76 64
.63f50749c06e9 1 0 69 64
.63f50749e6cb5 1 0 56 64
.63f50749e863c 4 0 88 25
2 0 68 83
.63f50749e91ae 4 0 88 59
2 0 64 67
.63f50749ee46b 1 0 71 64
.63f5074a18ade 4 0 88 68
2 0 71 81
.63f5074a4a284 4 0 88 57
2 0 56 65
.63f5074a4eb49 4 0 88 118
2 0 74 95
.63f5074a5414e 1 0 71 64
.63f5074a58399 1 0 59 64
.63f5074a7e719 4 0 88 55
2 0 71 74
.63f5074a8e773 1 0 74 64
.63f5074aa9b5f 4 0 88 39
2 0 57 75
.63f5074aadeac 1 0 56 64
.63f5074aaf600 4 0 88 125
2 0 73 84
.63f5074abbd1d 1 0 71 64
.63f5074ad2482 1 0 68 64
.63f5074adb90e 4 0 88 70
2 0 69 85
.63f5074b09a83 4 0 88 39
2 0 68 90
.63f5074b0b56f 4 0 88 88
2 0 61 70
.63f5074b0e34f 1 0 64 64
.63f5074b10ca1 1 0 69 64
.63f5074b362ad 4 0 88 87
2 0 69 72
.63f5074b3fd3e 1 0 68 64
.63f5074b64981 4 0 88 49
2 0 63 62
.63f5074b65736 1 0 69 64
.63f5074b65e3c 4 0 88 40
2 0 66 80
.63f5074b75c31 1 0 61 64
.63f5074b8e2ff 4 0 88 58
2 0 69 86
.63f5074b9a8ca 1 0 73 64
.63f5074ba3909 1 0 57 64
.63f5074bbf49c 4 0 88 64
2 0 54 66
.63f5074bbf79c 4 0 88 43
2 0 73 87
.63f5074bc8b11 1 0 69 64
.63f5074bec51d 4 0 88 78
2 0 69 66
.63f5074bffc01 1 0 73 64
.63f5074c1b7a3 1 0 54 64
.63f5074c1dc71 1 0 69 64
.63f5074c1ef47 4 0 88 82
2 0 71 80
.63f5074c209c1 4 0 88 2
2 0 56 56
.63f5074c4c9ea 4 0 88 96
2 0 68 86
.63f5074c4d813 1 0 66 64
.63f5074c77206 4 0 88 19
2 0 66 79
.63f5074c7ec95 1 0 63 64
1 0 68 64
.63f5074c7fd62 4 0 88 104
2 0 59 71
.63f5074c9dbcf 4 0 88 9
2 0 68 68
.63f5074caa25f 1 0 71 64
.63f5074caabcf 1 0 66 64
.63f5074cd084e 1 0 68 64
.63f5074cd2f0f 4 0 88 24
2 0 64 80
.63f5074cd41fd 4 0 88 12
2 0 61 75
.63f5074cdb2e0 1 0 59 64
.63f5074cdf6c7 1 0 56 64
.63f5074cfca39 4 0 88 53
2 0 68 77
.63f5074d2af7e 4 0 88 90
2 0 71 88
.63f5074d2ef08 4 0 88 65
2 0 52 77
.63f5074d34bb5 1 0 68 64
.63f5074d59376 4 0 88 119
2 0 68 87
.63f5074d6b7dd 1 0 71 64
.63f5074d8380c 4 0 88 1
2 0 69 86
.63f5074d85576 1 0 68 64
.63f5074d8e72c 4 0 88 99
2 0 54 72
.63f5074d9a154 1 0 52 64
.63f5074da5be6 1 0 64 64
.63f5074db7215 4 0 88 57
2 0 66 94
.63f5074dd47d7 4 0 64 127
4 1 64 127
4 2 64 127
.63f5074de3a4d 4 0 88 110
2 0 64 91
.63f5074de6654 4 0 88 122
2 0 57 77
.63f5074de6b62 1 0 61 64
.63f5074de6c62 1 0 66 64
.63f5074e0e1b7 4 0 88 60
2 0 66 81
.63f5074e1148d 1 0 64 64
.63f5074e20b00 4 0 64 0
4 1 64 0
4 2 64 0
.63f5074e2760f 1 0 69 64
.63f5074e3aab5 4 0 88 14
2 0 63 89
.63f5074e3d454 4 0 88 65
2 0 59 77
.63f5074e433c5 1 0 66 64
.63f5074e4a2b9 1 0 57 64
.63f5074e51092 1 0 54 64
.63f5074e65fd8 4 0 88 52
2 0 66 64
.63f5074e94007 4 0 88 33
2 0 51 76
.63f5074e95cf8 4 0 88 53
2 0 69 91
.63f5074e9c2bd 1 0 66 64
.63f5074ea6728 1 0 59 64
.63f5074ebbf77 4 0 64 127
4 1 64 127
4 2 64 127
.63f5074ebd589 4 0 88 46
2 0 66 57
.63f5074ed7fdd 1 0 63 64
.63f5074ed8d7c 1 0 69 64
.63f5074edd036 1 0 51 64
.63f5074eee84a 4 0 88 127
2 0 52 73
.63f5074ef1f16 4 0 88 91
2 0 68 89
1 0 66 64
.63f5074ef396d 4 0 64 0
4 1 64 0
4 2 64 0
.63f5074f1fada 4 0 88 72
2 0 59 94
.63f5074f2c49b 1 0 52 64
.63f5074f4d86b 4 0 88 95
2 0 64 75
.63f5074f4e119 1 0 59 64
.63f5074f4faba 4 0 88 62
2 0 66 91
.63f5074f5daf7 1 0 68 64
.63f5074f78464 4 0 88 88
2 0 63 70
.63f5074f7a2fb 4 0 88 87
2 0 68 75
.63f5074f81dcb 1 0 64 64
.63f5074f84981 1 0 66 64
.63f5074faae92 4 0 88 119
2 0 61 64
.63f5074fb3d5f 1 0 63 64
.63f5074fb42d2 4 0 88 122
2 0 69 90
.63f5074fbd02c 1 0 68 64
.63f507500fd91 4 0 64 127
4 1 64 127
4 2 64 127
.63f5075017558 4 0 88 2
2 0 68 56
.63f507502cb07 1 0 69 64
.63f507504e4cd 4 0 88 87
2 0 59 103
.63f5075056e50 1 0 61 64
.63f507505c02b 4 0 64 0
4 1 64 0
4 2 64 0
.63f507509e61f 1 0 68 64
.63f50750a53e0 4 0 64 127
4 1 64 127
4 2 64 127
.63f50750b863f 4 0 88 85
2 0 68 95
.63f50750e642e 1 0 59 64
.63f50750e94d0 1 0 68 64
.63f50750fe955 4 0 88 32
2 0 69 72
.63f5075103011 4 0 64 0
4 1 64 0
4 2 64 0
.63f507510d0a9 4 0 88 126
2 0 59 32
.63f507511177a 4 0 88 68
2 0 61 103
.63f507511c186 1 0 59 64
.63f507514672f 4 0 64 127
4 1 64 127
4 2 64 127
.63f50751550d8 4 0 64 0
4 1 64 0
4 2 64 0
.63f507516194f 4 0 88 53
2 0 59 91
.63f507516851f 4 0 88 85
2 0 68 95
.63f507516a8e4 1 0 61 64
.63f507517b60b 1 0 69 64
.63f507519d101 4 0 88 39
2 0 57 92
.63f507519fc43 4 0 88 85
2 0 66 95
.63f50751a975a 1 0 59 64
.63f50751b0ce2 1 0 68 64
.63f50751ce7b8 4 0 88 20
2 0 56 86
.63f50751cefff 4 0 88 20
2 0 64 89
.63f50751d9edd 1 0 66 64
.63f50751df477 1 0 57 64
.63f5075287916 4 0 88 119
2 0 54 87
.63f5075292694 1 0 56 64
.63f5075297578 4 0 88 33
2 0 73 93
.63f50752d7d96 4 0 64 127
4 1 64 127
4 2 64 127
.63f50752e01e5 1 0 64 64
.63f50752e47f5 4 0 88 2
2 0 57 95
.63f50752ef188 1 0 54 64
.63f50752f3974 1 0 73 64
.63f507531b9c8 4 0 88 85
2 0 76 84
.63f507531c6a7 4 0 88 66
2 0 56 88
.63f507532401c 4 0 64 0
4 1 64 0
4 2 64 0
.63f5075327bd6 1 0 57 64
.63f507532c69f 1 0 76 64
.63f5075330957 4 0 88 114
2 0 75 80
.63f507534070f 1 0 75 64
.63f507534a586 4 0 88 117
2 0 75 56
.63f507534a963 4 0 88 27
2 0 76 26
.63f507535a88b 4 0 88 93
2 0 54 71
.63f507535e9e1 1 0 76 64
.63f5075362f71 1 0 56 64
.63f50753a2f7d 4 0 88 14
2 0 56 89
.63f50753a8d43 4 0 88 47
2 0 76 101
.63f50753b3713 1 0 54 64
.63f50753bc0e0 1 0 75 64
.63f507548f5bd 4 0 64 127
4 1 64 127
4 2 64 127
.63f50754ce490 4 0 88 58
2 0 64 86
.63f50754f8d42 4 0 64 0
4 1 64 0
4 2 64 0
.63f5075536d23 4 0 88 127
2 0 63 60
.63f507553b3ff 1 0 64 64
.63f5075549b85 4 0 88 96
2 0 68 104
.63f50755ba21d 1 0 68 64
.63f50755c30cd 4 0 64 127
4 1 64 127
4 2 64 127
.63f50755c39e9 1 0 56 64
.63f50755d2546 1 0 63 64
.63f50755d553d 4 0 88 40
2 0 56 80
.63f50755dab51 1 0 76 64
.63f50755ee559 4 0 88 84
2 0 76 93
.63f50756095cc 4 0 64 0
4 1 64 0
4 2 64 0
.63f5075625322 4 0 88 33
2 0 64 88
.63f50756518cf 4 0 88 39
2 0 71 92
.63f5075655a2a 4 0 88 62
2 0 63 91
.63f5075658cf9 1 0 64 64
.63f507566ac2a 1 0 56 64
.63f507567e891 4 0 64 127
4 1 64 127
4 2 64 127
.63f5075685120 4 0 88 37
2 0 64 97
.63f5075699a46 1 0 63 64
.63f50756b346a 4 0 64 0
4 1 64 0
4 2 64 0
.63f50756bef02 4 0 88 62
2 0 73 91
.63f50756c01c7 4 0 88 122
2 0 57 90
.63f50756c5ea5 1 0 64 64
.63f50756cbfa2 1 0 71 64
.63f50756e3312 1 0 76 64
.63f50756f798e 4 0 88 78
2 0 64 76
.63f507572b93f 4 0 88 122
2 0 69 90
.63f507572d91f 4 0 88 33
2 0 66 93
.63f5075737887 1 0 64 64
.63f5075763feb 4 0 88 64
2 0 64 70
.63f507576535a 1 0 66 64
.63f50757b41b6 1 0 57 64
.63f50757b645b 1 0 69 64
.63f50757b803a 4 0 64 127
4 1 64 127
4 2 64 127
.63f50757b9f1d 1 0 73 64
.63f50757bde2a 1 0 64 64
.63f50757c8dc8 4 0 88 112
2 0 57 82
.63f50757cc84c 4 0 64 0
4 1 64 0
4 2 64 0
.63f50757d4fb5 4 0 88 81
2 0 73 69
.63f507580eb06 4 0 88 98
2 0 64 83
.63f507585546e 4 0 88 127
2 0 63 77
.63f5075858ebc 4 0 88 84
2 0 69 93
.63f507585c4ad 1 0 64 64
.63f507589615f 4 0 88 48
2 0 64 96
.63f50758a3a31 1 0 63 64
.63f50758a84d4 4 0 64 127
4 1 64 127
4 2 64 127
.63f50758ac3cf 1 0 73 64
.63f50758b0760 1 0 69 64
.63f507595f61c 1 0 57 64
.63f507596db7b 1 0 64 64
.63f50759aa269 4 0 64 0
4 1 64 0
4 2 64 0
.63f50759b5570 4 0 88 114
2 0 75 90
.63f50759b6e3a 4 0 88 52
2 0 66 64
.63f50759b8bb5 4 0 88 68
2 0 59 81
.63f5075aac312 4 0 88 23
2 0 76 76
.63f5075aae497 4 0 88 51
2 0 47 78
.63f5075ab3fd4 1 0 59 64
.63f5075ac0496 1 0 75 64
.63f5075b00ff2 1 0 76 64
.63f5075b0ea0a 1 0 66 64
.63f5075b26bb8 1 0 47 64
.63f5075b294d7 4 0 88 78
2 0 59 89
.63f5075b3d118 4 0 88 62
2 0 75 91
.63f5075b3da9a 4 0 88 119
2 0 66 87
.63f5075c1fdad 4 0 88 96
2 0 47 68
.63f5075c20bb3 4 0 88 68
2 0 71 81
.63f5075c28d67 1 0 59 64
.63f5075c2f7c0 1 0 75 64
.63f5075c4efcd 4 0 64 127
4 1 64 127
4 2 64 127
.63f5075c65299 1 0 71 64
.63f5075c71895 1 0 66 64
.63f5075d01cde 1 0 47 64
.63f5075d03e34 4 0 88 11
2 0 52 81
.63f5075d21fbb 4 0 64 0
4 1 64 0
4 2 64 0
.63f5075d22afa 4 0 88 34
2 0 68 96
.63f5075d3d1b4 4 0 88 59
2 0 76 100
.63f5075dc41f4 4 0 88 90
2 0 40 88
.63f5075dce0b0 1 0 52 64
.63f5075df73c8 4 0 88 114
2 0 44 80
.63f5075e0506f 1 0 40 64
.63f5075e28ac0 4 0 88 107
2 0 47 96
.63f5075e36a17 1 0 44 64
.63f5075e5cbca 4 0 88 7
2 0 52 90
.63f5075e6209e 1 0 47 64
.63f5075f1410d 4 0 64 127
4 1 64 127
4 2 64 127
.63f5075f2574c 1 0 52 64
.63f5075f31896 1 0 76 64
.63f5075f37043 1 0 68 64
.63f5075f8ce89 4 0 88 8
2 0 47 77
.63f5075f9207a 4 0 64 0
4 1 64 0
4 2 64 0
.63f50760046a3 4 0 88 53
2 0 66 77
.63f507604f0df 4 0 88 88
2 0 54 52
.63f5076050987 4 0 88 95
2 0 64 79
.63f5076056178 1 0 66 64
.63f507606ae16 1 0 47 64
.63f507608bc95 4 0 88 107
2 0 66 76
.63f5076095b23 1 0 64 64
.63f50760c0b9e 1 0 66 64
.63f50760c2360 4 0 88 46
2 0 63 73
.63f50760c54d6 4 0 88 95
2 0 59 75
.63f50760ccce1 1 0 54 64
.63f50760f2de9 4 0 88 107
2 0 66 76
.63f50761047fb 1 0 63 64
.63f507611ddde 4 0 88 112
2 0 71 82
.63f507611e5a1 4 0 88 60
2 0 54 81
.63f5076124983 1 0 59 64
.63f50761259a9 1 0 66 64
.63f5076149098 4 0 88 114
2 0 68 80
.63f50761557cc 1 0 71 64
.63f5076176593 4 0 88 95
2 0 69 75
.63f5076176b9f 1 0 68 64
.63f507617a5c1 4 0 88 14
2 0 51 89
.63f5076182566 1 0 54 64
.63f50761a5e91 4 0 88 25
2 0 66 83
.63f50761cb0bd 1 0 69 64
.63f50761d4411 4 0 88 65
2 0 64 77
.63f50761d81bc 4 0 88 10
2 0 54 92
.63f50761daef0 1 0 66 64
.63f50761dfdae 1 0 51 64
.63f50761fc8f6 4 0 88 119
2 0 66 64
.63f5076207a11 1 0 64 64
.63f507622c7df 4 0 88 20
2 0 47 61
.63f507622ce69 4 0 88 96
2 0 63 86
.63f507622d74a 1 0 66 64
.63f5076238827 1 0 54 64
.63f507625750a 4 0 88 60
2 0 66 81
.63f5076263c9e 1 0 63 64
.63f5076282d5e 4 0 88 6
2 0 51 82
.63f50762830fe 4 0 88 53
2 0 69 91
.63f5076283b97 1 0 66 64
.63f507628a058 1 0 47 64
.63f50762ad223 4 0 88 25
2 0 66 83
.63f50762c0a34 4 0 64 127
4 1 64 127
4 2 64 127
.63f50762c1f25 1 0 69 64
.63f50762cc52a 4 0 64 0
4 1 64 0
4 2 64 0
.63f50762de1ef 4 0 88 11
2 0 52 81
.63f50762e107f 4 0 88 62
2 0 68 91
.63f50762e61bd 1 0 51 64
.63f50762e692b 1 0 66 64
.63f507630c4bf 4 0 88 45
2 0 59 87
.63f507630dd86 1 0 52 64
.63f5076337d79 4 0 88 72
2 0 66 85
.63f507633804a 1 0 59 64
.63f507633bafb 4 0 88 85
2 0 57 84
.63f5076342a0e 1 0 68 64
.63f5076361ce2 4 0 88 20
2 0 68 86
.63f5076364ade 4 0 88 20
2 0 59 89
.63f5076367500 1 0 57 64
.63f507637025f 1 0 66 64
.63f50763734fe 4 0 64 127
4 1 64 127
4 2 64 127
.63f507638fe49 4 0 88 66
2 0 56 74
.63f50763909dc 4 0 64 0
4 1 64 0
4 2 64 0
.63f5076392d43 4 0 88 122
2 0 64 90
.63f507639339a 1 0 59 64
.63f5076398537 1 0 68 64
.63f50763bd2d9 4 0 88 90
2 0 59 88
.63f50763c84a0 1 0 56 64
.63f50763ecf12 1 0 59 64
.63f50763ed28a 4 0 88 95
2 0 64 79
.63f50763ef2f6 4 0 88 1
2 0 71 86
.63f5076412fa3 4 0 88 125
2 0 61 84
.63f507641e2dd 1 0 64 64
1 0 64 64
.63f5076446a41 4 0 88 12
2 0 68 75
.63f5076447d7c 4 0 88 72
2 0 62 94
.63f5076450274 1 0 61 64
.63f5076457d83 1 0 71 64
.63f5076478822 4 0 88 82
2 0 59 80
.63f507648036d 1 0 62 64
.63f50764a4e12 4 0 88 65
2 0 71 77
.63f50764a77ff 4 0 88 60
2 0 57 95
.63f50764b0bd9 1 0 59 64
.63f50764d5b3c 4 0 88 72
2 0 59 94
.63f50764dc442 1 0 57 64
.63f50764fcc9a 4 0 88 43
2 0 56 87
.63f50764fd78a 1 0 59 64
.63f5076502055 4 0 88 116
2 0 64 86
.63f507650c799 1 0 68 64
.63f5076526eae 4 0 88 1
2 0 59 86
.63f5076531d3d 1 0 56 64
.63f5076555b44 4 0 88 24
2 0 62 98
.63f507655a6c1 4 0 88 20
2 0 68 86
.63f507655ba45 1 0 59 64
.63f5076561758 1 0 71 64
.63f5076572e8f 1 0 64 64
.63f50765843e0 4 0 88 65
2 0 59 90
.63f507658a27c 1 0 62 64
.63f50765bc073 4 0 88 33
2 0 61 76
.63f50765bd5d7 1 0 59 64
.63f50765bf8ce 4 0 88 94
2 0 69 97
.63f50765c4e85 1 0 68 64
.63f50765ecc3e 4 0 88 55
2 0 57 82
.63f50765f5845 1 0 61 64
.63f507661c2d1 4 0 88 73
2 0 56 78
4 0 88 39
2 0 73 90
.63f5076623add 1 0 57 64
.63f5076646162 4 0 88 53
2 0 57 91
.63f507664d935 1 0 56 64
.63f5076679aac 4 0 88 87
2 0 54 75
.63f507667a0f3 4 0 88 8
2 0 81 105
.63f5076680e66 1 0 57 64
.63f50766a0ee0 4 0 88 104
2 0 57 71
.63f50766ad071 1 0 54 64
.63f50766caf4b 4 0 64 127
4 1 64 127
4 2 64 127
.63f50766d2476 4 0 88 80
2 0 61 82
.63f50766d867d 1 0 57 64
.63f50766e124e 1 0 81 64
.63f50766efb66 1 0 73 64
.63f50766f8c15 4 0 88 118
2 0 57 50
.63f50766f9844 1 0 61 64
.63f50767275a9 4 0 88 33
2 0 59 88
.63f507672bc42 1 0 57 64
.63f50767317b9 4 0 64 0
4 1 64 0
4 2 64 0
.63f507673caef 1 0 69 64
.63f507674fd34 4 0 88 96
2 0 56 86
.63f5076752f96 4 0 88 39
2 0 71 92
.63f507675a49a 1 0 59 64
.63f5076779059 4 0 88 96
2 0 54 86
.63f5076780250 4 0 88 37
2 0 69 97
.63f5076780585 1 0 56 64
.63f5076786b63 1 0 71 64
.63f50767980bc 4 0 64 127
4 1 64 127
4 2 64 127
.63f50767a4c09 4 0 88 33
2 0 56 76
.63f50767a816e 4 0 88 24
2 0 71 98
.63f50767af690 1 0 54 64
.63f50767b3d27 1 0 69 64
.63f50767d2a81 4 0 64 0
4 1 64 0
4 2 64 0
.63f50767d9fcb 4 0 88 118
2 0 53 95
.63f50767dd959 4 0 88 7
2 0 80 95
.63f50767e07d1 1 0 56 64
.63f50768063bd 4 0 88 114
2 0 56 80
.63f507681846d 1 0 53 64
.63f507682e2d0 4 0 88 97
2 0 59 92
.63f50768341df 1 0 56 64
.63f5076835006 1 0 71 64
.63f507685a2b3 4 0 88 60
2 0 56 81
.63f50768605d0 1 0 59 64
.63f5076887551 4 0 88 14
2 0 57 94
.63f507688dc5f 1 0 56 64
.63f50768b3ad6 4 0 88 25
2 0 54 83
.63f50768bdd74 1 0 57 64
.63f50768e25e2 4 0 88 45
2 0 53 87
.63f50768e28f4 4 0 88 10
2 0 73 92
.63f50768e5494 1 0 54 64
.63f50768e78c0 1 0 80 64
.63f50768ebeea 4 0 64 127
4 1 64 127
4 2 64 127
.63f507690f2ae 4 0 88 20
2 0 54 86
.63f507691963b 1 0 53 64
.63f5076937b46 4 0 88 84
2 0 50 93
.63f507693b0db 4 0 88 66
2 0 78 88
4 0 64 0
4 1 64 0
4 2 64 0
.63f507693c3ab 1 0 54 64
.63f50769678fb 4 0 88 80
2 0 54 82
.63f507696c461 1 0 73 64
.63f507697947d 1 0 50 64
.63f507699846b 4 0 88 66
2 0 73 88
.63f50769987e3 4 0 88 110
2 0 53 91
.63f507699e6aa 1 0 54 64
.63f50769bab36 4 0 88 113
2 0 54 63
.63f50769c3bd4 1 0 53 64
.63f50769ee2e4 4 0 88 48
2 0 47 96
.63f50769f5c45 1 0 54 64
.63f50769f793d 4 0 88 107
2 0 74 96
.63f5076a0093f 1 0 73 64
.63f5076a1fc6d 4 0 88 119
2 0 54 87
.63f5076a29d38 1 0 47 64
.63f5076a4dc1b 4 0 88 24
2 0 53 80
.63f5076a51abb 4 0 88 72
2 0 71 94
.63f5076a53409 1 0 54 64
.63f5076a61df2 1 0 74 64
.63f5076a7bb44 4 0 88 93
2 0 54 79
.63f5076a86dab 1 0 53 64
.63f5076aad7e0 4 0 88 114
2 0 68 90
.63f5076aaed57 4 0 88 48
2 0 49 84
.63f5076ab48fd 1 0 54 64
.63f5076ab6d07 1 0 71 64
.63f5076ad30d1 1 0 49 64
.63f5076ad72fd 4 0 88 114
2 0 61 80
.63f5076b05b3d 1 0 61 64
.63f5076b07cc5 4 0 88 125
2 0 59 81
.63f5076b0995f 4 0 88 13
2 0 77 85
.63f5076b0e4f4 1 0 78 64
.63f5076b3219d 4 0 88 10
2 0 61 92
.63f5076b39efe 1 0 59 64
.63f5076b41ae6 4 0 64 127
4 1 64 127
4 2 64 127
.63f5076b6584d 1 0 61 64
.63f5076b67852 4 0 88 90
2 0 57 88
.63f5076b692e5 4 0 88 72
2 0 78 85
.63f5076b713aa 1 0 77 64
.63f5076b792a0 1 0 68 64
.63f5076b7949e 4 0 64 0
4 1 64 0
4 2 64 0
.63f5076ba042c 4 0 88 3
2 0 73 67
.63f5076bd03db 4 0 88 125
2 0 61 84
.63f5076bd1028 4 0 88 90
2 0 71 88
.63f5076bd490f 1 0 73 64
.63f5076bf603f 1 0 78 64
.63f5076bfa32c 4 0 88 100
2 0 73 83
.63f5076c05336 1 0 57 64
.63f5076c0b58c 1 0 71 64
.63f5076c291f3 4 0 88 70
2 0 69 85
4 0 88 14
2 0 66 89
.63f5076c2e80f 1 0 73 64
.63f5076c341ea 1 0 61 64
.63f5076c57219 4 0 88 40
2 0 73 80
.63f5076c839ba 4 0 88 96
2 0 78 86
.63f5076c85df6 4 0 88 114
2 0 61 80
.63f5076c8f310 1 0 73 64
.63f5076c9075e 1 0 66 64
.63f5076cab128 4 0 88 62
2 0 75 91
.63f5076cb8f1b 1 0 78 64
.63f5076cdc4be 4 0 88 89
2 0 58 54
.63f5076cdc947 4 0 88 65
2 0 76 90
.63f5076ce1401 1 0 61 64
.63f5076ce9fbd 1 0 69 64
.63f5076cf6ccb 1 0 75 64
.63f5076d07d9c 4 0 88 64
2 0 73 66
.63f5076d3601a 4 0 88 40
2 0 61 80
.63f5076d378d6 4 0 88 97
2 0 71 92
.63f5076d3dfff 1 0 73 64
.63f5076d3f34e 1 0 58 64
.63f5076d61a0f 4 0 88 96
2 0 73 86
.63f5076d6df17 1 0 71 64
.63f5076d8b030 4 0 88 125
2 0 54 65
.63f5076d8e06b 4 0 88 7
2 0 70 95
.63f5076d918b6 1 0 73 64
.63f5076d9bf96 1 0 61 64
.63f5076dbc098 4 0 88 53
2 0 73 77
.63f5076dc4bcd 1 0 76 64
.63f5076dd5172 1 0 70 64
.63f5076de032d 4 0 88 104
2 0 58 53
.63f5076dea380 4 0 88 37
2 0 76 97
.63f5076dea4a3 1 0 54 64
.63f5076df2ec0 1 0 73 64
.63f5076e10547 4 0 88 93
2 0 73 71
.63f5076e272d8 1 0 76 64
.63f5076e40ae8 4 0 88 125
2 0 59 81
.63f5076e40ca6 4 0 88 33
2 0 75 93
.63f5076e45df6 1 0 58 64
.63f5076e45fc3 1 0 73 64
.63f5076e6c819 4 0 88 72
2 0 54 85
.63f5076e75903 1 0 59 64
.63f5076e953ee 4 0 88 6
2 0 73 82
.63f5076e9ab5d 4 0 88 39
2 0 52 92
.63f5076e9e32e 1 0 54 64
.63f5076e9f27f 1 0 75 64
.63f5076ec3711 4 0 88 66
2 0 54 88
.63f5076ec56c5 4 0 88 61
2 0 75 97
.63f5076ec93d0 1 0 52 64
.63f5076ecf464 1 0 73 64
.63f5076eef3a4 1 0 54 64
.63f5076eefe52 4 0 88 20
2 0 51 86
.63f5076ef4964 4 0 88 103
2 0 71 87
.63f5076efdf5d 1 0 75 64
.63f5076f19b8b 4 0 88 100
2 0 54 83
.63f5076f2789b 1 0 51 64
.63f5076f49852 4 0 88 66
2 0 78 88
.63f5076f49f97 4 0 88 7
2 0 59 90
.63f5076f4d0f5 1 0 54 64
.63f5076f7454d 4 0 88 80
2 0 56 82
.63f5076f7cad2 1 0 59 64
.63f5076fa21e3 4 0 88 2
2 0 57 95
.63f5076fa4d4f 4 0 88 6
2 0 75 82
.63f5076faa2bb 1 0 56 64
.63f5076fab193 1 0 78 64
.63f5076fcf878 4 0 88 33
2 0 54 76
.63f5076fd9f87 1 0 57 64
.63f5076ffd8a9 4 0 88 72
2 0 52 94
.63f5077001ca5 1 0 54 64
.63f50770035f2 4 0 88 57
2 0 78 94
.63f507702ad8b 4 0 88 33
2 0 54 93
.63f507702ddf0 1 0 71 64
.63f50770314f6 1 0 52 64
.63f5077053c7f 1 0 54 64
.63f50770544eb 4 0 88 43
2 0 51 87
.63f507705a423 4 0 88 68
2 0 71 81
.63f507706204b 1 0 75 64
.63f5077080773 4 0 88 99
2 0 54 72
.63f5077092087 1 0 51 64
.63f50770b206a 4 0 88 24
2 0 57 98
.63f50770b5bf6 4 0 88 114
2 0 75 90
.63f50770b7f3c 1 0 54 64
.63f50770c0fe0 1 0 78 64
.63f50770d78a7 4 0 64 127
4 1 64 127
4 2 64 127
.63f50770dceaf 4 0 88 101
2 0 54 49
.63f50770e4deb 1 0 57 64
.63f507711043a 4 0 88 27
2 0 76 93
4 0 88 46
2 0 56 57
.63f507711287e 1 0 71 64
.63f5077113e46 1 0 75 64
.63f5077114054 1 0 54 64
.63f5077120cba 4 0 64 0
4 1 64 0
4 2 64 0
.63f5077147449 4 0 88 1
2 0 71 86
.63f50771757c8 4 0 88 110
2 0 69 91
.63f5077179014 1 0 71 64
.63f507717b014 4 0 88 68
2 0 59 81
.63f507719e04f 4 0 88 103
2 0 71 87
.63f50771a97e8 1 0 76 64
.63f50771aa792 4 0 64 127
4 1 64 127
4 2 64 127
.63f50771aaec6 1 0 69 64
.63f50771bef38 1 0 56 64
.63f50771ce6d7 4 0 88 73
2 0 68 78
.63f50771d2971 4 0 88 23
2 0 64 76
.63f50771d7aee 1 0 71 64
.63f50771e80a3 4 0 64 0
4 1 64 0
4 2 64 0
.63f50771fa0b2 4 0 88 32
2 0 71 72
.63f507721111a 4 0 64 127
4 1 64 127
4 2 64 127
.63f507721cc46 4 0 64 0
4 1 64 0
4 2 64 0
.63f507722940d 4 0 88 26
2 0 56 71
.63f507722ed34 4 0 88 84
2 0 74 93
.63f50772330bc 1 0 71 64
.63f5077235bdc 1 0 59 64
.63f507725efcb 4 0 88 8
2 0 71 70
.63f507726dbb2 1 0 74 64
.63f507728d3e3 4 0 88 24
2 0 57 80
.63f507728ebab 4 0 88 48
2 0 73 84
.63f507729441c 1 0 56 64
.63f5077297c66 1 0 71 64
.63f50772a5dd1 1 0 68 64
.63f50772bbb31 4 0 88 58
2 0 69 86
.63f50772ea629 4 0 88 26
2 0 61 71
.63f50772ed35b 4 0 88 7
2 0 68 95
.63f50772f347f 1 0 64 64
.63f50772f4f46 1 0 69 64
.63f507730ffb6 4 0 64 127
4 1 64 127
4 2 64 127
.63f507731d7ad 4 0 88 45
2 0 69 87
.63f50773280f9 1 0 68 64
.63f50773535a5 4 0 64 0
4 1 64 0
4 2 64 0
.63f50773541d8 4 0 88 33
2 0 66 72
.63f5077357f3d 4 0 88 7
2 0 63 53
.63f507735861d 1 0 69 64
.63f507735ed1e 1 0 61 64
.63f5077383045 4 0 88 68
2 0 69 81
.63f507738f639 1 0 73 64
.63f50773941aa 1 0 57 64
.63f50773b1e38 4 0 88 76
2 0 54 68
.63f50773b4c50 4 0 88 33
2 0 73 93
.63f50773c071e 1 0 69 64
.63f50773dae93 4 0 88 17
2 0 69 50
.63f50773ebbbd 4 0 64 127
4 1 64 127
4 2 64 127
.63f50773f1374 1 0 73 64
.63f50773fe649 1 0 54 64
.63f507740de5a 4 0 88 57
2 0 56 65
.63f507740e558 4 0 88 33
2 0 71 88
.63f507740ed8e 4 0 64 0
4 1 64 0
4 2 64 0
.63f5077411040 1 0 69 64
.63f507743acf4 4 0 88 66
2 0 68 88
.63f5077442111 1 0 66 64
.63f50774680b2 4 0 88 72
2 0 59 73
.63f5077468735 4 0 88 20
2 0 66 86
.63f507746c922 1 0 63 64
.63f507746cf1a 1 0 68 64
.63f507748bc18 4 0 88 99
2 0 68 72
.63f50774969de 1 0 71 64
.63f507749d59e 1 0 66 64
.63f50774a44e1 4 0 64 127
4 1 64 127
4 2 64 127
.63f50774bb0bd 4 0 88 33
2 0 61 58
.63f50774bde82 4 0 88 68
2 0 64 81
.63f50774be5d0 1 0 59 64
.63f50774bfb1b 1 0 68 64
.63f50774c93fe 1 0 56 64
.63f50774e6ee9 4 0 88 19
2 0 68 79
.63f50774f0909 4 0 64 0
4 1 64 0
4 2 64 0
.63f5077513265 4 0 88 0
2 0 71 100
.63f5077514c12 4 0 88 28
2 0 52 84
.63f507751dde6 1 0 68 64
.63f5077540d35 4 0 88 39
2 0 68 90
.63f5077552939 1 0 71 64
.63f507756dda9 4 0 88 14
2 0 69 94
.63f507756f451 4 0 88 125
2 0 54 65
.63f5077574ffb 1 0 68 64
.63f507759d330 4 0 88 7
2 0 66 95
.63f50775ab881 1 0 64 64
.63f50775ace5d 1 0 61 64
.63f50775baaf7 4 0 64 127
4 1 64 127
4 2 64 127
.63f50775d1df6 4 0 88 98
2 0 57 83
.63f50775d4fc7 4 0 88 85
2 0 63 92
.63f50775d9bad 1 0 66 64
.63f50775dd043 1 0 54 64
.63f50775e9447 1 0 69 64
.63f50775f5407 4 0 64 0
4 1 64 0
4 2 64 0
.63f50775fe4dc 4 0 88 127
2 0 66 77
.63f50776276e4 1 0 63 64
.63f507762a6c2 4 0 88 74
2 0 59 61
.63f507762cfdd 4 0 88 95
2 0 69 75
.63f5077631e44 1 0 57 64
.63f507763b950 1 0 66 64
.63f50776636b2 1 0 69 64
.63f507766785e 4 0 64 127
4 1 64 127
4 2 64 127
.63f50776860d4 4 0 88 66
2 0 66 88
.63f5077687687 1 0 59 64
.63f50776905bb 1 0 52 64
.63f50776a8799 1 0 66 64
.63f50776b6a55 4 0 64 0
4 1 64 0
4 2 64 0
.63f50776b83c7 4 0 88 65
2 0 52 90
.63f50776baa5b 4 0 88 93
2 0 66 79
.63f50776f8d7a 4 0 88 7
2 0 64 90
.63f5077702e02 1 0 66 64
4 0 64 127
4 1 64 127
4 2 64 127
.63f507770e8d0 4 0 88 59
2 0 57 100
.63f507772bdc0 4 0 88 62
2 0 66 91
.63f5077731ae4 4 0 64 0
4 1 64 0
4 2 64 0
.63f507773ea65 1 0 64 64
.63f5077749221 4 0 64 127
4 1 64 127
4 2 64 127
.63f507775da7d 4 0 64 0
4 1 64 0
4 2 64 0
.63f5077778293 4 0 88 62
2 0 63 91
.63f5077779f4a 4 0 88 39
2 0 59 92
.63f507777aff3 1 0 66 64
.63f5077780bd0 1 0 57 64
.63f50777a34ac 4 0 88 48
2 0 66 84
.63f50777d16af 4 0 88 60
2 0 51 81
.63f50777d20cc 4 0 88 103
2 0 69 87
.63f50777d63ee 1 0 66 64
.63f50777e2b2f 1 0 52 64
.63f50777e3563 1 0 59 64
.63f50777fe1b9 4 0 88 57
2 0 66 94
.63f5077801c18 4 0 64 127
4 1 64 127
4 2 64 127
1 0 51 64
.63f507780d6c7 1 0 63 64
.63f5077815472 1 0 69 64
.63f5077827ff2 4 0 88 33
2 0 52 88
.63f507782ce0b 1 0 66 64
.63f507782f2b1 4 0 88 10
2 0 68 92
.63f50778367e7 4 0 64 0
4 1 64 0
4 2 64 0
.63f507785a6b6 4 0 88 94
2 0 59 97
.63f5077864a85 1 0 52 64
.63f50778859e9 4 0 88 14
2 0 66 89
.63f5077885f8a 4 0 88 33
2 0 64 88
.63f5077888212 1 0 59 64
.63f507788f31d 1 0 68 64
.63f50778aea94 4 0 88 33
2 0 63 76
.63f50778b2b7c 4 0 88 6
2 0 68 82
.63f50778b722f 1 0 64 64
.63f50778b852d 1 0 66 64
.63f50778e37ba 4 0 88 3
2 0 61 67
.63f50778e7ba9 4 0 88 55
2 0 69 82
.63f50778ec47a 1 0 68 64
.63f50778ed087 1 0 63 64
.63f507791a1ce 4 0 88 104
2 0 59 71
.63f507791aebd 1 0 61 64
.63f507791df6a 4 0 88 60
2 0 68 81
.63f5077933a5c 1 0 69 64
.63f5077942ff4 4 0 88 53
2 0 57 91
.63f5077947163 4 0 88 114
2 0 66 90
.63f507794b524 1 0 59 64
.63f5077959d99 1 0 68 64
.63f5077972f1c 4 0 88 45
2 0 64 87
4 0 88 25
2 0 56 83
.63f5077977750 1 0 66 64
.63f507797eeac 1 0 57 64
.63f507799431e 4 0 88 114
2 0 54 80
.63f507799b361 1 0 56 64
.63f507799ea37 1 0 64 64
.63f50779a27b8 4 0 88 100
2 0 73 83
.63f50779c4387 4 0 88 0
2 0 57 100
.63f50779d107d 1 0 54 64
.63f50779e0d3e 1 0 73 64
.63f50779f19e2 4 0 88 25
2 0 56 83
.63f50779f1e8b 4 0 88 58
2 0 76 86
.63f50779fcf66 1 0 57 64
.63f5077a0632d 4 0 88 85
2 0 75 95
.63f5077a07889 1 0 76 64
.63f5077a14892 1 0 56 64
.63f5077a15377 4 0 88 20
2 0 54 86
.63f5077a49255 4 0 88 48
2 0 76 96
4 0 88 46
2 0 56 73
.63f5077a5114d 1 0 75 64
.63f5077a53204 1 0 54 64
.63f5077a7de71 4 0 88 121
2 0 64 59
1 0 56 64
.63f5077a87d89 4 0 88 96
2 0 62 27
.63f5077a997b1 1 0 62 64
.63f5077aa3994 4 0 88 97
2 0 71 92
.63f5077aa8137 4 0 88 93
2 0 63 79
.63f5077aaaa96 1 0 64 64
.63f5077ad422e 4 0 88 103
2 0 64 87
.63f5077ad8ec9 1 0 63 64
.63f5077afdef2 4 0 88 125
2 0 73 84
.63f5077b01c85 4 0 88 112
2 0 57 82
.63f5077b03294 1 0 64 64
.63f5077b04f94 1 0 71 64
.63f5077b2f480 4 0 88 111
2 0 64 74
.63f5077b5c094 4 0 88 53
2 0 69 91
.63f5077b5e939 1 0 64 64
.63f5077b5f628 4 0 88 87
2 0 63 75
.63f5077b67f7b 4 0 64 127
4 1 64 127
4 2 64 127
.63f5077b6e814 1 0 76 64
.63f5077b887a3 1 0 69 64
.63f5077b8cbac 4 0 88 41
2 0 64 83
.63f5077b9bf54 1 0 57 64
.63f5077b9e34a 1 0 63 64
.63f5077bbe112 1 0 73 64
.63f5077bbee84 4 0 88 93
2 0 66 79
.63f5077bbf1b9 4 0 88 87
2 0 75 75
.63f5077bbf94c 1 0 64 64
.63f5077bbfd7b 4 0 64 0
4 1 64 0
4 2 64 0
.63f5077bc1578 4 0 88 55
2 0 59 82
.63f5077c28fd7 4 0 88 37
2 0 47 97
.63f5077c2a1ad 4 0 88 41
2 0 71 83
.63f5077c31094 1 0 59 64
.63f5077c398fe 1 0 66 64
.63f5077c63f59 4 0 64 127
4 1 64 127
4 2 64 127
.63f5077c8d1c9 4 0 88 15
2 0 52 73
.63f5077c8f454 1 0 47 64
.63f5077c95bc5 4 0 64 0
4 1 64 0
4 2 64 0
.63f5077c98c2e 1 0 75 64
.63f5077c9b441 4 0 88 45
2 0 76 87
.63f5077c9c4f1 4 0 88 79
2 0 68 59
.63f5077c9cd8a 1 0 71 64
.63f5077ccd3bf 4 0 88 78
2 0 40 89
.63f5077cd9fea 1 0 52 64
.63f5077d017ca 4 0 88 25
2 0 44 83
.63f5077d31b8c 4 0 88 45
2 0 47 87
.63f5077d79068 4 0 88 79
2 0 52 69
.63f5077e447f1 4 0 64 127
4 1 64 127
4 2 64 127
.63f5077e7b02b 1 0 68 64
.63f5077e7b34d 1 0 40 64
.63f5077e7c80f 1 0 76 64
.63f5077e7e234 1 0 47 64
.63f5077e7e5a7 1 0 44 64
.63f5077e7ff35 1 0 52 64
.63f50783102f6 4 0 64 0
4 1 64 0
4 2 64 0
.63f50784bede8 4 0 64 127
4 1 64 127
4 2 64 127
.63f50785081e0 4 0 64 0
4 1 64 0
4 2 64 0
.63f5078525f62 4 0 88 74
2 0 67 59
.63f507854b74e 4 0 88 73
2 0 69 52
.63f5078555bb4 1 0 67 64
.63f5078569f7c 4 0 88 112
2 0 71 56
.63f5078570c1b 1 0 69 64
.63f507858dfa0 4 0 88 87
2 0 72 72
.63f50785911eb 1 0 71 64
.63f50785ad549 4 0 88 95
2 0 67 75
.63f50785b44d2 1 0 72 64
.63f50785ce80a 1 0 67 64
.63f50785d1eba 4 0 88 97
2 0 65 65
.63f50785ecd64 4 0 88 84
2 0 67 63
.63f50785f4c82 1 0 65 64
.63f5078610018 1 0 67 64
.63f507861158e 4 0 88 8
2 0 64 70
.63f5078626b66 1 0 64 64
.63f507862f5ca 4 0 88 112
2 0 69 82
.63f507864f7d2 4 0 88 109
2 0 67 78
.63f507865503b 1 0 69 64
.63f507866e72c 4 0 88 15
2 0 69 73
.63f5078677fee 1 0 67 64
.63f507868ca6a 4 0 88 122
2 0 65 77
.63f50786948ce 1 0 69 64
.63f50786ad8e0 4 0 88 23
2 0 67 76
.63f50786b4d08 1 0 65 64
.63f50786d32e2 4 0 88 59
2 0 64 67
.63f50786d6fca 1 0 67 64
.63f50786ef024 4 0 88 74
2 0 65 61
.63f50786feb9b 1 0 64 64
.63f507870e1e0 4 0 88 119
2 0 62 70
.63f5078714d6c 1 0 65 64
.63f507872ee5a 1 0 62 64
.63f50787300df 4 0 88 24
2 0 67 80
.63f507874f3f5 4 0 88 64
2 0 65 70
.63f5078753ac4 1 0 67 64
.63f5078771bca 4 0 88 79
2 0 67 69
.63f507877a432 1 0 65 64
.63f5078795449 4 0 88 111
2 0 64 74
.63f507879c7f3 1 0 67 64
.63f50787b6502 4 0 88 55
2 0 65 74
.63f50787bd771 1 0 64 64
.63f50787dca36 4 0 88 78
2 0 62 76
.63f50787e1d27 1 0 65 64
.63f50787fbdd7 4 0 88 63
2 0 64 64
.63f50788029a1 1 0 62 64
.63f5078816be6 1 0 64 64
.63f507881d7b7 4 0 88 7
2 0 60 90
.63f507884298b 4 0 88 85
2 0 72 84
.63f507885e0bc 1 0 60 64
.63f50788639ff 4 0 88 13
2 0 76 99
.63f5078867b4d 4 0 88 127
2 0 72 73
.63f507888523c 4 0 88 119
2 0 78 87
.63f507888fe83 1 0 76 64
.63f50788a1ab2 4 0 88 83
2 0 79 98
.63f50788a8af6 1 0 72 64
1 0 72 64
.63f50788aa62d 4 0 88 109
2 0 71 78
.63f50788ae0ca 1 0 78 64
.63f50788bfb3c 4 0 88 14
2 0 74 94
.63f50788d6c01 1 0 79 64
.63f50788e4d4d 4 0 88 11
2 0 72 81
.63f50788e6464 1 0 74 64
.63f50788ec87f 4 0 88 85
2 0 69 84
.63f50788f4627 1 0 71 64
.63f507890c943 4 0 88 71
2 0 74 99
.63f5078917921 1 0 72 64
.63f507892c04a 4 0 88 108
2 0 67 45
.63f507892f232 1 0 74 64
.63f5078931352 4 0 88 7
2 0 71 90
.63f50789331a6 1 0 69 64
.63f5078955452 4 0 88 94
2 0 76 97
.63f507895dcf6 1 0 71 64
.63f507897a34f 4 0 88 20
2 0 72 89
.63f507897ae26 4 0 88 122
2 0 65 90
.63f507898546f 1 0 76 64
.63f507898968b 1 0 67 64
.63f507899e9bc 4 0 88 20
2 0 76 89
.63f50789a2510 1 0 72 64
.63f50789a9089 4 0 88 97
2 0 74 22
.63f50789bbaf3 1 0 74 64
.63f50789bd40a 4 0 88 95
2 0 64 75
.63f50789be865 1 0 65 64
.63f50789c5b38 4 0 88 71
2 0 72 99
.63f50789d79a3 1 0 76 64
.63f50789f0b70 1 0 72 64
.63f5078a24354 1 0 64 64
.63f5078a432ee 4 0 64 127
4 1 64 127
4 2 64 127
.63f5078a4aaba 4 0 88 96
2 0 60 102
.63f5078a6369c 4 0 64 0
4 1 64 0
4 2 64 0
.63f5078a6b1dc 4 0 88 116
2 0 72 86
.63f5078a78406 1 0 60 64
.63f5078a8c06a 1 0 72 64
.63f5078a948e5 4 0 88 122
2 0 60 90
.63f5078ab5d55 4 0 88 94
2 0 72 97
.63f5078ad0891 1 0 72 64
.63f5078ad491b 1 0 60 64
.63f5078ad9405 4 0 88 59
2 0 76 100
.63f5078ada35d 4 0 88 0
2 0 72 100
.63f5078afb28b 4 0 88 7
2 0 78 95
.63f5078b04882 1 0 76 64
.63f5078b19cd7 4 0 88 59
2 0 79 100
.63f5078b2128f 1 0 72 64
.63f5078b21c09 4 0 88 98
2 0 71 83
.63f5078b28600 1 0 78 64
.63f5078b3abce 4 0 88 24
2 0 74 98
.63f5078b4f680 1 0 79 64
.63f5078b5f956 4 0 88 65
2 0 72 90
.63f5078b610b7 4 0 88 60
2 0 69 95
.63f5078b634a5 1 0 74 64
.63f5078b6fb39 1 0 71 64
.63f5078b825df 4 0 88 94
2 0 74 97
.63f5078b8c057 1 0 72 64
.63f5078ba4f40 1 0 74 64
.63f5078ba5356 4 0 88 107
2 0 71 96
4 0 88 45
2 0 67 87
.63f5078ba9d0a 1 0 69 64
.63f5078bc9993 4 0 88 13
2 0 76 99
.63f5078bcfb29 1 0 71 64
.63f5078beee88 4 0 88 37
2 0 72 97
.63f5078bef45f 4 0 88 116
2 0 65 86
.63f5078bf92d7 1 0 76 64
.63f5078bf9928 1 0 67 64
.63f5078c12d6d 4 0 88 47
2 0 74 101
.63f5078c15f3e 1 0 72 64
.63f5078c4fe91 1 0 74 64
.63f5078c5b25d 1 0 65 64
.63f5078c8c255 4 0 88 59
2 0 60 100
.63f5078ca97db 4 0 88 107
2 0 72 96
.63f5078ccc611 1 0 72 64
.63f5078cd00e7 4 0 88 117
2 0 76 100
.63f5078cd5e39 4 0 88 77
2 0 72 104
.63f5078cd6f40 1 0 60 64
.63f5078cf715d 4 0 88 34
2 0 78 96
.63f5078cff348 1 0 76 64
.63f5078d1978a 4 0 88 35
2 0 79 102
.63f5078d1bef0 1 0 72 64
.63f5078d1c80f 4 0 88 98
2 0 71 83
.63f5078d25a38 1 0 78 64
.63f5078d3e3f2 4 0 88 59
2 0 74 100
.63f5078d5551e 1 0 79 64
.63f5078d61728 4 0 88 122
2 0 69 77
.63f5078d627be 4 0 88 78
2 0 72 89
.63f5078d666b4 1 0 74 64
.63f5078d6f07b 1 0 71 64
.63f5078d870f8 4 0 88 72
2 0 74 94
.63f5078d9093b 1 0 72 64
.63f5078da8f93 4 0 88 39
2 0 67 75
.63f5078dabeb4 1 0 69 64
.63f5078dae12a 4 0 88 60
2 0 71 95
.63f5078daf03e 1 0 74 64
.63f5078dcf2f2 4 0 88 59
2 0 76 100
.63f5078dd33b1 1 0 71 64
.63f5078df6222 4 0 88 60
2 0 74 95
.63f5078df94a7 4 0 88 97
2 0 65 92
.63f5078dff974 1 0 76 64
.63f5078e0154c 1 0 67 64
.63f5078e1b590 4 0 88 13
2 0 76 85
.63f5078e2c451 1 0 74 64
.63f5078e40d18 4 0 88 53
2 0 72 91
.63f5078e43054 4 0 88 78
2 0 64 89
.63f5078e49ccb 1 0 76 64
.63f5078e4d43c 1 0 65 64
.63f5078e63039 4 0 88 96
2 0 74 102
.63f5078e6d06e 1 0 72 64
.63f5078e7f424 4 0 88 8
2 0 62 77
.63f5078e86046 1 0 64 64
.63f5078e86df9 4 0 88 77
2 0 71 104
.63f5078e989b7 1 0 74 64
.63f5078eaf2ac 4 0 88 90
2 0 72 88
.63f5078eb6ee8 1 0 71 64
.63f5078ec853b 1 0 62 64
.63f5078ed86fe 1 0 72 64
.63f5078f40ac5 4 0 64 127
4 1 64 127
4 2 64 127
.63f5078f42d95 4 0 88 122
2 0 59 77
.63f5078f581df 4 0 64 0
4 1 64 0
4 2 64 0
.63f5078f6ca68 4 0 88 14
2 0 72 94
.63f5078f80d29 1 0 59 64
.63f5078f8e40a 1 0 72 64
.63f5078f972a5 4 0 88 87
2 0 60 103
.63f5078fc24c7 4 0 88 48
2 0 72 96
.63f5078fdff64 1 0 72 64
.63f5078fe9a89 4 0 88 14
2 0 76 94
.63f5078fec6ae 4 0 88 2
2 0 72 95
.63f5078ff19d2 1 0 60 64
.63f5079012911 4 0 88 62
2 0 78 91
.63f507901bac1 1 0 76 64
.63f5079037c15 4 0 88 117
2 0 79 100
.63f507903c612 1 0 72 64
.63f507903f98a 4 0 88 118
2 0 71 64
.63f5079045cf7 1 0 78 64
.63f5079061605 4 0 88 107
2 0 74 96
.63f5079079468 1 0 79 64
.63f50790889e2 4 0 88 84
2 0 72 93
.63f507908cd55 4 0 88 82
2 0 69 80
.63f507908d073 1 0 74 64
.63f50790995ce 1 0 71 64
.63f50790ae79f 4 0 88 107
2 0 74 96
.63f50790b6ec9 1 0 72 64
.63f50790d6590 4 0 88 24
2 0 67 80
.63f50790d6fd9 1 0 74 64
.63f50790d77ed 4 0 88 27
2 0 71 93
.63f50790da61f 1 0 69 64
.63f50790fc242 4 0 88 13
2 0 76 99
.63f507910211a 1 0 71 64
.63f5079124256 4 0 88 27
2 0 74 93
.63f5079126739 1 0 76 64
.63f5079127e3a 4 0 88 78
2 0 65 89
.63f5079132c5d 1 0 67 64
.63f507914bec5 4 0 88 60
2 0 76 95
.63f507915a69f 1 0 74 64
.63f5079171de5 4 0 88 97
2 0 72 92
.63f5079177b1c 4 0 88 33
2 0 64 88
.63f5079179c0d 1 0 76 64
.63f507917d17b 1 0 65 64
.63f507919745e 4 0 88 59
2 0 74 100
.63f50791a017d 1 0 72 64
.63f50791bd6a7 4 0 88 48
2 0 71 96
.63f50791be6e6 4 0 88 116
2 0 67 86
.63f50791c390d 1 0 64 64
.63f50791cb4cc 1 0 74 64
.63f50791e3834 4 0 88 72
2 0 72 94
.63f50791ed576 1 0 71 64
.63f50792075b9 4 0 88 95
2 0 65 75
.63f5079207ac9 1 0 67 64
.63f507920a8fc 4 0 88 107
2 0 69 96
.63f5079211cb4 1 0 72 64
.63f50792323c1 4 0 88 107
2 0 74 96
.63f5079236a0a 1 0 69 64
.63f5079253932 4 0 88 107
2 0 72 96
.63f507925709b 4 0 88 125
2 0 64 81
.63f507925de24 1 0 74 64
.63f507926ad7e 1 0 65 64
.63f507927638a 4 0 88 45
2 0 74 87
.63f507928576c 1 0 72 64
.63f5079297e7a 1 0 64 64
.63f5079299664 4 0 88 41
2 0 62 83
.63f507929a405 4 0 88 2
2 0 71 95
.63f50792a45ab 1 0 74 64
.63f50792bc5c5 4 0 88 35
2 0 72 102
.63f50792c55bd 1 0 71 64
.63f50792df72e 4 0 88 85
2 0 65 84
.63f50792e0b29 4 0 88 47
2 0 69 101
.63f50792ef9f6 1 0 72 64
.63f50793003f5 1 0 62 64
.63f507930421b 4 0 88 27
2 0 71 103
.63f507930de42 1 0 69 64
.63f50793105f9 4 0 64 127
4 1 64 127
4 2 64 127
.63f5079314c48 1 0 65 64
.63f5079330a08 4 0 64 0
4 1 64 0
4 2 64 0
.63f507933d52f 1 0 71 64
.63f507933fbbc 4 0 88 55
2 0 67 82
.63f5079344f58 4 0 88 84
2 0 64 93
.63f507936eed1 4 0 88 44
2 0 55 65
.63f50793977ab 1 0 64 64
.63f5079398ccf 4 0 88 37
2 0 65 97
.63f507939da9f 4 0 88 94
2 0 57 97
.63f50793abc2f 1 0 55 64
.63f50793bff19 4 0 88 7
2 0 59 90
.63f50793ca035 1 0 57 64
.63f50793e451e 4 0 88 70
2 0 64 85
.63f50793e5921 1 0 65 64
.63f50793e6f14 4 0 88 71
2 0 60 99
.63f50793ece02 1 0 59 64
.63f5079409aa5 4 0 88 98
2 0 55 83
.63f5079414979 1 0 60 64
.63f50794317c3 4 0 88 90
2 0 53 88
.63f5079431f38 4 0 88 84
2 0 62 93
.63f5079432e06 1 0 55 64
.63f5079449763 1 0 64 64
.63f50794555de 4 0 88 68
2 0 55 81
.63f5079462e86 1 0 53 64
.63f507946e2f9 1 0 62 64
.63f5079475d20 4 0 88 2
2 0 52 95
.63f507947697c 4 0 88 79
2 0 60 69
.63f507947f155 1 0 55 64
.63f5079498525 1 0 52 64
.63f507949e0bd 4 0 88 84
2 0 57 93
.63f50794c0bbe 4 0 88 114
2 0 70 80
.63f50794c14d3 4 0 88 14
2 0 55 94
.63f50794c4b54 1 0 57 64
.63f50794d73bb 1 0 67 64
.63f50794e5ac1 4 0 88 14
2 0 57 94
.63f50794ec2df 1 0 55 64
.63f50795089bb 4 0 88 14
2 0 53 94
.63f507950c14d 4 0 88 110
2 0 69 91
.63f507950cb5e 1 0 57 64
.63f507951a3bb 1 0 70 64
.63f507952d67a 4 0 88 7
2 0 55 90
.63f50795353d1 1 0 53 64
.63f50795553d0 4 0 88 2
2 0 52 95
.63f507955b6bb 4 0 88 116
2 0 67 86
.63f507955efae 1 0 55 64
.63f507956b91a 1 0 69 64
.63f507957afab 4 0 88 97
2 0 53 92
.63f50795854a2 1 0 52 64
.63f507959ff16 4 0 88 110
2 0 65 91
.63f50795a05fe 4 0 88 84
2 0 50 93
.63f50795a5df8 1 0 53 64
.63f50795af749 1 0 67 64
.63f50795c4603 1 0 50 64
.63f50795c4e0d 4 0 88 110
2 0 55 91
.63f50795ea23d 4 0 88 72
2 0 53 94
.63f50795ebd2b 1 0 55 64
.63f50795f007a 4 0 88 0
2 0 69 100
.63f50795f997c 1 0 65 64
.63f507960d590 4 0 88 97
2 0 55 92
.63f5079615601 1 0 53 64
.63f5079634ab9 4 0 88 83
2 0 67 98
.63f507963598f 4 0 88 14
2 0 52 94
.63f5079637bde 1 0 55 64
.63f507964965a 1 0 69 64
.63f507965a10f 4 0 88 107
2 0 53 96
.63f507965eaa5 1 0 60 64
.63f507966421a 1 0 52 64
.63f5079684007 4 0 88 87
2 0 50 103
.63f5079685094 4 0 88 7
2 0 65 90
.63f5079685e28 4 0 88 39
2 0 59 92
.63f5079687744 1 0 53 64
.63f5079689f05 1 0 67 64
.63f50796a584b 4 0 64 127
4 1 64 127
4 2 64 127
.63f50796aa70b 4 0 88 84
2 0 52 93
.63f50796b6d59 1 0 50 64
.63f50796b825a 1 0 59 64
.63f50796d1b24 1 0 65 64
.63f50796d5d11 1 0 52 64
.63f50796ebd5c 4 0 64 0
4 1 64 0
4 2 64 0
.63f50796ec84f 4 0 88 8
2 0 64 105
.63f50796edc35 4 0 88 47
2 0 60 101
.63f50796eee71 4 0 88 8
2 0 48 105
.63f507971c4f3 4 0 88 27
2 0 67 93
.63f507972beba 1 0 48 64
.63f5079742784 4 0 88 122
2 0 59 90
.63f507974700e 4 0 88 35
2 0 69 102
.63f507974bc9c 1 0 60 64
.63f5079751a6d 1 0 67 64
.63f507976b59a 4 0 88 47
2 0 71 101
.63f50797789bb 1 0 69 64
.63f5079782109 1 0 64 64
.63f507978ed50 4 0 88 72
2 0 72 94
.63f5079791548 4 0 88 41
2 0 57 83
.63f5079798d9d 1 0 71 64
.63f507979a3f4 1 0 59 64
.63f50797b02aa 4 0 88 66
2 0 66 88
.63f50797d7e6b 4 0 88 78
2 0 64 89
.63f50797d81bf 1 0 66 64
.63f50797d924c 4 0 88 65
2 0 55 90
.63f50797de33c 1 0 57 64
.63f50797fd437 4 0 88 92
2 0 66 101
.63f5079809f50 1 0 64 64
.63f5079822dd6 4 0 88 14
2 0 54 69
.63f5079824c2d 1 0 55 64
.63f5079825a8d 4 0 88 60
2 0 62 95
.63f507982873e 1 0 66 64
.63f5079841235 1 0 72 64
.63f507984595d 4 0 88 43
2 0 66 87
.63f507986dd9a 4 0 88 84
2 0 67 93
.63f507986fa1c 4 0 88 82
2 0 50 80
.63f507987825c 1 0 66 64
.63f507987b2c9 1 0 54 64
.63f5079894c3b 4 0 88 77
2 0 69 104
.63f50798a2587 1 0 67 64
.63f50798bb85b 4 0 88 14
2 0 71 94
.63f50798c0483 4 0 88 11
2 0 55 81
.63f50798c550d 1 0 69 64
.63f50798c74ab 1 0 50 64
.63f50798ca77c 1 0 62 64
.63f50798df5b0 4 0 88 97
2 0 64 92
.63f507990432d 4 0 88 13
2 0 62 99
.63f5079906654 1 0 64 64
.63f5079906da1 4 0 88 91
2 0 54 89
.63f5079908c86 1 0 55 64
.63f507992a972 4 0 88 13
2 0 64 99
.63f5079935c50 1 0 62 64
.63f507994fb22 4 0 88 110
2 0 52 91
.63f5079951e56 4 0 88 37
2 0 60 97
.63f50799530d9 1 0 54 64
.63f5079953df0 1 0 64 64
.63f5079978311 4 0 88 122
2 0 64 90
.63f50799797ac 1 0 71 64
.63f5079997c00 4 0 88 62
2 0 66 91
.63f507999ae70 1 0 52 64
.63f507999b63c 4 0 88 112
2 0 55 82
.63f50799a7c99 1 0 64 64
.63f50799b9baf 4 0 88 14
2 0 67 94
.63f50799c8478 1 0 66 64
.63f50799dce18 4 0 88 107
2 0 69 96
.63f50799e2ba2 4 0 88 88
2 0 54 70
.63f50799e7a89 1 0 67 64
.63f50799e7d0e 1 0 55 64
.63f50799ecf20 1 0 60 64
.63f5079a016d5 4 0 88 20
2 0 62 89
.63f5079a27b58 4 0 88 58
2 0 50 86
.63f5079a2993d 1 0 62 64
.63f5079a29c3f 4 0 88 0
2 0 60 100
.63f5079a30728 1 0 54 64
.63f5079a4af25 4 0 88 107
2 0 62 96
.63f5079a56951 1 0 60 64
.63f5079a72f79 4 0 88 127
2 0 55 73
1 0 62 64
.63f5079a733b2 4 0 88 60
2 0 59 95
.63f5079a8d746 1 0 50 64
.63f5079a94d0d 4 0 88 70
2 0 62 85
.63f5079ab3546 1 0 69 64
.63f5079abac4c 1 0 55 64
.63f5079abaf7a 4 0 88 109
2 0 64 78
.63f5079ac1bec 4 0 88 49
2 0 54 62
.63f5079ac4788 1 0 62 64
.63f5079add680 4 0 88 112
2 0 66 96
.63f5079ae9a90 1 0 64 64
.63f5079af7bee 1 0 59 64
.63f5079b04155 4 0 88 98
2 0 67 83
.63f5079b0a64a 1 0 54 64
.63f5079b0bc6f 4 0 88 32
2 0 52 63
.63f5079b12d3e 1 0 66 64
.63f5079b27a11 4 0 88 53
2 0 60 91
.63f5079b4ecd1 4 0 88 85
2 0 59 84
.63f5079b5064b 1 0 60 64
.63f5079b51931 4 0 88 58
2 0 50 86
.63f5079b5232f 1 0 52 64
.63f5079b6defb 4 0 88 14
2 0 60 94
.63f5079b78aa0 1 0 59 64
.63f5079b969d8 4 0 88 24
2 0 57 98
.63f5079b9792f 1 0 67 64
.63f5079b9f439 4 0 88 116
2 0 48 86
.63f5079baf6ce 1 0 50 64
.63f5079bb309b 1 0 60 64
.63f5079bbc16b 4 0 88 118
2 0 67 95
.63f5079be598b 4 0 88 72
2 0 66 85
.63f5079be7a3f 4 0 88 65
2 0 45 77
.63f5079beb837 1 0 48 64
.63f5079bf7c17 1 0 57 64
.63f5079c02c12 1 0 67 64
.63f5079c08a81 4 0 88 68
2 0 64 81
.63f5079c128d3 1 0 66 64
.63f5079c30772 4 0 88 57
2 0 66 94
.63f5079c315b6 4 0 88 78
2 0 50 89
.63f5079c31c83 1 0 45 64
.63f5079c3d541 1 0 64 64
.63f5079c55350 4 0 88 107
2 0 62 96
.63f5079c74d40 4 0 88 1
2 0 38 86
.63f5079c7a06c 1 0 50 64
.63f5079c7e1f8 4 0 88 27
2 0 60 103
.63f5079c8194c 1 0 62 64
.63f5079c87952 4 0 64 127
4 1 64 127
4 2 64 127
.63f5079ca0de8 4 0 88 71
2 0 62 99
.63f5079cad8ce 1 0 60 64
.63f5079cb012e 1 0 66 64
.63f5079cb6690 4 0 64 0
4 1 64 0
4 2 64 0
.63f5079cba083 4 0 88 78
2 0 43 89
.63f5079cbf916 1 0 38 64
.63f5079cca3bd 4 0 88 0
2 0 67 100
.63f5079cca790 1 0 62 64
.63f5079ccbf28 4 0 88 20
2 0 59 89
.63f5079ce6172 4 0 88 41
2 0 50 83
.63f5079ce6b4d 1 0 43 64
.63f5079d12cf0 4 0 88 112
2 0 52 82
.63f5079d1baa6 1 0 50 64
.63f5079d33e0f 4 0 88 80
2 0 54 82
.63f5079d3c44a 1 0 52 64
.63f5079d44760 1 0 59 64
.63f5079d5a857 4 0 88 60
2 0 55 95
.63f5079d5dca8 1 0 54 64
.63f5079d7e961 4 0 88 122
2 0 50 90
.63f5079d8771e 1 0 55 64
.63f5079da5379 4 0 88 13
2 0 48 99
.63f5079da9a0f 1 0 50 64
.63f5079dc39b4 4 0 88 20
2 0 50 89
.63f5079dc9f1a 1 0 48 64
.63f5079dedfc3 4 0 88 8
2 0 47 105
.63f5079deea2a 1 0 50 64
.63f5079df691a 1 0 67 64
.63f5079e150b8 4 0 88 84
2 0 62 93
.63f5079e3afd1 4 0 88 33
2 0 64 88
.63f5079e3dfed 4 0 88 24
2 0 48 98
.63f5079e424b3 1 0 47 64
.63f5079e425ef 1 0 62 64
.63f5079e5d2a4 4 0 88 40
2 0 66 80
.63f5079e66671 1 0 64 64
.63f5079e7efa4 4 0 88 20
2 0 67 89
.63f5079e884ee 4 0 88 84
2 0 47 93
.63f5079e89bfe 1 0 66 64
.63f5079e8cadb 1 0 48 64
.63f5079ea3d3b 4 0 88 90
2 0 62 88
.63f5079ecb518 4 0 88 2
2 0 60 95
.63f5079ecfdf6 4 0 88 37
2 0 45 97
.63f5079ed0090 1 0 62 64
.63f5079edb7f2 1 0 47 64
.63f5079ef106e 4 0 88 39
2 0 62 92
.63f5079ef651a 1 0 67 64
.63f5079ef9901 1 0 60 64
.63f5079f156d8 4 0 88 28
2 0 43 84
.63f5079f1802b 1 0 62 64
.63f5079f19851 4 0 88 53
2 0 59 91
.63f5079f19956 1 0 45 64
.63f5079f43958 1 0 59 64
.63f5079f473eb 4 0 88 45
2 0 64 87
.63f5079f67ce0 4 0 88 65
2 0 62 90
.63f5079f6e5f3 4 0 88 48
2 0 47 96
.63f5079f74249 1 0 64 64
.63f5079f755e6 1 0 43 64
.63f5079f905a1 4 0 88 103
2 0 64 87
.63f5079f9ea24 1 0 62 64
.63f5079fb5a92 4 0 88 90
2 0 52 88
.63f5079fb743a 4 0 88 2
2 0 60 95
.63f5079fba692 1 0 47 64
.63f5079fbf31c 1 0 64 64
.63f5079fdc089 4 0 88 24
2 0 62 98
.63f5079fe3762 1 0 60 64
.63f5079ffea92 4 0 88 84
2 0 50 93
.63f5079fff4d2 4 0 88 39
2 0 59 92
.63f507a0023ae 1 0 52 64
.63f507a00a8a4 1 0 62 64
.63f507a025638 4 0 88 39
2 0 60 92
.63f507a0302b5 1 0 59 64
.63f507a048a94 4 0 88 0
2 0 57 100
.63f507a04ad71 4 0 88 33
2 0 48 88
.63f507a054934 1 0 60 64
.63f507a0591f8 1 0 50 64
.63f507a070df7 4 0 88 2
2 0 62 95
.63f507a07835a 1 0 57 64
.63f507a094399 4 0 88 24
2 0 60 98
.63f507a094afa 1 0 48 64
.63f507a094ce0 4 0 88 70
2 0 45 85
.63f507a09c139 1 0 62 64
.63f507a0b620f 4 0 88 95
2 0 62 79
.63f507a0c8603 1 0 60 64
.63f507a0df2ec 4 0 88 45
2 0 59 87
.63f507a0df646 4 0 88 39
2 0 50 92
.63f507a0e2cb6 1 0 62 64
.63f507a0ec4ab 1 0 45 64
.63f507a103e2e 4 0 88 2
2 0 60 95
.63f507a109edc 1 0 59 64
.63f507a124b15 4 0 88 84
2 0 57 93
.63f507a129319 4 0 88 118
2 0 48 95
.63f507a1336df 1 0 50 64
.63f507a137a85 1 0 60 64
.63f507a14be5c 4 0 88 84
2 0 59 93
.63f507a15b671 1 0 57 64
.63f507a17230f 4 0 88 70
2 0 47 85
.63f507a173c54 1 0 48 64
.63f507a176691 4 0 88 0
2 0 55 100
.63f507a178238 1 0 59 64
.63f507a1b0971 4 0 88 83
2 0 67 98
.63f507a1c0ca5 1 0 55 64
.63f507a1d767c 4 0 88 83
2 0 65 98
.63f507a1ded3b 4 0 88 27
2 0 50 93
.63f507a1e7aa8 1 0 67 64
.63f507a1fe3a2 1 0 47 64
.63f507a1fe6d0 4 0 88 122
2 0 67 90
.63f507a20f759 1 0 65 64
.63f507a227783 4 0 88 28
2 0 64 84
.63f507a227b58 4 0 88 122
2 0 55 90
.63f507a2290c9 1 0 50 64
.63f507a22c12a 1 0 67 64
.63f507a24be20 4 0 88 83
2 0 65 98
.63f507a2530b0 1 0 64 64
.63f507a270e80 4 0 88 45
2 0 62 87
.63f507a275478 4 0 88 24
2 0 53 80
.63f507a277723 1 0 55 64
.63f507a27b8cb 1 0 65 64
.63f507a294115 4 0 88 110
2 0 64 91
.63f507a2a04a3 1 0 62 64
.63f507a2b86f9 1 0 53 64
.63f507a2b9ae6 4 0 88 87
2 0 60 103
.63f507a2bb573 4 0 88 127
2 0 52 73
.63f507a2bdb8f 1 0 64 64
.63f507a2e04c5 4 0 88 47
2 0 72 101
.63f507a2e2314 1 0 60 64
.63f507a3051e1 4 0 88 85
2 0 70 92
.63f507a310c44 1 0 72 64
.63f507a311421 4 0 88 53
2 0 55 91
.63f507a32556a 4 0 88 82
2 0 72 80
.63f507a333181 1 0 70 64
.63f507a33a4f8 1 0 52 64
.63f507a34e5b4 4 0 88 84
2 0 69 93
.63f507a354ce2 4 0 88 24
2 0 60 98
.63f507a3573c6 1 0 72 64
.63f507a359d1e 1 0 55 64
.63f507a371e0b 4 0 88 85
2 0 70 95
.63f507a378ac1 1 0 69 64
.63f507a39d1c2 4 0 88 0
2 0 67 100
.63f507a3a0665 4 0 88 119
2 0 58 87
.63f507a3a9280 1 0 60 64
.63f507a3b07cb 1 0 70 64
.63f507a3c3bf0 4 0 88 35
2 0 69 102
.63f507a3d197f 1 0 67 64
.63f507a3e9d2c 4 0 88 122
2 0 57 90
.63f507a3ea23c 4 0 88 47
2 0 65 101
.63f507a3ed0c9 1 0 58 64
.63f507a3ed5bf 1 0 69 64
.63f507a40d6c7 1 0 65 64
.63f507a40fdb8 4 0 88 105
2 0 77 101
.63f507a435acb 4 0 88 110
2 0 76 91
.63f507a43b2be 4 0 88 97
2 0 60 92
.63f507a43f587 1 0 77 64
.63f507a4553ec 4 0 88 110
2 0 77 91
.63f507a4633eb 1 0 57 64
.63f507a464686 1 0 76 64
.63f507a47af4c 4 0 88 118
2 0 74 95
.63f507a481e62 4 0 88 72
2 0 65 94
.63f507a484472 1 0 77 64
.63f507a4853ea 1 0 60 64
.63f507a4a0467 4 0 88 35
2 0 76 102
.63f507a4a523b 1 0 74 64
.63f507a4c56fe 4 0 88 97
2 0 72 92
.63f507a4d06ea 4 0 88 11
2 0 64 81
.63f507a4d4162 1 0 76 64
.63f507a4d45d6 1 0 65 64
.63f507a4e855e 4 0 64 127
4 1 64 127
4 2 64 127
.63f507a4eba28 4 0 88 117
2 0 74 100
.63f507a4f86b3 1 0 72 64
.63f507a4fcd3a 4 0 64 0
4 1 64 0
4 2 64 0
.63f507a510764 4 0 88 78
2 0 62 76
.63f507a512295 4 0 88 94
2 0 71 97
.63f507a512658 1 0 64 64
.63f507a514774 1 0 74 64
.63f507a53973e 4 0 88 0
2 0 79 100
.63f507a5580bd 4 0 88 109
2 0 69 78
.63f507a55fe94 4 0 88 35
2 0 81 102
.63f507a5689aa 1 0 71 64
.63f507a5707b9 1 0 79 64
.63f507a584f6f 4 0 88 18
2 0 83 104
.63f507a594388 1 0 81 64
.63f507a5a42cf 1 0 69 64
.63f507a5a5c13 4 0 88 24
2 0 67 69
.63f507a5a7be7 4 0 88 35
2 0 84 102
.63f507a5a9a1f 1 0 62 64
.63f507a5ab755 4 0 88 104
2 0 64 71
.63f507a5b8d89 1 0 83 64
.63f507a5cc2e5 4 0 88 0
2 0 79 100
.63f507a5e71df 1 0 64 64
.63f507a5f1fa7 4 0 88 35
2 0 77 102
.63f507a5f378f 4 0 88 122
2 0 62 77
.63f507a5f737d 1 0 79 64
.63f507a615bdb 4 0 88 118
2 0 79 95
.63f507a61ee25 1 0 84 64
.63f507a61f7bd 1 0 77 64
.63f507a63af7b 1 0 79 64
.63f507a63b4a9 4 0 88 112
2 0 60 82
.63f507a63bc6f 1 0 62 64
.63f507a63cb56 4 0 88 2
2 0 76 95
.63f507a66405d 4 0 88 35
2 0 81 102
.63f507a666c2c 1 0 76 64
.63f507a686851 4 0 88 60
2 0 79 95
.63f507a68c0d7 4 0 88 51
2 0 64 78
.63f507a68dcdd 1 0 81 64
.63f507a694541 1 0 67 64
.63f507a6a9669 4 0 88 72
2 0 81 94
.63f507a6b69af 4 0 88 114
2 0 83 30
.63f507a6ba529 1 0 79 64
.63f507a6c8bd1 1 0 83 64
.63f507a6ce4c3 4 0 88 13
2 0 77 99
.63f507a6d3888 4 0 88 85
2 0 69 84
.63f507a6d4e0b 1 0 81 64
.63f507a6dc9ee 1 0 64 64
.63f507a6f4a61 4 0 88 20
2 0 79 61
.63f507a6f69a6 1 0 77 64
.63f507a6f7a5b 4 0 88 24
2 0 81 80
.63f507a70951e 1 0 81 64
.63f507a716405 4 0 88 13
2 0 67 85
.63f507a7166a7 4 0 88 2
2 0 76 95
.63f507a71a68e 1 0 69 64
.63f507a7237e2 1 0 79 64
.63f507a73a2ad 4 0 88 72
2 0 77 94
.63f507a745d54 1 0 76 64
.63f507a75da31 4 0 88 24
2 0 65 80
.63f507a75e54e 4 0 88 59
2 0 74 100
.63f507a762b1a 1 0 67 64
.63f507a766151 1 0 77 64
.63f507a78631b 4 0 88 117
2 0 79 100
.63f507a788b0f 1 0 74 64
.63f507a7a6db8 4 0 88 83
2 0 77 98
.63f507a7aa0de 4 0 88 20
2 0 62 89
.63f507a7b23cb 1 0 65 64
.63f507a7b3357 1 0 79 64
.63f507a7b63bd 4 0 64 127
4 1 64 127
4 2 64 127
.63f507a7bbf9c 1 0 60 64
.63f507a7cbbbb 1 0 62 64
.63f507a7ce5f7 4 0 88 118
2 0 79 95
.63f507a7db54a 1 0 77 64
.63f507a7f581e 4 0 88 2
2 0 76 95
.63f507a7fa4ed 4 0 88 76
2 0 58 68
.63f507a7fb190 4 0 88 13
2 0 67 85
.63f507a7fbe5d 1 0 79 64
.63f507a7fc76b 4 0 64 0
4 1 64 0
4 2 64 0
.63f507a81af50 4 0 88 24
2 0 77 98
.63f507a823aab 1 0 76 64
.63f507a8427f8 4 0 88 71
2 0 74 99
.63f507a85189a 4 0 64 127
4 1 64 127
4 2 64 127
.63f507a854d9a 1 0 77 64
.63f507a85d051 1 0 58 64
.63f507a864c3d 4 0 88 110
2 0 76 91
.63f507a86b414 1 0 74 64
.63f507a88356a 4 0 64 0
4 1 64 0
4 2 64 0
.63f507a886038 1 0 67 64
.63f507a889621 4 0 88 97
2 0 57 92
.63f507a89374a 4 0 88 85
2 0 73 92
.63f507a894ce3 1 0 76 64
.63f507a8b8d2c 4 0 88 48
2 0 67 96
.63f507a8dc3a8 4 0 88 33
2 0 65 88
.63f507a8e9d0e 1 0 67 64
.63f507a9058e1 4 0 88 39
2 0 64 92
.63f507a9128c8 1 0 65 64
.63f507a921af2 4 0 88 23
2 0 65 76
.63f507a932cf6 1 0 73 64
.63f507a938a8b 1 0 64 64
.63f507a947668 4 0 88 78
2 0 69 89
.63f507a96befb 4 0 88 27
2 0 74 103
.63f507a9881e9 4 0 64 127
4 1 64 127
4 2 64 127
.63f507a992430 4 0 88 117
2 0 62 100
.63f507a9a0807 1 0 65 64
.63f507a9b0d18 4 0 88 2
2 0 64 95
.63f507a9b22d4 1 0 74 64
.63f507a9bcd53 4 0 64 0
4 1 64 0
4 2 64 0
.63f507a9bd53b 1 0 62 64
.63f507a9cfec2 1 0 69 64
.63f507a9dbbd7 4 0 88 118
2 0 74 95
.63f507aa00461 4 0 88 114
2 0 73 80
.63f507aa0f951 1 0 74 64
.63f507aa26684 4 0 88 37
2 0 71 97
.63f507aa2cd65 1 0 73 64
.63f507aa48775 4 0 88 93
2 0 73 79
.63f507aa519a3 1 0 71 64
.63f507aa6a64f 1 0 73 64
.63f507aa6c13d 4 0 88 47
2 0 69 101
.63f507aa8fec8 4 0 88 60
2 0 74 95
.63f507aab566b 4 0 88 105
2 0 76 101
.63f507aabc642 1 0 64 64
.63f507aac261d 1 0 74 64
.63f507aad7e07 4 0 88 117
2 0 77 100
.63f507aae23a7 1 0 76 64
.63f507aaf4c31 4 0 88 112
2 0 64 82
.63f507ab1eabd 4 0 88 39
2 0 62 92
.63f507ab2a7e0 1 0 64 64
.63f507ab42cd2 4 0 88 39
2 0 61 90
.63f507ab46b93 1 0 62 64
.63f507ab5ee76 1 0 69 64
.63f507ab6b160 4 0 88 83
2 0 62 98
.63f507ab73dc7 1 0 61 64
.63f507ab8dbe9 4 0 88 53
2 0 69 91
.63f507ab956c5 1 0 77 64
.63f507abaf4ce 1 0 57 64
.63f507abb2c0d 4 0 88 117
2 0 74 100
.63f507abbd9e0 4 0 64 127
4 1 64 127
4 2 64 127
.63f507abd775f 4 0 88 119
2 0 77 106
.63f507abe019f 1 0 74 64
.63f507abf5492 4 0 64 0
4 1 64 0
4 2 64 0
.63f507abf906f 4 0 88 119
2 0 76 106
.63f507abfb2a6 4 0 88 46
2 0 56 57
.63f507abff231 1 0 62 64
.63f507ac07015 1 0 77 64
.63f507ac23d3a 4 0 88 110
2 0 62 91
.63f507ac4835e 4 0 88 53
2 0 61 77
.63f507ac55a78 1 0 69 64
.63f507ac5b240 1 0 62 64
.63f507ac5ca34 1 0 56 64
.63f507ac6792c 4 0 64 127
4 1 64 127
4 2 64 127
.63f507ac6aa26 4 0 88 33
2 0 59 88
.63f507ac793e0 1 0 61 64
.63f507ac87868 1 0 76 64
.63f507ac96927 1 0 59 64
.63f507ac97276 4 0 88 93
2 0 61 79
.63f507ac9a0fa 4 0 88 107
2 0 57 96
.63f507aca21e8 4 0 64 0
4 1 64 0
4 2 64 0
.63f507acbd8af 4 0 88 117
2 0 76 100
.63f507ace1cc8 4 0 88 0
2 0 77 106
.63f507ace1ff5 4 0 88 28
2 0 55 84
.63f507ace36f1 1 0 57 64
.63f507ace98b8 1 0 76 64
.63f507ad06570 4 0 88 24
2 0 79 98
.63f507ad0b6cb 1 0 55 64
.63f507ad0ef35 1 0 77 64
.63f507ad146f5 4 0 64 127
4 1 64 127
4 2 64 127
.63f507ad2021e 4 0 64 0
4 1 64 0
4 2 64 0
.63f507ad295d6 4 0 88 71
2 0 81 99
.63f507ad31f04 1 0 79 64
.63f507ad33eb1 4 0 88 82
2 0 53 80
.63f507ad513fd 4 0 88 83
2 0 77 98
.63f507ad7796d 4 0 88 18
2 0 76 104
.63f507ad7c87b 4 0 88 39
2 0 57 92
.63f507ad7e326 1 0 77 64
.63f507ad82137 1 0 61 64
.63f507ad9ad6c 1 0 81 64
.63f507ada0465 4 0 88 87
2 0 77 103
.63f507adaaddb 1 0 76 64
.63f507adc5330 4 0 88 71
2 0 74 99
.63f507adc7d2c 1 0 57 64
.63f507adcb35c 4 0 88 70
2 0 62 85
.63f507addf4db 1 0 77 64
.63f507ade9a94 4 0 88 35
2 0 83 102
.63f507adec184 1 0 53 64
.63f507aded333 4 0 64 127
4 1 64 127
4 2 64 127
.63f507ae0c8cd 4 0 88 105
2 0 81 101
.63f507ae10661 4 0 64 0
4 1 64 0
4 2 64 0
.63f507ae114d6 4 0 88 13
2 0 53 85
.63f507ae170a3 1 0 83 64
.63f507ae2d55c 4 0 88 110
2 0 83 91
.63f507ae3ce75 1 0 81 64
.63f507ae50e0d 4 0 64 127
4 1 64 127
4 2 64 127
.63f507ae5138c 1 0 53 64
.63f507ae52334 4 0 88 10
2 0 80 92
.63f507ae59ee5 1 0 74 64
.63f507ae5bd5d 4 0 88 14
2 0 52 94
.63f507ae629fb 1 0 83 64
.63f507ae711de 4 0 64 0
4 1 64 0
4 2 64 0
.63f507ae7b4bf 1 0 62 64
.63f507ae7cbdc 1 0 80 64
.63f507ae7f75f 4 0 88 84
2 0 71 93
.63f507aea3639 4 0 88 107
2 0 72 96
.63f507aea9697 4 0 88 60
2 0 56 81
.63f507aeb42a6 1 0 71 64
.63f507aec6933 4 0 88 71
2 0 74 99
.63f507aed05c1 1 0 72 64
.63f507aeec993 4 0 88 53
2 0 76 91
.63f507aeef733 4 0 88 14
2 0 60 94
.63f507aef13e0 1 0 56 64
.63f507aef2089 4 0 88 33
2 0 77 48
.63f507aef2ad7 1 0 74 64
.63f507aeff250 1 0 77 64
.63f507af098b4 1 0 52 64
.63f507af13f2a 4 0 88 48
2 0 69 96
.63f507af3a333 4 0 88 48
2 0 67 96
.63f507af3d293 4 0 88 45
2 0 48 87
.63f507af3d794 1 0 69 64
.63f507af55a58 4 0 64 127
4 1 64 127
4 2 64 127
.63f507af5e21b 4 0 88 84
2 0 69 93
.63f507af6aab9 1 0 67 64
.63f507af71aba 1 0 76 64
.63f507af848a0 4 0 64 0
4 1 64 0
4 2 64 0
.63f507af85be6 4 0 88 48
2 0 65 96
.63f507af8d520 4 0 88 1
2 0 50 86
.63f507af9e524 1 0 48 64
.63f507afa998f 1 0 69 64
.63f507afafef6 4 0 88 77
2 0 74 104
.63f507afb5066 1 0 60 64
.63f507afb8a76 1 0 65 64
.63f507afd2aac 4 0 88 13
2 0 72 99
.63f507afd5d9e 4 0 88 52
2 0 54 64
.63f507afdeb13 1 0 74 64
.63f507afee1d7 1 0 50 64
.63f507aff7a39 4 0 88 27
2 0 74 93
.63f507b005b48 1 0 72 64
.63f507b01e5d1 4 0 88 97
2 0 71 92
.63f507b01f5eb 4 0 88 114
2 0 56 80
.63f507b027e70 1 0 54 64
.63f507b02848f 1 0 74 64
.63f507b040371 4 0 88 37
2 0 72 97
.63f507b04bd1a 1 0 71 64
.63f507b067fe7 4 0 88 117
2 0 69 100
.63f507b069448 4 0 88 53
2 0 57 91
.63f507b06fd6f 1 0 56 64
.63f507b07ab4c 1 0 72 64
.63f507b088d32 4 0 88 1
2 0 71 86
.63f507b091136 1 0 69 64
.63f507b0ad4c5 1 0 57 64
.63f507b0af43c 4 0 88 58
2 0 59 86
.63f507b0b6baf 4 0 88 10
2 0 68 98
.63f507b0bfcf7 1 0 71 64
.63f507b0d91b4 4 0 88 63
2 0 52 64
.63f507b0dd1b8 1 0 59 64
.63f507b0ff432 4 0 88 60
2 0 54 81
.63f507b102271 4 0 88 78
2 0 64 89
.63f507b10a2da 1 0 52 64
.63f507b10a9e0 1 0 68 64
.63f507b124360 4 0 88 87
2 0 56 75
.63f507b133f86 1 0 54 64
.63f507b1482b9 4 0 88 71
2 0 57 99
.63f507b14dd21 1 0 56 64
.63f507b150a12 1 0 64 64
.63f507b170c1b 4 0 88 90
2 0 64 88
.63f507b1718ed 4 0 88 60
2 0 52 95
.63f507b17ad86 1 0 57 64
.63f507b19594c 4 0 88 61
2 0 66 97
.63f507b199ca1 4 0 88 71
2 0 50 99
.63f507b19ef74 1 0 52 64
.63f507b1a9aa7 1 0 64 64
.63f507b1b84cc 4 0 88 48
2 0 68 84
.63f507b1bd2b2 4 0 88 78
2 0 52 89
.63f507b1c2fb7 1 0 50 64
.63f507b1c7946 1 0 66 64
.63f507b1dc685 4 0 88 110
2 0 69 91
.63f507b1e21c7 4 0 88 0
2 0 48 106
.63f507b1e46b1 1 0 52 64
.63f507b1f0fb6 1 0 68 64
.63f507b20b5c7 4 0 88 83
2 0 53 98
.63f507b20cff9 1 0 48 64
.63f507b22a2f9 4 0 88 78
2 0 60 89
.63f507b231cbd 1 0 53 64
.63f507b231e98 4 0 88 48
2 0 52 96
.63f507b25454b 4 0 88 60
2 0 53 95
.63f507b259a32 1 0 52 64
.63f507b279c95 4 0 88 27
2 0 50 93
.63f507b27c6a1 4 0 88 48
2 0 65 96
.63f507b27dbf4 1 0 53 64
.63f507b28dbcb 1 0 60 64
.63f507b29e2fe 4 0 88 97
2 0 52 92
.63f507b2a5236 1 0 50 64
.63f507b2c55e8 4 0 88 13
2 0 48 99
.63f507b2c9d17 4 0 88 65
2 0 64 90
.63f507b2cf901 1 0 52 64
.63f507b2db86a 1 0 65 64
.63f507b2e7cf4 4 0 88 65
2 0 50 90
.63f507b2eed56 1 0 48 64
.63f507b30c8e0 4 0 88 84
2 0 47 93
.63f507b312d88 1 0 50 64
.63f507b318071 4 0 88 87
2 0 62 103
.63f507b32036a 1 0 64 64
.63f507b333fc3 1 0 47 64
.63f507b3373cc 4 0 88 110
2 0 52 91
.63f507b35ce02 4 0 88 78
2 0 59 89
.63f507b35d12b 4 0 88 125
2 0 68 84
.63f507b35e2b6 4 0 88 112
2 0 50 82
.63f507b35e9e4 1 0 62 64
.63f507b364c0e 1 0 52 64
.63f507b36f0f8 1 0 69 64
.63f507b37d457 4 0 64 127
4 1 64 127
4 2 64 127
.63f507b37f566 1 0 59 64
.63f507b388075 4 0 88 97
2 0 52 92
.63f507b38a97a 1 0 50 64
.63f507b3a64da 4 0 64 0
4 1 64 0
4 2 64 0
.63f507b3a9813 4 0 88 35
2 0 48 102
.63f507b3ab646 4 0 88 47
2 0 69 101
.63f507b3ac6ea 1 0 52 64
.63f507b3ad044 4 0 88 78
2 0 64 89
.63f507b3b219e 1 0 68 64
.63f507b3cde04 4 0 88 2
2 0 50 95
.63f507b3d468b 1 0 48 64
.63f507b3f24c6 4 0 88 0
2 0 47 100
.63f507b3f6f61 4 0 88 94
2 0 71 97
.63f507b3fab98 1 0 50 64
.63f507b409f2e 1 0 69 64
.63f507b40ccbf 4 0 64 127
4 1 64 127
4 2 64 127
.63f507b41bc03 4 0 88 72
2 0 48 94
.63f507b4266a1 1 0 71 64
.63f507b427a31 1 0 47 64
.63f507b43bb6a 4 0 64 0
4 1 64 0
4 2 64 0
.63f507b43ddf7 4 0 88 97
2 0 45 92
.63f507b442a21 4 0 88 71
2 0 72 99
.63f507b44429d 1 0 48 64
.63f507b45a81e 1 0 64 64
.63f507b45af72 1 0 45 64
.63f507b45f7ce 4 0 88 37
2 0 57 97
.63f507b486d67 4 0 88 14
2 0 55 94
.63f507b4870b1 1 0 57 64
.63f507b490e85 4 0 88 110
2 0 64 91
.63f507b4ab781 4 0 88 71
2 0 57 99
.63f507b4b056e 1 0 55 64
.63f507b4d35dc 4 0 88 60
2 0 53 95
.63f507b4d7093 4 0 88 39
2 0 69 92
.63f507b4d7303 1 0 57 64
.63f507b4eadc8 1 0 64 64
.63f507b4f8ff2 4 0 88 14
2 0 55 94
.63f507b50139d 1 0 53 64
.63f507b52177e 4 0 88 118
2 0 52 95
.63f507b5242f3 4 0 88 20
2 0 67 89
.63f507b527973 1 0 55 64
.63f507b53e573 1 0 69 64
.63f507b540714 4 0 88 13
2 0 53 85
.63f507b54bbaa 1 0 52 64
.63f507b5636f1 4 0 88 84
2 0 50 93
.63f507b56ae6f 1 0 53 64
.63f507b571de3 4 0 88 105
2 0 65 101
.63f507b57b6ae 1 0 67 64
.63f507b58afb8 1 0 50 64
.63f507b58f6df 4 0 88 7
2 0 55 90
.63f507b5a638c 1 0 72 64
.63f507b5b080e 4 0 88 116
2 0 62 86
.63f507b5b102d 4 0 88 33
2 0 71 88
.63f507b5b49ca 1 0 65 64
.63f507b5b674d 4 0 88 65
2 0 53 90
.63f507b5bccd3 1 0 55 64
.63f507b5d738a 1 0 62 64
.63f507b5e0663 4 0 88 39
2 0 55 92
.63f507b5e3d19 1 0 53 64
.63f507b5fe096 4 0 88 20
2 0 72 89
.63f507b5fe3bb 4 0 88 70
2 0 67 85
.63f507b600dde 4 0 88 27
2 0 52 93
.63f507b6023c0 1 0 71 64
.63f507b6058d4 1 0 55 64
.63f507b6216ea 4 0 88 72
2 0 53 94
.63f507b6290be 1 0 52 64
.63f507b64a25c 4 0 88 0
2 0 50 100
.63f507b64e711 4 0 88 96
2 0 74 102
.63f507b65602d 1 0 53 64
.63f507b65b966 1 0 72 64
.63f507b65ca93 4 0 64 127
4 1 64 127
4 2 64 127
.63f507b66f0d2 4 0 88 97
2 0 52 92
.63f507b67d26d 1 0 74 64
.63f507b67fbea 1 0 50 64
.63f507b6945f4 4 0 64 0
4 1 64 0
4 2 64 0
.63f507b695f69 4 0 88 48
2 0 48 96
.63f507b69b4db 4 0 88 35
2 0 76 102
.63f507b69d43e 1 0 52 64
.63f507b6a99e4 1 0 67 64
.63f507b6b4f26 1 0 48 64
.63f507b6baeab 4 0 88 1
2 0 60 86
.63f507b6e151a 4 0 88 94
2 0 67 97
.63f507b6e26e7 1 0 60 64
.63f507b6e3b78 4 0 88 20
2 0 59 89
.63f507b7074c0 4 0 88 37
2 0 60 97
.63f507b70d422 1 0 59 64
.63f507b72a7b1 4 0 88 60
2 0 57 95
.63f507b72e1b5 4 0 88 27
2 0 72 93
.63f507b72ea3d 1 0 60 64
.63f507b73e9c1 1 0 67 64
.63f507b74ee99 4 0 88 103
2 0 59 87
.63f507b755cc4 1 0 57 64
.63f507b774888 4 0 88 95
2 0 55 79
.63f507b7799ae 4 0 88 118
2 0 71 95
.63f507b7809bc 1 0 59 64
.63f507b781b1d 1 0 72 64
.63f507b796af0 4 0 88 90
2 0 57 88
.63f507b7a21ef 1 0 55 64
.63f507b7bc54c 4 0 88 19
2 0 54 79
.63f507b7c122b 1 0 57 64
.63f507b7c1f86 4 0 88 94
2 0 69 97
.63f507b7ceb3b 1 0 71 64
.63f507b7e1641 1 0 54 64
.63f507b7e5740 4 0 88 33
2 0 59 88
.63f507b80a462 1 0 76 64
.63f507b80af53 4 0 88 7
2 0 57 90
.63f507b80e878 1 0 59 64
4 0 88 91
2 0 66 89
.63f507b8100f7 4 0 88 91
2 0 75 89
.63f507b817e21 1 0 69 64
.63f507b825c2c 4 0 64 127
4 1 64 127
4 2 64 127
.63f507b82a944 1 0 66 64
.63f507b82d727 1 0 75 64
.63f507b830dce 4 0 88 60
2 0 59 95
.63f507b8341c4 1 0 57 64
.63f507b8540d0 4 0 88 28
2 0 55 84
1 0 59 64
.63f507b85cebc 4 0 88 59
2 0 71 100
4 0 88 83
2 0 76 98
.63f507b85d83f 4 0 64 0
4 1 64 0
4 2 64 0
.63f507b879677 4 0 88 27
2 0 57 93
.63f507b883997 1 0 55 64
.63f507b89e127 4 0 88 43
2 0 54 87
.63f507b8a43bd 1 0 57 64
.63f507b8a5131 4 0 88 107
2 0 78 76
.63f507b8adf51 1 0 76 64
.63f507b8c4086 4 0 64 127
4 1 64 127
4 2 64 127
.63f507b8c4543 4 0 88 98
2 0 55 83
.63f507b8ccc9a 1 0 54 64
.63f507b8cfb99 4 0 64 0
4 1 64 0
4 2 64 0
.63f507b8e7395 1 0 71 64
.63f507b8eb966 4 0 88 107
2 0 79 96
.63f507b8ee855 4 0 88 96
2 0 52 102
.63f507b8f44d7 1 0 55 64
.63f507b8fd231 1 0 78 64
.63f507b91a317 4 0 88 70
2 0 71 85
.63f507b93b667 4 0 88 125
2 0 73 84
.63f507b94c55b 1 0 71 64
.63f507b94dad2 4 0 64 127
4 1 64 127
4 2 64 127
.63f507b950388 1 0 52 64
.63f507b961844 4 0 88 91
2 0 75 89
.63f507b974009 1 0 73 64
.63f507b987d32 4 0 88 116
2 0 76 86
.63f507b98e293 4 0 64 0
4 1 64 0
4 2 64 0
.63f507b993d4f 1 0 75 64
.63f507b9a7d92 4 0 88 107
2 0 71 96
.63f507b9adf83 1 0 76 64
.63f507b9bd12b 4 0 64 127
4 1 64 127
4 2 64 127
.63f507b9ceaf4 4 0 88 110
2 0 69 91
.63f507b9cf1ed 1 0 71 64
.63f507b9f290f 4 0 88 96
2 0 71 102
.63f507b9fe63b 1 0 69 64
.63f507ba134a3 4 0 88 55
2 0 67 82
.63f507ba15fdb 1 0 71 64
.63f507ba19c31 4 0 88 109
2 0 64 78
.63f507ba3b6fd 1 0 67 64
.63f507ba41062 4 0 64 0
4 1 64 0
4 2 64 0
4 0 88 70
2 0 72 85
.63f507ba44c98 4 0 88 13
2 0 76 99
.63f507ba64820 1 0 79 64
.63f507ba67dc0 4 0 88 118
2 0 71 95
.63f507ba6b0de 1 0 72 64
.63f507ba6ba6a 4 0 88 38
2 0 75 99
.63f507ba79f8c 1 0 76 64
.63f507ba8e3ec 4 0 88 2
2 0 72 95
.63f507ba8ea79 4 0 88 58
2 0 76 86
.63f507ba9025c 1 0 71 64
.63f507ba9c332 1 0 75 64
.63f507bab3a23 4 0 88 116
2 0 69 86
.63f507bab4104 1 0 72 64
.63f507bab58a3 4 0 88 59
2 0 84 106
.63f507bad957b 4 0 88 97
2 0 71 92
.63f507badc483 1 0 69 64
.63f507bafbb78 4 0 88 116
2 0 67 86
.63f507bb0783a 4 0 88 59
2 0 83 106
.63f507bb08cd3 1 0 71 64
.63f507bb21587 4 0 88 110
2 0 69 91
.63f507bb26b15 1 0 67 64
.63f507bb2737a 1 0 84 64
.63f507bb48abe 4 0 88 88
2 0 66 70
.63f507bb4e447 4 0 88 8
2 0 81 105
.63f507bb55d16 1 0 83 64
.63f507bb55e62 1 0 69 64
.63f507bb6eba2 4 0 64 127
4 1 64 127
4 2 64 127
.63f507bb7432d 1 0 66 64
.63f507bb76397 4 0 88 84
2 0 71 93
.63f507bb97806 4 0 88 110
2 0 69 91
.63f507bb99eef 4 0 88 34
2 0 78 96
.63f507bb9b9a9 1 0 76 64
.63f507bb9ceb4 1 0 64 64
.63f507bb9ea99 1 0 71 64
.63f507bba3a01 1 0 81 64
.63f507bbc1a69 4 0 88 118
2 0 71 95
.63f507bbcc7a7 4 0 64 0
4 1 64 0
4 2 64 0
.63f507bbcd45b 1 0 69 64
.63f507bbdce31 4 0 88 47
2 0 63 37
.63f507bbe41a8 4 0 88 23
2 0 83 110
.63f507bbea21d 1 0 71 64
.63f507bbed10b 1 0 78 64
.63f507bbede27 4 0 88 51
2 0 67 78
.63f507bc0bcab 4 0 88 107
2 0 69 96
.63f507bc10fc8 1 0 67 64
.63f507bc2bf20 4 0 88 66
2 0 66 88
.63f507bc2f56a 1 0 69 64
.63f507bc382ed 4 0 88 87
2 0 81 103
.63f507bc519f4 4 0 88 84
2 0 67 93
.63f507bc5a631 1 0 63 64
.63f507bc62cd1 1 0 66 64
.63f507bc7b23c 4 0 88 39
2 0 79 92
.63f507bc7c3b2 4 0 88 72
2 0 64 94
.63f507bc7fad6 1 0 67 64
.63f507bc8aa51 1 0 81 64
.63f507bc8cc4f 1 0 83 64
.63f507bca48c0 4 0 88 39
2 0 76 92
.63f507bca7d74 1 0 79 64
.63f507bcc725a 4 0 88 125
2 0 75 84
.63f507bccecd3 4 0 88 13
2 0 67 85
.63f507bcd32fb 1 0 76 64
.63f507bce6ba4 4 0 88 65
2 0 76 77
.63f507bcee5c3 1 0 75 64
.63f507bd0eb32 1 0 67 64
.63f507bd12887 4 0 88 122
2 0 72 90
.63f507bd149b2 4 0 88 95
2 0 69 79
.63f507bd1807c 1 0 76 64
.63f507bd37702 4 0 88 70
2 0 76 85
.63f507bd3e564 1 0 72 64
.63f507bd5ebb6 4 0 88 84
2 0 71 93
.63f507bd62f14 4 0 88 98
2 0 67 83
.63f507bd684c7 1 0 69 64
.63f507bd6955f 1 0 76 64
.63f507bd84de0 4 0 88 20
2 0 76 89
.63f507bd8f740 1 0 71 64
.63f507bda5f97 4 0 88 87
2 0 66 75
.63f507bdaa0ad 4 0 88 83
2 0 69 98
.63f507bdb361b 1 0 67 64
.63f507bdb4cf0 1 0 76 64
.63f507bdd1a9e 4 0 88 7
2 0 76 90
.63f507bdd671c 1 0 69 64
.63f507bdf908b 1 0 66 64
.63f507bdfa699 4 0 88 24
2 0 72 98
.63f507bdfcf78 4 0 88 116
2 0 69 86
.63f507be04193 1 0 76 64
.63f507be1cd05 4 0 88 24
2 0 76 98
.63f507be2591a 1 0 72 64
.63f507be4445e 4 0 88 33
2 0 71 88
.63f507be4c980 1 0 69 64
.63f507be4ee29 4 0 88 51
2 0 67 78
.63f507be509cb 1 0 76 64
.63f507be66776 4 0 88 55
2 0 76 82
.63f507be75020 1 0 71 64
.63f507be89bd3 4 0 88 2
2 0 69 95
.63f507be90d3c 4 0 88 33
2 0 66 76
.63f507be99067 1 0 76 64
.63f507be9d5ce 1 0 67 64
.63f507beaecff 1 0 64 64
.63f507beaf481 4 0 88 58
2 0 76 86
.63f507beb5c47 1 0 69 64
.63f507bed8041 4 0 88 35
2 0 67 102
.63f507bede1b5 4 0 88 45
2 0 64 87
.63f507bedfd9e 1 0 76 64
.63f507bee560c 1 0 66 64
.63f507befc195 4 0 88 94
2 0 76 97
.63f507bf1d049 4 0 88 6
2 0 67 31
.63f507bf23517 4 0 88 85
2 0 75 92
.63f507bf26338 4 0 88 112
2 0 55 82
.63f507bf3212b 1 0 76 64
.63f507bf476c0 4 0 88 125
2 0 76 81
.63f507bf53bb9 1 0 75 64
.63f507bf5467d 1 0 67 64
1 0 67 64
.63f507bf6e7c6 4 0 88 14
2 0 69 94
.63f507bf74a6e 4 0 88 55
2 0 60 82
.63f507bf77b9a 1 0 76 64
.63f507bf8a9e3 4 0 64 127
4 1 64 127
4 2 64 127
.63f507bf9354a 4 0 88 59
2 0 76 100
.63f507bf98f08 1 0 55 64
.63f507bf9d5ec 1 0 69 64
.63f507bfb82c8 4 0 88 72
2 0 67 94
.63f507bfbc663 4 0 64 0
4 1 64 0
4 2 64 0
.63f507bfbdd74 4 0 88 70
2 0 59 85
.63f507bfc0b3b 1 0 76 64
.63f507bfc265e 1 0 60 64
.63f507bfdbe7f 4 0 88 7
2 0 76 90
.63f507bfdfc51 1 0 67 64
.63f507c00860e 4 0 88 34
2 0 66 96
.63f507c00baef 1 0 76 64
.63f507c00cbcc 4 0 88 41
2 0 57 83
.63f507c00edcb 1 0 59 64
.63f507c0295e8 4 0 88 96
2 0 67 68
.63f507c031936 1 0 66 64
.63f507c0523cf 4 0 88 100
2 0 54 83
.63f507c05310b 4 0 88 117
2 0 69 100
.63f507c057a95 1 0 57 64
.63f507c05fba5 1 0 67 64
.63f507c07540f 4 0 88 78
2 0 72 66
.63f507c07adaa 4 0 88 33
2 0 71 48
.63f507c080fce 1 0 69 64
.63f507c093bca 1 0 64 64
.63f507c09d969 4 0 88 91
2 0 71 55
.63f507c0a5525 4 0 88 82
2 0 59 80
.63f507c0c2aa0 4 0 88 53
2 0 69 91
.63f507c0c8148 1 0 72 64
.63f507c0d1f58 1 0 54 64
.63f507c0db328 1 0 71 64
1 0 71 64
.63f507c0db839 4 0 64 127
4 1 64 127
4 2 64 127
.63f507c0e644b 4 0 88 6
2 0 63 82
.63f507c0e9248 4 0 88 18
2 0 67 104
.63f507c0ec286 1 0 59 64
.63f507c0ef55f 1 0 69 64
.63f507c109e3e 4 0 88 112
2 0 66 96
.63f507c1149f1 1 0 67 64
.63f507c11914d 4 0 64 0
4 1 64 0
4 2 64 0
.63f507c121cf2 1 0 63 64
.63f507c12e480 1 0 66 64
.63f507c12f015 4 0 88 112
2 0 52 82
.63f507c1308c1 4 0 88 28
2 0 67 84
.63f507c1337d7 4 0 88 2
2 0 64 95
.63f507c162a34 4 0 88 6
2 0 54 82
.63f507c16d80a 1 0 52 64
.63f507c1897c5 4 0 88 110
2 0 55 91
.63f507c192a71 1 0 54 64
.63f507c1b0cf9 1 0 64 64
.63f507c1b0ffe 4 0 88 14
2 0 57 94
.63f507c1bc837 1 0 55 64
.63f507c1d06e4 1 0 67 64
.63f507c1d1a24 4 0 64 127
4 1 64 127
4 2 64 127
.63f507c1d9ac9 4 0 88 14
2 0 59 94
.63f507c1dca2b 1 0 57 64
.63f507c1fdca1 4 0 88 44
2 0 57 65
.63f507c20133b 4 0 88 39
2 0 55 75
.63f507c202d65 1 0 59 64
.63f507c223ce4 4 0 64 0
4 1 64 0
4 2 64 0
.63f507c225781 4 0 88 71
2 0 53 99
.63f507c2274bd 1 0 55 64
.63f507c22920a 4 0 88 35
2 0 67 102
.63f507c229f77 4 0 88 2
2 0 64 95
.63f507c22ff06 1 0 57 64
.63f507c255d5a 1 0 64 64
.63f507c262857 1 0 67 64
.63f507c2668af 1 0 53 64
.63f507c26cf6b 4 0 64 127
4 1 64 127
4 2 64 127
.63f507c28f891 4 0 88 98
2 0 52 83
.63f507c290a38 4 0 88 60
2 0 53 95
.63f507c2946cd 4 0 88 20
2 0 64 89
4 0 88 97
2 0 67 92
.63f507c2a4aae 4 0 64 0
4 1 64 0
4 2 64 0
.63f507c2c5ebc 4 0 88 14
2 0 54 89
.63f507c2c64a6 1 0 53 64
.63f507c2d42ea 1 0 52 64
.63f507c2ed47a 1 0 64 64
.63f507c2f0c01 1 0 54 64
.63f507c2f499d 1 0 67 64
.63f507c2fbc5f 4 0 88 117
2 0 52 100
.63f507c2feae1 4 0 88 13
2 0 64 85
.63f507c2fede0 4 0 88 77
2 0 67 104
.63f507c322a29 4 0 88 76
2 0 54 68
.63f507c33486a 1 0 52 64
.63f507c34bb5f 4 0 88 103
2 0 55 87
.63f507c35c673 1 0 54 64
.63f507c3630ef 4 0 64 127
4 1 64 127
4 2 64 127
.63f507c373308 4 0 88 2
2 0 57 95
.63f507c37da7b 1 0 55 64
.63f507c381dbb 1 0 64 64
.63f507c38d7ee 1 0 67 64
.63f507c397d92 4 0 88 84
2 0 59 93
.63f507c39c7ac 1 0 57 64
.63f507c3b7e6b 4 0 88 48
2 0 55 96
.63f507c3c2a21 1 0 59 64
.63f507c3c6bc1 4 0 64 0
4 1 64 0
4 2 64 0
.63f507c3dbb81 4 0 88 72
2 0 67 94
.63f507c3dbf63 4 0 88 110
2 0 64 91
.63f507c3e126f 4 0 88 72
2 0 52 94
.63f507c3e2724 1 0 55 64
.63f507c3e63be 4 0 88 52
2 0 51 35
.63f507c3f598d 4 0 64 127
4 1 64 127
4 2 64 127
.63f507c4038cf 1 0 51 64
.63f507c406ec7 4 0 88 70
2 0 55 85
.63f507c40764d 1 0 64 64
.63f507c40fb35 1 0 52 64
.63f507c413b29 1 0 67 64
.63f507c427f7a 4 0 88 24
2 0 64 80
.63f507c42a51b 4 0 64 0
4 1 64 0
4 2 64 0
.63f507c42ac9a 4 0 88 10
2 0 67 48
.63f507c42b1a5 4 0 88 39
2 0 49 90
.63f507c42ff6c 1 0 55 64
.63f507c44afc1 1 0 49 64
.63f507c44c0fc 1 0 67 64
.63f507c44f4f6 4 0 88 110
2 0 57 91
.63f507c470359 1 0 64 64
.63f507c474c42 4 0 88 3
2 0 70 67
.63f507c476e83 4 0 88 71
2 0 52 99
.63f507c47a6ca 1 0 57 64
.63f507c47e444 4 0 88 7
2 0 67 90
.63f507c4a23d0 4 0 88 119
2 0 49 87
.63f507c4ab428 4 0 64 127
4 1 64 127
4 2 64 127
.63f507c4ac2eb 1 0 52 64
.63f507c4c18c0 4 0 88 110
2 0 45 91
.63f507c4c6e98 4 0 88 40
2 0 61 80
.63f507c4c7089 1 0 70 64
.63f507c4cbd93 1 0 49 64
.63f507c4e5e28 4 0 64 0
4 1 64 0
4 2 64 0
.63f507c4e9b9e 4 0 88 14
2 0 70 89
.63f507c4ee010 4 0 88 97
2 0 55 92
.63f507c4eeb02 1 0 67 64
.63f507c4f0a18 1 0 45 64
.63f507c50dfd2 4 0 88 103
2 0 69 87
.63f507c514605 4 0 88 72
2 0 53 94
.63f507c517604 1 0 61 64
.63f507c51afa5 1 0 55 64
.63f507c534a68 1 0 70 64
.63f507c539058 4 0 88 13
2 0 67 85
.63f507c53ccd8 4 0 88 122
2 0 52 90
.63f507c54650f 1 0 53 64
.63f507c54e48e 1 0 69 64
.63f507c56228b 4 0 88 45
2 0 50 87
.63f507c562c25 1 0 52 64
.63f507c563878 4 0 88 7
2 0 62 90
.63f507c567514 4 0 88 39
2 0 65 92
.63f507c56a568 1 0 67 64
.63f507c58b3f1 4 0 88 70
2 0 52 85
.63f507c59227a 1 0 50 64
.63f507c5ab414 4 0 88 116
2 0 53 86
.63f507c5b4fba 1 0 52 64
.63f507c5d21a7 4 0 88 45
2 0 55 87
.63f507c5d943c 1 0 53 64
.63f507c5e286e 1 0 62 64
.63f507c5ea6d7 1 0 65 64
.63f507c5f6714 1 0 55 64
.63f507c5f74c7 4 0 88 60
2 0 57 95
.63f507c5ff22f 4 0 64 127
4 1 64 127
4 2 64 127
.63f507c61a446 4 0 88 59
2 0 53 100
.63f507c6253f4 1 0 57 64
.63f507c636d7d 4 0 64 0
4 1 64 0
4 2 64 0
.63f507c642f0e 4 0 88 37
2 0 50 97
.63f507c644bae 4 0 88 110
2 0 65 91
.63f507c64522e 4 0 88 107
2 0 62 96
.63f507c64557a 1 0 53 64
.63f507c662c84 4 0 64 127
4 1 64 127
4 2 64 127
.63f507c668bd2 4 0 88 65
2 0 53 90
.63f507c66cb4d 1 0 62 64
.63f507c676662 1 0 65 64
.63f507c679efe 1 0 50 64
.63f507c68d62d 1 0 53 64
.63f507c68d8a2 4 0 88 94
2 0 47 97
.63f507c694682 4 0 88 48
2 0 62 96
.63f507c698ee4 4 0 88 127
2 0 65 73
.63f507c69d63d 4 0 64 0
4 1 64 0
4 2 64 0
.63f507c6b741f 4 0 88 112
2 0 55 82
.63f507c6b89bf 1 0 47 64
.63f507c6bf73e 1 0 65 64
.63f507c6c7a7b 1 0 62 64
.63f507c6d815a 4 0 88 33
2 0 69 88
.63f507c6d96b2 4 0 88 104
2 0 65 71
.63f507c6dc253 4 0 88 0
2 0 50 100
.63f507c6ddc9f 4 0 64 127
4 1 64 127
4 2 64 127
.63f507c6e583a 1 0 55 64
.63f507c709dca 4 0 88 53
2 0 47 91
.63f507c7147e4 1 0 50 64
.63f507c71581c 4 0 64 0
4 1 64 0
4 2 64 0
.63f507c727c7f 4 0 88 112
2 0 59 82
.63f507c729502 1 0 69 64
.63f507c7299f4 4 0 88 118
2 0 43 95
.63f507c735c3e 1 0 47 64
.63f507c74b450 4 0 88 33
2 0 69 88
.63f507c7507f8 4 0 88 65
2 0 53 90
.63f507c751ccb 1 0 65 64
.63f507c752300 1 0 43 64
.63f507c75e746 1 0 59 64
.63f507c7711f3 4 0 88 94
2 0 67 97
.63f507c776f3d 4 0 88 94
2 0 52 97
.63f507c77e36e 1 0 53 64
.63f507c798c90 4 0 88 95
2 0 65 79
.63f507c79afb1 4 0 88 48
2 0 50 96
.63f507c79c931 1 0 69 64
.63f507c7a5f4a 1 0 52 64
.63f507c7aaf1b 1 0 67 64
.63f507c7c1b3f 1 0 50 64
.63f507c7c1e82 4 0 88 68
2 0 48 105
.63f507c7c2c60 4 0 88 118
2 0 60 95
.63f507c7c32d5 4 0 88 20
2 0 64 89
.63f507c7cbf87 1 0 65 64
.63f507c7eb1f3 4 0 88 53
2 0 50 91
.63f507c7f505e 1 0 48 64
.63f507c809bfd 4 0 88 7
2 0 52 90
.63f507c813d30 1 0 50 64
.63f507c82da70 1 0 60 64
.63f507c830bd7 4 0 88 78
2 0 53 89
.63f507c83913b 1 0 52 64
.63f507c83f4d5 1 0 64 64
.63f507c8434b5 4 0 64 127
4 1 64 127
4 2 64 127
.63f507c8545e8 4 0 88 110
2 0 55 91
.63f507c858c54 1 0 53 64
.63f507c876be0 4 0 88 13
2 0 52 99
.63f507c87fbc9 1 0 55 64
.63f507c88c8d1 4 0 64 0
4 1 64 0
4 2 64 0
.63f507c89e819 4 0 88 87
2 0 48 103
.63f507c8a070e 4 0 88 84
2 0 67 93
.63f507c8a1b0a 1 0 52 64
.63f507c8a2333 4 0 88 33
2 0 64 88
.63f507c8b5989 4 0 64 127
4 1 64 127
4 2 64 127
.63f507c8c0fce 1 0 64 64
.63f507c8c377e 4 0 88 39
2 0 52 92
.63f507c8d1325 1 0 67 64
.63f507c8d20d8 1 0 48 64
.63f507c8e46ae 1 0 52 64
.63f507c8e7047 4 0 88 79
2 0 43 69
.63f507c8e8db6 4 0 88 38
2 0 45 79
.63f507c8e9f11 4 0 88 58
2 0 67 86
.63f507c8eb043 4 0 88 40
2 0 70 80
.63f507c8fbe44 4 0 64 0
4 1 64 0
4 2 64 0
.63f507c9071f8 1 0 45 64
.63f507c90bf29 1 0 43 64
.63f507c90cebc 4 0 88 94
2 0 48 97
.63f507c90fd8d 1 0 70 64
.63f507c92b734 1 0 67 64
.63f507c932c8e 4 0 88 47
2 0 43 101
.63f507c939f52 4 0 88 25
2 0 70 83
.63f507c93a322 1 0 48 64
.63f507c93a51b 4 0 88 28
2 0 74 84
.63f507c95efc6 4 0 88 2
2 0 40 95
.63f507c96b414 1 0 43 64
.63f507c98265a 4 0 88 78
2 0 36 89
.63f507c983c5b 4 0 88 23
2 0 64 76
.63f507c98cba8 1 0 74 64
.63f507c98dae9 1 0 40 64
.63f507c9a778c 4 0 88 7
2 0 46 95
.63f507c9a9a85 1 0 36 64
.63f507c9aa941 4 0 88 60
2 0 74 95
.63f507c9aae53 1 0 70 64
.63f507c9b0fa2 1 0 64 64
.63f507c9ceb52 4 0 88 94
2 0 72 97
.63f507c9d1119 4 0 88 82
2 0 45 80
.63f507c9e8b22 1 0 46 64
.63f507c9efc72 1 0 74 64
.63f507c9f055b 4 0 88 14
2 0 70 89
.63f507c9f5cc5 4 0 88 13
2 0 43 99
.63f507ca00f1a 1 0 45 64
.63f507ca047a2 1 0 72 64
.63f507ca13c9e 4 0 88 65
2 0 69 90
.63f507ca14c4b 4 0 88 0
2 0 41 106
.63f507ca1a554 4 0 88 90
2 0 65 88
.63f507ca1bb6a 1 0 43 64
.63f507ca1c9e9 1 0 70 64
.63f507ca30174 1 0 69 64
.63f507ca3fdd7 4 0 88 0
2 0 72 100
.63f507ca65c6f 4 0 88 48
2 0 74 96
.63f507ca75a1e 1 0 72 64
.63f507ca87d7b 4 0 88 65
2 0 76 90
.63f507ca903ae 4 0 64 127
4 1 64 127
4 2 64 127
.63f507ca9d6c5 1 0 74 64
.63f507caa1e28 1 0 41 64
.63f507caadeba 1 0 65 64
.63f507cab06f2 4 0 88 72
2 0 77 73
.63f507cab7530 1 0 76 64
.63f507caba04c 4 0 88 79
2 0 79 21
.63f507cacaa44 1 0 79 64
.63f507cad0b1a 4 0 88 24
2 0 72 98
.63f507cad5dd0 4 0 88 97
2 0 48 92
.63f507cadf5d7 4 0 64 0
4 1 64 0
4 2 64 0
.63f507caf5963 4 0 88 53
2 0 50 91
.63f507caf9b80 4 0 88 91
2 0 70 89
.63f507cafc7c9 1 0 72 64
.63f507cb03a59 1 0 48 64
.63f507cb1500b 4 0 88 84
2 0 52 93
.63f507cb1c237 4 0 88 13
2 0 72 85
.63f507cb1dd33 1 0 50 64
.63f507cb25918 1 0 70 64
.63f507cb2cba4 1 0 77 64
.63f507cb45e41 4 0 88 0
2 0 69 100
.63f507cb484d4 4 0 88 59
2 0 53 100
.63f507cb4b344 1 0 52 64
.63f507cb4e7e6 1 0 72 64
.63f507cb6d38c 4 0 88 84
2 0 74 93
.63f507cb72aed 1 0 69 64
.63f507cb8f5ca 4 0 88 37
2 0 50 97
.63f507cb90a3c 1 0 53 64
.63f507cb922e2 4 0 88 60
2 0 72 95
.63f507cb9e60f 1 0 74 64
.63f507cbb1929 4 0 88 70
2 0 74 85
.63f507cbc22a3 1 0 72 64
.63f507cbdb96b 4 0 88 114
2 0 70 90
.63f507cbdd367 4 0 88 118
2 0 55 95
.63f507cbe3efe 1 0 50 64
.63f507cbe58d3 1 0 74 64
.63f507cc01479 4 0 88 20
2 0 72 89
.63f507cc0717f 1 0 70 64
.63f507cc278de 4 0 88 48
2 0 69 96
.63f507cc28af0 4 0 88 13
2 0 53 99
.63f507cc2d015 1 0 55 64
.63f507cc3818c 1 0 72 64
.63f507cc4ae24 4 0 88 14
2 0 70 89
.63f507cc56c09 1 0 69 64
.63f507cc6f9cf 4 0 88 90
2 0 67 88
.63f507cc73a4b 4 0 88 27
2 0 52 93
.63f507cc7b615 1 0 53 64
.63f507cc94fbd 1 0 70 64
.63f507cc9cc04 4 0 88 105
2 0 72 101
.63f507cca1dcf 1 0 67 64
.63f507ccb81d2 1 0 52 64
.63f507ccba03f 4 0 88 65
2 0 48 90
.63f507ccc1ade 4 0 88 33
2 0 70 93
.63f507cccd4e1 1 0 72 64
.63f507cce50ce 4 0 88 65
2 0 72 90
.63f507ccefad8 1 0 70 64
.63f507cd06745 4 0 88 60
2 0 53 95
.63f507cd103b2 4 0 88 118
2 0 69 95
.63f507cd1e207 1 0 48 64
.63f507cd25330 1 0 72 64
.63f507cd316f0 4 0 88 10
2 0 70 92
.63f507cd3c5d0 1 0 69 64
.63f507cd55b6d 4 0 88 47
2 0 67 101
.63f507cd5633a 4 0 88 90
2 0 52 88
.63f507cd58ea9 1 0 53 64
.63f507cd60978 1 0 70 64
.63f507cd7ae3b 4 0 88 78
2 0 69 89
.63f507cd7b7b8 1 0 67 64
.63f507cda2975 4 0 88 8
2 0 50 105
.63f507cda3c13 4 0 88 37
2 0 65 97
.63f507cdac56a 1 0 52 64
.63f507cdb9c24 1 0 69 64
.63f507cdca8a6 4 0 64 127
4 1 64 127
4 2 64 127
.63f507cdda557 4 0 88 118
2 0 55 95
.63f507cddc2ba 1 0 65 64
.63f507cdf8c60 4 0 88 77
2 0 48 104
.63f507cdfebcd 4 0 88 82
2 0 57 110
.63f507ce0314a 1 0 55 64
.63f507ce03998 1 0 50 64
.63f507ce080ab 4 0 64 0
4 1 64 0
4 2 64 0
.63f507ce1eb24 4 0 88 13
2 0 47 99
.63f507ce1ff44 4 0 88 59
2 0 59 100
.63f507ce2892b 1 0 48 64
.63f507ce2b686 1 0 57 64
.63f507ce41e9e 4 0 88 8
2 0 60 105
.63f507ce42d07 4 0 88 47
2 0 45 101
.63f507ce49f3d 1 0 47 64
.63f507ce4c58d 1 0 59 64
.63f507ce665e4 4 0 88 105
2 0 55 101
.63f507ce71951 1 0 60 64
.63f507ce8cf06 4 0 88 0
2 0 47 100
.63f507ce903e1 4 0 88 71
2 0 53 99
.63f507ce91ae3 1 0 55 64
.63f507ce99c0f 1 0 45 64
.63f507ce9ea5e 4 0 88 58
2 0 58 29
.63f507ceb44d2 4 0 88 2
2 0 55 95
.63f507ceba05f 1 0 58 64
.63f507cebdc1e 1 0 53 64
.63f507ced9800 1 0 55 64
.63f507cedb58e 4 0 88 24
2 0 52 98
.63f507cedcb12 4 0 88 68
2 0 48 105
.63f507cee87d5 1 0 47 64
.63f507cf02b78 1 0 52 64
.63f507cf0ce64 4 0 88 41
2 0 65 83
.63f507cf17ecf 4 0 88 87
2 0 57 103
.63f507cf34c0b 4 0 88 122
2 0 64 90
.63f507cf39c0c 4 0 88 48
2 0 55 96
.63f507cf3c7c7 1 0 65 64
.63f507cf47d07 1 0 57 64
.63f507cf54a12 4 0 88 122
2 0 65 77
.63f507cf5c4a8 4 0 88 107
2 0 57 96
.63f507cf5f25a 4 0 88 108
2 0 67 41
.63f507cf621e7 1 0 55 64
.63f507cf62c6c 1 0 64 64
.63f507cf6eef6 1 0 67 64
.63f507cf7cf03 4 0 88 39
2 0 62 92
.63f507cf7f8e8 4 0 88 45
2 0 53 87
.63f507cf821bc 1 0 65 64
.63f507cf837a3 1 0 57 64
.63f507cfa10b5 4 0 88 48
2 0 64 96
.63f507cfa3570 4 0 88 94
2 0 55 97
.63f507cfa6ce0 1 0 53 64
.63f507cfab3e6 1 0 62 64
.63f507cfc7aa1 4 0 88 103
2 0 52 87
.63f507cfc8561 4 0 88 71
2 0 60 99
.63f507cfd5817 1 0 55 64
.63f507cfda10a 1 0 64 64
.63f507cfe577b 4 0 88 85
2 0 53 84
.63f507cfeb38f 4 0 88 117
2 0 62 100
.63f507cff2963 1 0 52 64
.63f507cff8b3d 1 0 60 64
.63f507d0111bb 4 0 88 83
2 0 59 98
.63f507d012519 4 0 88 84
2 0 50 93
.63f507d01582e 1 0 62 64
.63f507d017362 1 0 53 64
.63f507d03bcfb 4 0 88 94
2 0 55 97
.63f507d03e4aa 1 0 50 64
.63f507d05dd66 4 0 88 94
2 0 53 97
.63f507d06343d 4 0 88 72
2 0 67 94
.63f507d0638ff 1 0 59 64
.63f507d06502f 1 0 55 64
.63f507d0668e6 4 0 64 127
4 1 64 127
4 2 64 127
.63f507d067fb0 1 0 48 64
.63f507d06d2c2 4 0 88 105
2 0 62 101
.63f507d07f8d3 4 0 88 122
2 0 55 90
.63f507d082de3 1 0 67 64
.63f507d09897e 1 0 53 64
.63f507d0afd9b 4 0 64 0
4 1 64 0
4 2 64 0
.63f507d0d5eff 4 0 64 127
4 1 64 127
4 2 64 127
.63f507d0e28bc 1 0 62 64
.63f507d0e3f61 1 0 55 64
.63f507d0ee11f 4 0 88 53
2 0 52 91
.63f507d0f04e7 4 0 88 27
2 0 48 93
.63f507d0f8daa 4 0 88 50
2 0 47 54
.63f507d106528 1 0 47 64
.63f507d12297c 4 0 88 104
2 0 62 71
.63f507d12cbff 1 0 48 64
.63f507d13060e 1 0 62 64
.63f507d13184d 1 0 52 64
.63f507d13d5b6 4 0 88 31
2 0 52 109
4 0 88 27
2 0 48 103
.63f507d14540d 4 0 64 0
4 1 64 0
4 2 64 0
.63f507d1713b3 4 0 64 127
4 1 64 127
4 2 64 127
.63f507d1a2edf 1 0 48 64
.63f507d1a7cb0 1 0 52 64
.63f507d1b3457 4 0 88 27
2 0 48 103
.63f507d1b8a3d 4 0 88 4
2 0 52 67
.63f507d1ebf4f 1 0 48 64
.63f507d1ee5b4 4 0 88 24
2 0 53 98
.63f507d1ef63a 1 0 52 64
.63f507d212804 1 0 53 64
.63f507d2261ad 4 0 88 118
2 0 53 95
.63f507d226d1d 4 0 64 0
4 1 64 0
4 2 64 0
.63f507d228632 4 0 88 87
2 0 48 103
.63f507d2524df 1 0 53 64
.63f507d255b85 4 0 64 127
4 1 64 127
4 2 64 127
.63f507d2582c3 1 0 48 64
.63f507d264879 4 0 88 68
2 0 48 105
.63f507d265d63 4 0 88 82
2 0 52 110
.63f507d281b67 4 0 64 0
4 1 64 0
4 2 64 0
.63f507d299d0f 1 0 52 64
.63f507d2a4642 4 0 88 68
2 0 65 81
.63f507d2a5eb3 4 0 88 68
2 0 57 105
.63f507d2b37cd 4 0 64 127
4 1 64 127
4 2 64 127
.63f507d2c3897 1 0 57 64
.63f507d2cc821 1 0 65 64
.63f507d2cf7f2 1 0 48 64
.63f507d2ea63f 4 0 88 18
2 0 48 104
.63f507d2edddb 4 0 88 117
2 0 52 100
.63f507d2f1092 4 0 64 0
4 1 64 0
4 2 64 0
.63f507d325438 1 0 52 64
.63f507d328b90 4 0 88 27
2 0 57 103
.63f507d32b9b5 4 0 88 83
2 0 65 98
.63f507d34ed7c 4 0 88 112
2 0 55 82
.63f507d353a1e 4 0 88 48
2 0 64 96
.63f507d356861 1 0 57 64
.63f507d35e2e7 1 0 65 64
.63f507d37624b 4 0 88 116
2 0 65 86
.63f507d379676 4 0 88 77
2 0 57 104
.63f507d37eeda 1 0 55 64
.63f507d385639 1 0 64 64
.63f507d39d27e 1 0 57 64
.63f507d39f7c5 4 0 88 72
2 0 62 94
.63f507d3a190b 4 0 88 98
2 0 53 83
.63f507d3a817f 1 0 65 64
.63f507d3c2967 4 0 88 97
2 0 55 92
.63f507d3c3a9c 4 0 88 37
2 0 64 97
.63f507d3c690a 1 0 53 64
.63f507d3cf4f8 1 0 62 64
.63f507d3e6461 4 0 88 13
2 0 52 85
.63f507d3e7733 4 0 88 94
2 0 60 97
.63f507d3f3222 1 0 55 64
.63f507d3f6ab3 1 0 64 64
.63f507d402bc6 4 0 88 82
2 0 53 80
.63f507d4083f8 4 0 88 0
2 0 62 100
.63f507d41081c 1 0 52 64
.63f507d416645 1 0 60 64
.63f507d42ff89 4 0 88 110
2 0 50 91
.63f507d4302b2 4 0 88 0
2 0 59 100
.63f507d432f3f 1 0 62 64
.63f507d435122 1 0 53 64
.63f507d45780d 4 0 88 37
2 0 55 97
.63f507d45be66 1 0 50 64
.63f507d46e67c 1 0 48 64
.63f507d473cf8 4 0 64 127
4 1 64 127
4 2 64 127
.63f507d47a9b5 4 0 88 116
2 0 53 86
.63f507d4816c8 1 0 55 64
.63f507d485011 4 0 88 109
2 0 62 107
.63f507d48a79d 1 0 59 64
.63f507d4a1ba7 4 0 88 107
2 0 55 96
.63f507d4b2709 1 0 53 64
.63f507d4c646b 4 0 88 53
2 0 52 91
.63f507d4c7127 1 0 55 64
.63f507d4cab6c 4 0 88 105
2 0 67 101
4 0 88 82
2 0 47 80
.63f507d4cbad7 4 0 64 0
4 1 64 0
4 2 64 0
.63f507d4d0a22 1 0 62 64
.63f507d4e9cc0 4 0 88 117
2 0 53 100
.63f507d4f41e0 1 0 52 64
.63f507d51ae14 4 0 88 39
2 0 65 92
.63f507d51b12e 4 0 88 97
2 0 50 92
.63f507d523f80 1 0 53 64
.63f507d5354cd 4 0 88 107
2 0 52 96
.63f507d540d40 1 0 50 64
.63f507d569e3b 1 0 52 64
4 0 88 65
2 0 64 90
.63f507d56a612 4 0 88 0
2 0 48 106
.63f507d572210 1 0 47 64
.63f507d5763a4 1 0 65 64
.63f507d591aa6 4 0 88 47
2 0 43 101
.63f507d5978f2 4 0 88 27
2 0 59 93
.63f507d5985e9 1 0 64 64
.63f507d5b0b59 1 0 48 64
.63f507d5bb664 4 0 88 105
2 0 60 101
4 0 88 65
2 0 45 90
.63f507d5c7295 1 0 59 64
.63f507d5ccbc9 1 0 43 64
.63f507d5d5114 1 0 67 64
.63f507d5dd284 4 0 88 13
2 0 47 99
.63f507d5de70e 4 0 88 24
2 0 62 98
.63f507d5e82d3 1 0 60 64
.63f507d5ea77a 1 0 45 64
.63f507d5ff819 1 0 62 64
.63f507d604266 4 0 88 35
2 0 48 102
.63f507d605206 4 0 88 37
2 0 64 97
.63f507d60a54a 1 0 47 64
.63f507d623f3f 4 0 88 125
2 0 43 81
.63f507d6291c9 4 0 88 1
2 0 67 86
.63f507d64f5c3 1 0 43 64
.63f507d64fe81 4 0 88 13
2 0 69 99
.63f507d6502b4 4 0 88 98
2 0 41 83
.63f507d65c888 1 0 67 64
.63f507d67323f 4 0 88 103
2 0 43 87
.63f507d67669e 4 0 88 2
2 0 71 95
.63f507d6823bf 1 0 41 64
.63f507d688852 1 0 69 64
.63f507d696d86 1 0 48 64
.63f507d69927d 4 0 88 118
2 0 40 95
.63f507d69d0ce 4 0 88 13
2 0 72 99
.63f507d6a1cfa 1 0 43 64
.63f507d6a8fd9 1 0 71 64
.63f507d6b2157 1 0 64 64
.63f507d6c2c36 4 0 88 107
2 0 45 96
.63f507d6c599b 1 0 40 64
.63f507d6d8304 4 0 64 127
4 1 64 127
4 2 64 127
.63f507d6e5ad2 4 0 88 14
2 0 43 94
.63f507d6e5dea 4 0 88 70
2 0 64 85
.63f507d6ecac0 1 0 45 64
.63f507d7071b1 4 0 64 0
4 1 64 0
4 2 64 0
.63f507d70b43d 4 0 88 33
2 0 45 88
.63f507d715b5e 1 0 43 64
.63f507d737112 4 0 88 110
2 0 41 91
.63f507d737439 4 0 88 13
2 0 69 99
.63f507d73b0f3 1 0 45 64
.63f507d75a0f6 4 0 88 110
2 0 43 91
.63f507d761fbe 1 0 41 64
.63f507d781de2 4 0 88 97
2 0 40 92
.63f507d7849c9 4 0 88 48
2 0 67 96
.63f507d788af0 1 0 43 64
.63f507d797115 1 0 69 64
.63f507d7a591c 4 0 88 13
2 0 41 85
.63f507d7b1ffa 1 0 40 64
.63f507d7c8226 4 0 88 110
2 0 38 91
.63f507d7ce575 4 0 88 77
2 0 65 104
.63f507d7d110f 1 0 41 64
.63f507d7d80e2 1 0 67 64
.63f507d7d8300 1 0 64 64
.63f507d7eba66 4 0 64 127
4 1 64 127
4 2 64 127
.63f507d7ec5c1 4 0 88 37
2 0 43 97
.63f507d7f22d1 1 0 38 64
.63f507d804e73 1 0 72 64
.63f507d814468 4 0 88 72
2 0 41 94
.63f507d819895 1 0 65 64
.63f507d819d0b 4 0 88 45
2 0 62 87
.63f507d81a296 4 0 88 116
2 0 71 86
.63f507d81a677 1 0 43 64
.63f507d81d650 4 0 64 0
4 1 64 0
4 2 64 0
.63f507d838d26 4 0 88 20
2 0 43 89
.63f507d841fb4 1 0 41 64
.63f507d8493b8 1 0 62 64
.63f507d86159e 4 0 88 60
2 0 40 95
.63f507d8669af 1 0 43 64
.63f507d867aa6 4 0 88 96
2 0 72 102
.63f507d86960d 4 0 88 72
2 0 64 94
.63f507d86ed39 1 0 71 64
.63f507d886830 4 0 88 107
2 0 41 96
.63f507d88e2b8 1 0 40 64
.63f507d89ea0f 1 0 64 64
.63f507d8ad00c 4 0 64 127
4 1 64 127
4 2 64 127
.63f507d8ae63d 4 0 88 68
2 0 38 105
.63f507d8b361d 4 0 88 53
2 0 74 91
.63f507d8b4961 1 0 72 64
.63f507d8b579e 4 0 88 65
2 0 65 90
.63f507d8b9a33 1 0 41 64
.63f507d8d443c 1 0 65 64
.63f507d8d9d2d 4 0 88 45
2 0 40 87
.63f507d8dd8ad 1 0 74 64
.63f507d8e69d8 1 0 38 64
.63f507d901fe3 4 0 64 0
4 1 64 0
4 2 64 0
.63f507d903928 4 0 88 2
2 0 36 95
.63f507d908330 1 0 40 64
.63f507d9128e4 4 0 88 27
2 0 67 93
.63f507d914ff5 4 0 88 125
2 0 76 81
.63f507d94765b 4 0 88 65
2 0 74 90
.63f507d952a5f 1 0 76 64
.63f507d96a3e0 1 0 67 64
.63f507d9746c5 4 0 88 68
2 0 76 105
.63f507d982b18 1 0 74 64
.63f507d990498 4 0 88 24
2 0 77 98
.63f507d9a4fc3 1 0 76 64
.63f507d9b467d 4 0 88 59
2 0 79 100
.63f507d9b79f7 4 0 64 127
4 1 64 127
4 2 64 127
.63f507d9bfd54 1 0 77 64
.63f507d9c9e36 1 0 36 64
.63f507d9d4f64 4 0 88 118
2 0 72 95
.63f507d9d9690 4 0 88 48
2 0 76 96
.63f507d9ec0b8 1 0 79 64
.63f507d9f75e7 4 0 88 112
2 0 74 82
.63f507d9f99d7 1 0 76 64
.63f507d9ffb6d 4 0 88 7
2 0 71 90
4 0 88 41
2 0 52 108
.63f507da03cd6 4 0 64 0
4 1 64 0
4 2 64 0
.63f507da03f1d 1 0 72 64
.63f507da13928 4 0 88 7
2 0 76 90
.63f507da1e337 4 0 64 127
4 1 64 127
4 2 64 127
.63f507da2336b 1 0 74 64
.63f507da2730e 4 0 88 65
2 0 72 90
.63f507da323b3 1 0 71 64
.63f507da41616 4 0 64 0
4 1 64 0
4 2 64 0
.63f507da46225 1 0 76 64
.63f507da46690 4 0 88 7
2 0 49 95
.63f507da46fac 4 0 88 77
2 0 79 104
.63f507da49190 4 0 88 27
2 0 69 103
.63f507da4d2e0 1 0 72 64
.63f507da4dbd2 1 0 52 64
.63f507da76931 4 0 88 57
2 0 73 94
.63f507da87ad9 4 0 64 127
4 1 64 127
4 2 64 127
.63f507da97541 4 0 88 90
2 0 45 88
.63f507da997f5 4 0 88 8
2 0 74 105
.63f507daa0d3b 1 0 79 64
.63f507daa1673 1 0 49 64
.63f507daaa532 1 0 73 64
.63f507dabc70e 4 0 64 0
4 1 64 0
4 2 64 0
.63f507dabfb2c 4 0 88 77
2 0 76 104
.63f507dace439 1 0 74 64
.63f507dae5796 4 0 88 24
2 0 50 98
.63f507dae599a 4 0 88 0
2 0 77 106
.63f507daea868 1 0 45 64
.63f507daf0c8e 1 0 76 64
.63f507daf7478 1 0 69 64
.63f507db09048 4 0 88 83
2 0 71 98
.63f507db31db3 4 0 88 122
2 0 48 90
.63f507db33212 4 0 88 72
2 0 69 94
.63f507db34783 1 0 71 64
.63f507db34e0e 4 0 88 97
2 0 67 92
.63f507db38da5 1 0 50 64
.63f507db5640d 4 0 88 119
2 0 71 106
.63f507db56f54 1 0 67 64
.63f507db65a6c 1 0 69 64
.63f507db7ba3a 4 0 88 71
2 0 67 99
.63f507db7f681 1 0 71 64
.63f507db80573 4 0 88 27
2 0 47 93
.63f507db897d2 1 0 48 64
.63f507dba4d0b 4 0 88 59
2 0 71 100
.63f507dbb4ad2 1 0 77 64
.63f507dbc3005 4 0 88 28
2 0 43 84
.63f507dbc4c9f 1 0 47 64
.63f507dbca0b3 4 0 88 37
2 0 72 97
4 0 64 127
4 1 64 127
4 2 64 127
.63f507dbdba17 1 0 71 64
.63f507dbe9339 4 0 88 119
2 0 74 106
.63f507dbf6fa3 1 0 72 64
.63f507dc04998 4 0 64 0
4 1 64 0
4 2 64 0
.63f507dc0e5c4 4 0 88 71
2 0 76 99
.63f507dc12307 4 0 88 60
2 0 48 95
.63f507dc15993 1 0 43 64
.63f507dc18d93 1 0 74 64
.63f507dc248c4 1 0 67 64
.63f507dc33243 4 0 88 14
2 0 69 94
.63f507dc59661 4 0 88 94
2 0 67 97
.63f507dc5de20 1 0 69 64
.63f507dc5eafd 4 0 88 96
2 0 47 102
.63f507dc653ce 1 0 48 64
.63f507dc7c378 4 0 88 71
2 0 69 99
.63f507dc8aaf3 1 0 67 64
.63f507dc9ac56 4 0 88 58
2 0 45 86
.63f507dca4901 4 0 88 96
2 0 65 102
.63f507dca6983 1 0 47 64
.63f507dca8efc 1 0 69 64
.63f507dccdd79 4 0 88 24
2 0 69 98
.63f507dcea98f 1 0 76 64
.63f507dcf0037 4 0 88 90
2 0 50 88
.63f507dcf1ff1 4 0 88 94
2 0 71 97
.63f507dcf7660 1 0 45 64
.63f507dd05f2c 1 0 69 64
.63f507dd11dde 4 0 88 105
2 0 72 101
.63f507dd1d484 1 0 71 64
.63f507dd3525b 4 0 88 47
2 0 74 101
.63f507dd39787 4 0 88 72
2 0 47 94
.63f507dd40d73 1 0 72 64
.63f507dd43ba6 1 0 50 64
.63f507dd4a1a4 1 0 65 64
.63f507dd5b1ff 4 0 88 48
2 0 67 96
.63f507dd7f51b 4 0 88 127
2 0 43 73
.63f507dd83054 4 0 88 47
2 0 65 101
1 0 47 64
.63f507dd86161 1 0 67 64
.63f507ddaa0ca 4 0 88 8
2 0 67 105
.63f507ddb988d 1 0 65 64
.63f507ddce1fb 4 0 88 37
2 0 48 97
.63f507ddd0588 4 0 88 47
2 0 64 101
.63f507ddd2dbd 1 0 67 64
.63f507ddd8c70 1 0 43 64
.63f507ddf7b02 4 0 88 47
2 0 67 101
.63f507de0608f 1 0 74 64
.63f507de1ba1b 4 0 88 13
2 0 69 85
.63f507de1d818 4 0 88 84
2 0 47 93
.63f507de252a0 1 0 48 64
.63f507de2a097 1 0 67 64
.63f507de3c91a 4 0 88 24
2 0 71 98
.63f507de4df6c 1 0 69 64
.63f507de64994 4 0 88 107
2 0 72 96
.63f507de6fcaf 4 0 88 72
2 0 45 94
.63f507de70c74 1 0 71 64
.63f507de76800 1 0 64 64
.63f507de819fd 1 0 47 64
.63f507de8fd0e 4 0 88 71
2 0 69 99
.63f507deb3ebe 4 0 88 24
2 0 67 80
.63f507debc3d4 1 0 45 64
.63f507debc6ef 4 0 88 96
2 0 40 49
.63f507debdfb7 1 0 69 64
.63f507debe59d 4 0 88 64
2 0 41 70
.63f507dee3551 4 0 88 2
2 0 69 95
.63f507dee477e 1 0 41 64
.63f507deefb90 1 0 67 64
.63f507df0c5c0 4 0 88 32
2 0 41 72
.63f507df0d828 4 0 88 100
2 0 62 108
.63f507df15a60 1 0 69 64
.63f507df1af8e 1 0 40 64
.63f507df1fe9c 1 0 72 64
.63f507df38169 4 0 88 7
2 0 72 90
.63f507df62200 4 0 88 47
2 0 38 101
.63f507df636b8 4 0 88 24
2 0 71 98
.63f507df68659 1 0 41 64
.63f507df88d0f 1 0 72 64
.63f507df8d723 4 0 88 94
2 0 69 97
.63f507df98442 1 0 71 64
.63f507dfa27a3 4 0 64 127
4 1 64 127
4 2 64 127
.63f507dfba9d9 1 0 62 64
.63f507dfbc6c1 4 0 88 39
2 0 43 92
.63f507dfbcf04 4 0 88 96
2 0 71 102
.63f507dfc3b0a 1 0 38 64
.63f507dfcb853 4 0 64 0
4 1 64 0
4 2 64 0
.63f507dfcc3e8 1 0 69 64
.63f507dfe2f61 4 0 64 127
4 1 64 127
4 2 64 127
.63f507dfedc42 4 0 88 45
2 0 67 87
.63f507e0081a7 1 0 43 64
.63f507e0236d5 4 0 64 0
4 1 64 0
4 2 64 0
.63f507e029578 4 0 88 0
2 0 65 100
.63f507e02b246 4 0 88 23
2 0 43 110
.63f507e02f8d8 1 0 67 64
.63f507e0642f4 4 0 88 13
2 0 67 99
.63f507e06f94e 4 0 64 127
4 1 64 127
4 2 64 127
.63f507e0726bd 1 0 65 64
.63f507e0b2fc2 4 0 64 0
4 1 64 0
4 2 64 0
.63f507e0bafc7 1 0 43 64
.63f507e0bd5da 4 0 88 78
2 0 36 89
.63f507e0c20ac 4 0 88 2
2 0 72 95
.63f507e0c3d5f 4 0 88 65
2 0 64 90
.63f507e0c7d18 1 0 71 64
.63f507e0c89ee 1 0 67 64
.63f507e1a0515 4 0 64 127
4 1 64 127
4 2 64 127
.63f507e1b4543 1 0 36 64
.63f507e1b5a99 1 0 64 64
.63f507e1bf2a4 1 0 72 64
.63f507e2d1060 4 0 64 0
4 1 64 0
4 2 64 0
.63f507e30df89 4 0 88 51
2 0 72 78
.63f507e32f834 1 0 72 64
.63f507e333831 4 0 88 23
2 0 71 76
.63f507e354e33 4 0 88 95
2 0 72 79
.63f507e35d096 1 0 71 64
.63f507e370a9b 4 0 88 82
2 0 69 80
.63f507e3748df 1 0 72 64
.63f507e396710 4 0 88 27
2 0 72 93
.63f507e399aeb 1 0 69 64
.63f507e3b6157 4 0 88 111
2 0 71 74
.63f507e3b80be 1 0 72 64
.63f507e3d5bbb 4 0 88 41
2 0 72 83
.63f507e3d72c2 1 0 71 64
.63f507e3f6c10 1 0 72 64
.63f507e3f6f56 4 0 88 24
2 0 67 80
.63f507e418daf 4 0 88 23
2 0 72 76
.63f507e41efe7 1 0 67 64
.63f507e4353c0 4 0 88 78
2 0 71 66
.63f507e43955a 1 0 72 64
.63f507e459dd8 4 0 88 11
2 0 72 81
.63f507e45eb00 1 0 71 64
.63f507e478145 4 0 88 125
2 0 65 81
.63f507e47a678 1 0 72 64
.63f507e49c744 4 0 88 78
2 0 72 76
.63f507e4a74f4 1 0 65 64
.63f507e4b8dae 4 0 88 42
2 0 71 60
.63f507e4c03e4 1 0 72 64
.63f507e4d6b59 4 0 88 11
2 0 72 81
.63f507e4da7fd 1 0 71 64
.63f507e4fd34e 1 0 72 64
.63f507e4febe4 4 0 88 20
2 0 64 89
.63f507e51fcf6 4 0 88 127
2 0 72 73
.63f507e523a23 1 0 64 64
.63f507e53cd55 4 0 88 78
2 0 71 76
.63f507e544164 1 0 72 64
.63f507e55b705 4 0 88 24
2 0 72 80
.63f507e55f34b 1 0 71 64
.63f507e57d707 1 0 72 64
.63f507e5809ec 4 0 88 20
2 0 62 89
.63f507e5a1f7d 4 0 88 7
2 0 72 90
.63f507e5a90eb 1 0 62 64
.63f507e5c1d86 4 0 88 127
2 0 71 73
.63f507e5ccfab 1 0 72 64
.63f507e5e0beb 4 0 88 112
2 0 69 82
.63f507e5e36a4 1 0 71 64
.63f507e6077c8 4 0 88 55
2 0 71 82
.63f507e60d39e 1 0 69 64
.63f507e61efbb 4 0 88 78
2 0 72 89
.63f507e62bab5 1 0 71 64
.63f507e63f016 1 0 72 64
.63f507e6417b8 4 0 88 53
2 0 69 91
.63f507e65ed28 4 0 88 53
2 0 71 91
.63f507e66aab7 1 0 69 64
.63f507e68048c 4 0 88 1
2 0 72 86
.63f507e68bc74 1 0 71 64
.63f507e6a3c81 4 0 88 24
2 0 74 66
.63f507e6a9313 4 0 88 11
2 0 76 81
.63f507e6ab84a 1 0 72 64
.63f507e6b4d30 1 0 74 64
.63f507e726e66 4 0 88 45
2 0 74 87
.63f507e73f224 1 0 76 64
.63f507e74d682 4 0 88 68
2 0 72 81
.63f507e75afa1 1 0 74 64
.63f507e7758a2 4 0 88 48
2 0 71 96
.63f507e783977 1 0 72 64
.63f507e79d795 4 0 88 118
2 0 67 95
.63f507e7be244 4 0 88 93
2 0 66 79
.63f507e7c2ff1 1 0 67 64
.63f507e7ddf9d 4 0 88 116
2 0 67 86
.63f507e7e8214 1 0 66 64
.63f507e803c50 1 0 67 64
.63f507e806677 4 0 88 55
2 0 64 82
.63f507e806b67 4 0 88 2
2 0 72 95
.63f507e8098a4 1 0 71 64
.63f507e825cdf 4 0 88 13
2 0 67 85
.63f507e827e39 1 0 64 64
.63f507e846dec 4 0 88 127
2 0 66 77
.63f507e84d96e 1 0 67 64
.63f507e866513 4 0 88 98
2 0 67 83
.63f507e86fab4 1 0 66 64
.63f507e881811 4 0 88 122
2 0 71 90
.63f507e88b3de 4 0 88 98
2 0 62 83
.63f507e88c9a6 1 0 72 64
.63f507e88ce63 1 0 67 64
.63f507e8ac278 4 0 88 13
2 0 67 85
.63f507e8ac5e8 1 0 62 64
.63f507e8c87d7 4 0 88 53
2 0 66 77
.63f507e8d07e3 1 0 67 64
.63f507e8e8a2a 4 0 88 112
2 0 67 82
.63f507e8f2686 1 0 66 64
.63f507e90d213 1 0 67 64
.63f507e90de01 4 0 88 23
2 0 60 76
.63f507e90e2fa 4 0 88 59
2 0 76 100
.63f507e917467 1 0 71 64
.63f507e931df2 4 0 88 65
2 0 67 77
.63f507e9505f3 4 0 88 53
2 0 66 77
.63f507e953a85 1 0 67 64
.63f507e9712f4 1 0 60 64
.63f507e97185b 4 0 88 7
2 0 67 90
.63f507e97b738 1 0 66 64
.63f507e997429 1 0 67 64
.63f507e997cc0 4 0 88 122
2 0 59 90
.63f507e99a82c 4 0 88 118
2 0 74 95
.63f507e9a1a8c 1 0 76 64
.63f507e9bf33e 4 0 88 122
2 0 67 77
.63f507e9dbe63 4 0 88 125
2 0 66 84
.63f507e9e323c 1 0 67 64
.63f507e9fe927 4 0 88 33
2 0 67 88
.63f507ea07490 1 0 66 64
.63f507ea0867c 1 0 59 64
.63f507ea2208d 1 0 67 64
.63f507ea22714 4 0 88 83
2 0 57 98
.63f507ea25be6 4 0 88 65
2 0 72 90
.63f507ea32a48 1 0 74 64
.63f507ea450ea 4 0 88 90
2 0 67 88
.63f507ea481ac 1 0 57 64
.63f507ea648a5 4 0 88 60
2 0 66 81
.63f507ea686ab 4 0 88 118
2 0 69 95
.63f507ea692f9 1 0 67 64
.63f507ea726f6 1 0 72 64
.63f507ea86761 4 0 88 27
2 0 64 93
.63f507ea8abf9 1 0 66 64
.63f507eaa7a82 4 0 88 87
2 0 66 75
.63f507eaaa4c2 4 0 88 0
2 0 74 100
.63f507eaae51f 1 0 64 64
.63f507eab044d 1 0 69 64
.63f507eac65c8 4 0 88 118
2 0 67 95
.63f507eacd6dd 1 0 66 64
.63f507eaec62a 4 0 88 27
2 0 64 93
.63f507eaf030d 1 0 67 64
.63f507eaf193d 4 0 88 13
2 0 72 99
.63f507eb12e4f 4 0 88 57
2 0 66 94
.63f507eb1476d 1 0 74 64
.63f507eb22afe 1 0 64 64
.63f507eb3842b 4 0 88 45
2 0 71 87
.63f507eb390d9 4 0 88 7
2 0 67 90
.63f507eb462b3 1 0 66 64
.63f507eb4a213 1 0 72 64
.63f507eb6107c 4 0 88 105
2 0 69 101
.63f507eb66fff 1 0 67 64
.63f507eb6f524 1 0 71 64
.63f507eb86325 4 0 88 20
2 0 67 89
.63f507eb87467 1 0 69 64
.63f507eb9fdcf 4 0 88 53
2 0 65 91
.63f507eba8d67 1 0 67 64
.63f507ebbc961 1 0 65 64
.63f507ebc36bd 4 0 88 122
2 0 72 90
.63f507ebc4986 4 0 88 95
2 0 64 79
.63f507ebe556b 4 0 88 48
2 0 60 96
.63f507ec08c8b 1 0 60 64
.63f507ec08fef 4 0 88 90
2 0 59 88
.63f507ec29bf8 1 0 72 64
.63f507ec2be55 4 0 88 105
2 0 60 101
.63f507ec33e67 1 0 59 64
.63f507ec4e03f 1 0 64 64
.63f507ec4fffa 1 0 60 64
.63f507ec5081b 4 0 88 85
2 0 65 84
4 0 88 58
2 0 57 86
.63f507ec52bc0 4 0 88 45
2 0 72 87
.63f507ec74fca 4 0 88 107
2 0 60 96
.63f507ec76096 1 0 57 64
.63f507ec92a38 1 0 60 64
.63f507ec955d8 4 0 88 33
2 0 59 88
.63f507eca6035 1 0 72 64
.63f507ecb6076 4 0 88 87
2 0 60 103
.63f507ecba75b 1 0 59 64
.63f507ecd70ff 4 0 88 103
2 0 55 87
.63f507ecd8c20 1 0 60 64
.63f507ecdaafc 4 0 88 118
2 0 72 95
.63f507ecdc5a6 4 0 88 84
2 0 64 93
.63f507ecde815 1 0 65 64
.63f507ecfc2b0 4 0 88 84
2 0 60 93
.63f507ed0cb64 1 0 55 64
.63f507ed1b2bb 4 0 64 127
4 1 64 127
4 2 64 127
.63f507ed1d0ef 4 0 88 122
2 0 59 77
.63f507ed1db9c 1 0 60 64
.63f507ed32d22 1 0 72 64
.63f507ed3f14c 4 0 88 68
2 0 60 105
.63f507ed4c348 1 0 59 64
.63f507ed5baa4 4 0 64 0
4 1 64 0
4 2 64 0
.63f507ed616fa 1 0 64 64
.63f507ed659fa 4 0 88 48
2 0 72 96
1 0 60 64
.63f507ed68122 4 0 88 13
2 0 53 85
.63f507ed69a34 4 0 88 13
2 0 69 85
.63f507ed8c600 4 0 88 24
2 0 60 98
.63f507eda7d35 4 0 64 127
4 1 64 127
4 2 64 127
.63f507eda98a6 4 0 88 55
2 0 59 82
.63f507eda9c6d 1 0 60 64
.63f507edb65c5 1 0 72 64
.63f507edc7455 1 0 53 64
.63f507edcb0ce 4 0 88 0
2 0 60 100
.63f507edd7ace 1 0 59 64
.63f507eddf77a 4 0 64 0
4 1 64 0
4 2 64 0
.63f507edec08f 4 0 88 37
2 0 52 97
.63f507edec257 1 0 60 64
.63f507edee1c1 4 0 88 122
2 0 67 77
.63f507edef0fb 4 0 88 13
2 0 72 85
.63f507edf39db 1 0 69 64
.63f507ee1332b 4 0 88 58
2 0 60 86
.63f507ee22e56 4 0 64 127
4 1 64 127
4 2 64 127
.63f507ee2cb02 4 0 88 1
2 0 59 86
.63f507ee2dd65 1 0 67 64
.63f507ee34083 1 0 60 64
.63f507ee37494 1 0 72 64
.63f507ee507a4 4 0 88 71
2 0 60 99
.63f507ee58f8b 1 0 59 64
.63f507ee6242e 1 0 52 64
.63f507ee9724b 4 0 88 97
2 0 50 92
.63f507ee97566 1 0 60 64
.63f507ee980a0 4 0 64 0
4 1 64 0
4 2 64 0
.63f507ee9c81f 4 0 88 70
2 0 77 85
.63f507ee9e8d4 4 0 88 97
2 0 67 92
.63f507eedba12 1 0 67 64
.63f507eee46a5 1 0 77 64
.63f507eee5b2c 1 0 50 64
.63f507eefae06 4 0 88 33
2 0 50 88
.63f507ef01dc5 4 0 88 13
2 0 77 99
.63f507ef01f87 4 0 88 71
2 0 69 99
.63f507ef24b7c 4 0 64 127
4 1 64 127
4 2 64 127
.63f507ef2799e 4 0 88 59
2 0 60 106
.63f507ef33d5d 1 0 69 64
.63f507ef35b47 1 0 50 64
.63f507ef37a65 1 0 77 64
.63f507ef4d152 1 0 60 64
.63f507ef4e5a2 4 0 88 110
2 0 50 91
.63f507ef538de 4 0 64 0
4 1 64 0
4 2 64 0
.63f507ef55c83 4 0 88 13
2 0 77 99
.63f507ef568d1 4 0 88 24
2 0 69 98
.63f507ef74a1d 4 0 88 72
2 0 60 94
.63f507ef77cdb 1 0 50 64
.63f507ef99366 4 0 88 14
2 0 59 94
.63f507ef9b7f4 4 0 88 107
2 0 74 96
.63f507ef9c1a4 1 0 60 64
.63f507efa0159 1 0 69 64
.63f507efa5a60 4 0 64 127
4 1 64 127
4 2 64 127
.63f507efa74e2 1 0 77 64
.63f507efbb9ee 4 0 88 105
2 0 57 101
.63f507efc0191 1 0 59 64
.63f507efc4181 1 0 74 64
.63f507efd487f 4 0 64 0
4 1 64 0
4 2 64 0
.63f507efdfcbb 4 0 88 78
2 0 59 89
.63f507efe1d74 4 0 88 59
2 0 79 100
.63f507efe2de9 4 0 88 122
2 0 74 90
.63f507efe6cf0 1 0 57 64
.63f507efff7a3 4 0 88 96
2 0 60 102
.63f507f001cb9 1 0 59 64
.63f507f024d79 4 0 88 59
2 0 57 106
.63f507f02756a 1 0 60 64
4 0 88 24
2 0 77 98
.63f507f036de3 1 0 79 64
.63f507f048076 4 0 88 18
2 0 59 104
.63f507f049490 1 0 57 64
.63f507f067b72 1 0 74 64
.63f507f06cc56 1 0 59 64
.63f507f06d995 4 0 88 1
2 0 76 86
.63f507f06f384 4 0 88 20
2 0 48 89
.63f507f06f698 1 0 77 64
4 0 88 83
2 0 67 98
.63f507f06fb83 4 0 88 78
2 0 47 89
.63f507f0806bf 1 0 47 64
.63f507f08f61e 4 0 88 28
2 0 59 84
.63f507f08f756 1 0 48 64
.63f507f0aa3bd 1 0 76 64
.63f507f0aa5f6 4 0 64 127
4 1 64 127
4 2 64 127
.63f507f0aecf0 4 0 88 107
2 0 72 96
.63f507f0af6a8 4 0 88 94
2 0 57 97
.63f507f0b1147 1 0 59 64
.63f507f0b9d10 1 0 67 64
.63f507f0d55f1 4 0 88 94
2 0 55 97
.63f507f0d94ac 1 0 57 64
.63f507f0d9710 1 0 72 64
.63f507f0e2198 4 0 64 0
4 1 64 0
4 2 64 0
.63f507f0e91c2 4 0 88 1
2 0 77 86
.63f507f0ef5bc 4 0 88 122
2 0 72 77
.63f507f0f6144 4 0 88 20
2 0 57 89
.63f507f1008da 1 0 55 64
.63f507f112b57 4 0 88 35
2 0 59 102
.63f507f11a862 1 0 57 64
.63f507f12ed0b 1 0 77 64
.63f507f13719a 4 0 88 13
2 0 55 99
.63f507f138e53 1 0 59 64
.63f507f13d1cd 4 0 88 94
2 0 76 97
.63f507f15ae74 4 0 88 31
2 0 57 109
.63f507f15dcb4 1 0 55 64
.63f507f174247 1 0 72 64
.63f507f17e08a 1 0 76 64
.63f507f17ff14 4 0 88 77
2 0 47 104
.63f507f18084a 1 0 57 64
.63f507f180f18 4 0 88 78
2 0 74 89
.63f507f181665 4 0 88 85
2 0 66 92
.63f507f1a4346 4 0 88 96
2 0 57 102
.63f507f1a6091 1 0 47 64
.63f507f1bf5eb 1 0 66 64
.63f507f1c42ac 4 0 88 7
2 0 55 90
.63f507f1c658f 1 0 74 64
.63f507f1c695f 4 0 64 127
4 1 64 127
4 2 64 127
.63f507f1c7fb1 4 0 88 65
2 0 71 90
.63f507f1cbc75 1 0 57 64
.63f507f1eabb9 4 0 88 57
2 0 54 94
.63f507f1ed9df 1 0 71 64
.63f507f1f176e 1 0 55 64
.63f507f207170 4 0 64 0
4 1 64 0
4 2 64 0
.63f507f209ef7 4 0 88 65
2 0 55 77
.63f507f20a580 4 0 88 28
2 0 76 84
.63f507f20c281 4 0 88 33
2 0 71 88
.63f507f21733e 1 0 54 64
.63f507f227bf6 4 0 88 87
2 0 57 103
.63f507f22e94e 1 0 55 64
.63f507f24de85 4 0 88 85
2 0 54 95
.63f507f2508d1 1 0 57 64
.63f507f254a24 4 0 88 118
2 0 74 95
.63f507f266b4c 1 0 76 64
.63f507f273a83 4 0 88 0
2 0 55 106
.63f507f27702c 1 0 54 64
.63f507f2903ff 1 0 71 64
.63f507f2974ac 1 0 55 64
.63f507f297d80 4 0 88 85
2 0 72 84
.63f507f299cf4 4 0 88 0
2 0 45 106
.63f507f29a25d 4 0 88 107
2 0 64 96
.63f507f29b4e1 1 0 74 64
.63f507f2beee8 1 0 45 64
.63f507f2bf227 4 0 88 110
2 0 55 91
.63f507f2de914 4 0 88 97
2 0 69 92
.63f507f2decbb 4 0 88 96
2 0 54 86
.63f507f2e3b20 1 0 72 64
.63f507f2e78c3 1 0 55 64
.63f507f2ec981 1 0 64 64
.63f507f2f465c 4 0 64 127
4 1 64 127
4 2 64 127
.63f507f2ffff1 4 0 88 37
2 0 52 97
.63f507f303bc3 1 0 54 64
.63f507f3065bc 1 0 69 64
.63f507f3231ca 4 0 88 33
2 0 54 76
.63f507f325916 4 0 88 112
2 0 74 82
.63f507f326df0 4 0 88 113
2 0 69 67
.63f507f32c11b 1 0 52 64
.63f507f334e0a 4 0 64 0
4 1 64 0
4 2 64 0
.63f507f3437e4 4 0 88 0
2 0 55 100
.63f507f347b35 1 0 54 64
.63f507f366808 4 0 88 118
2 0 52 95
.63f507f36b75c 4 0 88 55
2 0 72 74
.63f507f36cba9 1 0 55 64
.63f507f3766b3 1 0 74 64
.63f507f387744 4 0 88 62
2 0 54 91
.63f507f39180d 1 0 52 64
.63f507f3a3752 1 0 69 64
.63f507f3a8568 4 0 88 96
2 0 71 68
.63f507f3ab483 4 0 88 107
2 0 55 96
.63f507f3adfa4 4 0 88 107
2 0 62 96
.63f507f3af04d 1 0 72 64
.63f507f3afda9 1 0 54 64
.63f507f3ccd6f 4 0 88 90
2 0 54 48
.63f507f3cd78d 4 0 88 33
2 0 72 88
.63f507f3ce95e 1 0 55 64
.63f507f3d0d86 1 0 71 64
.63f507f3d281b 1 0 62 64
.63f507f3e80f9 4 0 88 28
2 0 55 84
.63f507f3edf19 4 0 88 59
2 0 71 67
.63f507f3f1244 1 0 54 64
.63f507f3fad92 1 0 72 64
.63f507f4080ac 4 0 88 71
2 0 57 99
.63f507f40db1b 4 0 88 98
2 0 69 83
.63f507f414ba9 1 0 55 64
.63f507f41b007 1 0 71 64
.63f507f42eca5 4 0 88 14
2 0 59 94
.63f507f43059b 4 0 88 20
2 0 67 89
.63f507f430cb2 1 0 57 64
.63f507f4342fb 1 0 69 64
.63f507f44f68a 4 0 88 103
2 0 55 87
.63f507f455adf 1 0 59 64
.63f507f456de4 1 0 67 64
.63f507f45aa27 4 0 88 96
2 0 79 102
.63f507f470a29 4 0 88 2
2 0 57 95
.63f507f47950b 4 0 88 119
2 0 78 87
.63f507f47d690 1 0 55 64
.63f507f4816e1 1 0 79 64
.63f507f49253d 4 0 88 33
2 0 59 88
.63f507f4999e3 4 0 88 2
2 0 79 95
.63f507f49bd21 1 0 57 64
.63f507f49f78b 1 0 78 64
.63f507f4bb48b 4 0 88 2
2 0 76 95
.63f507f4bba32 1 0 59 64
.63f507f4bc0f2 4 0 88 94
2 0 60 97
.63f507f4c1cab 1 0 79 64
.63f507f4df6a4 4 0 88 24
2 0 79 98
.63f507f4e154c 1 0 76 64
.63f507f5030a4 4 0 88 10
2 0 78 92
.63f507f504d82 4 0 88 24
2 0 48 80
.63f507f50b12d 1 0 79 64
.63f507f522e50 4 0 88 122
2 0 79 90
.63f507f52b25d 1 0 78 64
.63f507f545ef2 4 0 88 13
2 0 74 99
.63f507f54762b 1 0 48 64
.63f507f5479e5 4 0 88 122
2 0 47 90
.63f507f54a474 1 0 79 64
.63f507f54dd2e 1 0 60 64
.63f507f56a029 4 0 88 94
2 0 79 97
.63f507f57cbfc 1 0 74 64
.63f507f587d63 4 0 88 14
2 0 59 94
.63f507f58a996 4 0 64 127
4 1 64 127
4 2 64 127
.63f507f58b82c 4 0 88 57
2 0 78 94
.63f507f58cfad 1 0 47 64
.63f507f5964ba 1 0 79 64
.63f507f5a57a5 1 0 59 64
.63f507f5abfab 4 0 88 122
2 0 79 90
.63f507f5b8764 1 0 78 64
.63f507f5cf981 4 0 88 60
2 0 72 95
.63f507f5d088f 4 0 88 60
2 0 57 95
.63f507f5d0e7f 4 0 64 0
4 1 64 0
4 2 64 0
.63f507f5d3a63 1 0 79 64
.63f507f5f6554 4 0 88 118
2 0 79 95
.63f507f6183bd 4 0 88 14
2 0 78 89
.63f507f619c7d 4 0 88 70
2 0 45 85
.63f507f61f321 1 0 79 64
.63f507f6374c5 4 0 88 48
2 0 79 96
.63f507f63ec99 1 0 72 64
.63f507f64820a 1 0 78 64
.63f507f65ab4a 4 0 88 103
2 0 43 87
.63f507f65b922 1 0 45 64
.63f507f65ec3d 4 0 88 60
2 0 71 95
.63f507f661e2d 1 0 79 64
.63f507f665daf 1 0 57 64
.63f507f684a96 4 0 88 27
2 0 79 103
.63f507f6a3768 4 0 88 28
2 0 55 84
.63f507f6a6de8 4 0 88 33
2 0 78 93
.63f507f6aedf5 1 0 79 64
.63f507f6c3686 1 0 71 64
.63f507f6c5657 4 0 88 24
2 0 79 98
.63f507f6d8eb0 1 0 78 64
.63f507f6de9fe 1 0 43 64
.63f507f6e983f 4 0 88 2
2 0 48 95
.63f507f6ea62b 4 0 88 47
2 0 69 101
.63f507f6ecc93 1 0 79 64
.63f507f6f7b18 1 0 55 64
.63f507f710280 4 0 88 59
2 0 79 106
.63f507f71ffe4 1 0 69 64
.63f507f72d325 4 0 88 53
2 0 45 91
.63f507f72e580 4 0 88 62
2 0 78 91
.63f507f72f420 1 0 48 64
.63f507f73f1d0 1 0 79 64
.63f507f7509cd 4 0 88 117
2 0 76 100
.63f507f75b50f 1 0 78 64
.63f507f772ad9 4 0 88 96
2 0 78 86
.63f507f7742f1 4 0 88 39
2 0 50 92
.63f507f777878 1 0 45 64
.63f507f77ba77 1 0 76 64
.63f507f7933e3 4 0 88 47
2 0 79 101
.63f507f79b7e6 1 0 78 64
.63f507f7b703a 4 0 88 24
2 0 76 98
.63f507f7b9266 4 0 88 117
2 0 48 100
.63f507f7c1571 1 0 50 64
.63f507f7c42b2 1 0 79 64
.63f507f7d564c 4 0 88 61
2 0 78 97
.63f507f7e4c98 1 0 76 64
.63f507f7fa301 4 0 88 71
2 0 47 99
.63f507f7fcea2 4 0 88 71
2 0 67 99
.63f507f7fd1d5 1 0 78 64
.63f507f803bf5 1 0 48 64
.63f507f81f50a 4 0 88 96
2 0 77 102
.63f507f83fa05 4 0 88 105
2 0 76 101
.63f507f83fd95 4 0 88 112
2 0 43 82
.63f507f841b0d 1 0 47 64
.63f507f8586f5 1 0 77 64
.63f507f8614d0 4 0 88 105
2 0 74 101
.63f507f86c62a 1 0 76 64
.63f507f881a0d 4 0 88 97
2 0 76 92
.63f507f887e0c 4 0 88 116
2 0 48 86
.63f507f88e5cf 1 0 74 64
.63f507f891bba 1 0 43 64
.63f507f8a4b55 4 0 88 13
2 0 77 99
.63f507f8b0ec5 1 0 76 64
.63f507f8c8869 4 0 88 27
2 0 47 93
.63f507f8c936b 4 0 88 107
2 0 74 96
.63f507f8d0019 1 0 48 64
.63f507f8d48cd 1 0 77 64
.63f507f8d95b6 1 0 67 64
.63f507f8e4db0 4 0 88 27
2 0 76 103
.63f507f8f3544 1 0 74 64
.63f507f906fd2 4 0 88 122
2 0 45 90
.63f507f9090f2 4 0 88 18
2 0 65 104
.63f507f91165d 1 0 76 64
.63f507f916ed5 1 0 47 64
.63f507f92e0b3 4 0 88 47
2 0 76 101
.63f507f9427c9 4 0 88 85
2 0 41 84
.63f507f946ca8 1 0 45 64
.63f507f94f82f 4 0 88 35
2 0 74 102
.63f507f96be90 1 0 76 64
.63f507f971e4a 4 0 88 48
2 0 72 96
.63f507f97d72a 1 0 74 64
.63f507f988fc5 4 0 88 110
2 0 47 91
.63f507f993133 4 0 88 84
2 0 74 93
1 0 41 64
.63f507f9a120f 1 0 72 64
.63f507f9b0eb2 4 0 88 83
2 0 76 98
.63f507f9c0d78 1 0 74 64
.63f507f9d2a44 4 0 88 48
2 0 72 96
.63f507f9d4ac2 4 0 88 84
2 0 45 93
.63f507f9e13f4 1 0 76 64
.63f507f9e4e3d 1 0 47 64
.63f507f9e9a09 1 0 65 64
.63f507f9f33d0 4 0 88 105
2 0 74 101
.63f507fa04698 1 0 72 64
.63f507fa170cd 4 0 88 25
2 0 44 83
.63f507fa17494 4 0 88 97
2 0 64 92
.63f507fa1e945 1 0 74 64
.63f507fa24ca2 1 0 45 64
.63f507fa3cb4f 4 0 88 83
2 0 74 98
.63f507fa5606f 4 0 88 20
2 0 40 89
.63f507fa5b0e7 1 0 44 64
.63f507fa5d2fd 4 0 88 13
2 0 72 99
.63f507fa7787a 1 0 74 64
.63f507fa7e98a 4 0 88 48
2 0 71 96
.63f507fa8c85a 1 0 72 64
.63f507fa9f8dd 4 0 88 28
2 0 72 84
.63f507faa1f90 4 0 88 78
2 0 45 89
.63f507faa80e7 1 0 40 64
.63f507faae817 1 0 71 64
.63f507fabf5cf 4 0 88 0
2 0 74 100
.63f507facfdf7 1 0 72 64
.63f507fae2b77 4 0 88 94
2 0 71 97
.63f507fae38f0 4 0 88 60
2 0 43 95
.63f507fae50c4 1 0 45 64
.63f507faed499 1 0 74 64
.63f507fafc396 1 0 64 64
.63f507fb00661 4 0 88 94
2 0 72 97
.63f507fb0d049 1 0 71 64
.63f507fb242e6 4 0 88 122
2 0 41 90
.63f507fb264c5 4 0 88 83
2 0 62 98
.63f507fb2aba9 1 0 72 64
.63f507fb315ac 1 0 43 64
.63f507fb4c615 4 0 88 2
2 0 72 95
.63f507fb54f81 1 0 62 64
.63f507fb649e1 1 0 41 64
.63f507fb67858 4 0 88 58
2 0 38 86
.63f507fb6cfcc 4 0 88 2
2 0 71 95
.63f507fb852e7 1 0 72 64
.63f507fb8be5d 4 0 88 27
2 0 69 93
.63f507fb9882f 1 0 71 64
.63f507fbaa913 1 0 38 64
.63f507fbac588 4 0 88 33
2 0 71 88
.63f507fbb091e 4 0 88 118
2 0 50 95
.63f507fbba104 1 0 69 64
.63f507fbc8f00 4 0 88 1
2 0 72 86
.63f507fbda96b 1 0 71 64
.63f507fbea54a 4 0 88 0
2 0 69 100
.63f507fbf036e 1 0 50 64
.63f507fbf19e6 4 0 88 2
2 0 47 95
.63f507fbf7d51 1 0 72 64
.63f507fc0f57e 4 0 88 94
2 0 71 97
.63f507fc10675 1 0 69 64
.63f507fc2f3bb 4 0 88 66
2 0 68 88
.63f507fc325b5 1 0 71 64
.63f507fc3b8a2 4 0 88 60
2 0 52 95
.63f507fc3eafb 1 0 47 64
.63f507fc4d222 1 0 68 64
.63f507fc53523 4 0 88 103
2 0 69 87
.63f507fc70c32 4 0 88 91
2 0 68 89
.63f507fc7c760 4 0 88 19
2 0 54 79
.63f507fc7fcde 1 0 52 64
.63f507fc81457 1 0 69 64
.63f507fc921d0 4 0 88 85
2 0 66 92
.63f507fca762d 1 0 68 64
.63f507fcb70a4 4 0 88 73
2 0 56 78
.63f507fcb93e4 4 0 88 70
2 0 64 85
.63f507fcba618 1 0 54 64
.63f507fcc2716 1 0 66 64
.63f507fcd99cb 1 0 64 64
.63f507fcda82e 4 0 88 0
2 0 76 100
.63f507fcf68e7 4 0 88 70
2 0 52 85
.63f507fcf9523 4 0 88 118
2 0 74 95
.63f507fcfb65e 1 0 56 64
.63f507fd0295b 1 0 76 64
.63f507fd187f2 4 0 88 7
2 0 76 90
.63f507fd28380 1 0 74 64
.63f507fd39ac8 4 0 88 78
2 0 72 89
.63f507fd3e7fd 1 0 76 64
.63f507fd418b8 4 0 88 71
2 0 57 99
.63f507fd436d0 1 0 52 64
.63f507fd5eb6a 1 0 72 64
.63f507fd60bb0 4 0 88 104
2 0 74 71
.63f507fd68572 4 0 88 117
2 0 76 36
.63f507fd7e0f1 4 0 88 109
2 0 72 78
.63f507fd7eb03 1 0 57 64
.63f507fd7fc6a 1 0 76 64
.63f507fd801d6 4 0 88 33
2 0 55 88
.63f507fd86fde 1 0 74 64
.63f507fda042e 4 0 88 94
2 0 71 97
.63f507fda982d 1 0 72 64
.63f507fdbc847 4 0 88 47
2 0 69 101
.63f507fdbc9b7 4 0 88 97
2 0 53 92
.63f507fdbe63e 1 0 71 64
.63f507fdc3d07 1 0 55 64
.63f507fdd468a 1 0 69 64
.63f507fddc8e9 4 0 88 98
2 0 69 83
.63f507fddfbc2 4 0 88 125
2 0 73 84
.63f507fdf7b1c 4 0 88 45
2 0 52 87
.63f507fdfa939 1 0 53 64
.63f507fdfd5c0 4 0 88 13
2 0 67 99
.63f507fdff758 1 0 69 64
.63f507fe120f9 1 0 73 64
.63f507fe1942b 4 0 88 41
2 0 69 83
.63f507fe27daa 1 0 67 64
.63f507fe3fb6b 4 0 88 13
2 0 50 85
.63f507fe411a7 4 0 88 0
2 0 74 100
.63f507fe427f7 1 0 52 64
.63f507fe42bf2 4 0 88 7
2 0 65 90
.63f507fe48abc 1 0 69 64
.63f507fe6730e 4 0 88 53
2 0 69 91
.63f507fe86ba9 4 0 64 127
4 1 64 127
4 2 64 127
.63f507fe8769a 4 0 88 85
2 0 68 95
.63f507fe8a2f3 1 0 74 64
.63f507fe93e78 1 0 69 64
.63f507fe9d31b 1 0 65 64
.63f507feaaa04 4 0 88 96
2 0 69 68
.63f507feb648a 1 0 68 64
.63f507fec1524 4 0 64 0
4 1 64 0
4 2 64 0
.63f507fec268b 4 0 88 74
2 0 64 61
.63f507fec67dd 4 0 88 107
2 0 72 96
.63f507feca2b0 4 0 88 107
2 0 57 96
.63f507fed68d4 1 0 69 64
.63f507fee6328 4 0 88 33
2 0 69 88
.63f507feed3c8 4 0 64 127
4 1 64 127
4 2 64 127
.63f507fef30fa 1 0 50 64
.63f507fef4084 1 0 64 64
.63f507ff03836 1 0 72 64
.63f507ff06a36 1 0 57 64
.63f507ff07967 4 0 88 108
2 0 68 93
.63f507ff14c98 1 0 69 64
.63f507ff2d075 4 0 88 98
2 0 69 83
.63f507ff2f586 1 0 68 64
.63f507ff42419 4 0 64 0
4 1 64 0
4 2 64 0
.63f507ff4e2b6 4 0 88 84
2 0 77 93
.63f507ff4fa32 1 0 69 64
.63f507ff50d61 4 0 88 127
2 0 57 73
.63f507ff521e7 4 0 88 98
2 0 62 83
.63f507ff6d215 4 0 88 27
2 0 69 93
.63f507ff79e9b 4 0 64 127
4 1 64 127
4 2 64 127
.63f507ff7b60b 1 0 77 64
.63f507ff8c0b4 1 0 57 64
.63f507ff8d34b 4 0 88 10
2 0 68 92
.63f507ff97a97 1 0 69 64
.63f507ffaf2cd 4 0 88 122
2 0 69 90
.63f507ffb817b 1 0 68 64
.63f507ffc138c 1 0 62 64
.63f507ffce2c5 4 0 88 72
2 0 76 94
.63f507ffced85 4 0 64 0
4 1 64 0
4 2 64 0
.63f507ffd17d2 4 0 88 47
2 0 60 101
.63f507ffd2768 4 0 88 39
2 0 57 92
.63f507ffd3af1 1 0 69 64
.63f507fff3a12 4 0 88 94
2 0 69 97
.63f507fffac5f 4 0 64 127
4 1 64 127
4 2 64 127
.63f5080005321 1 0 60 64
.63f5080005997 1 0 57 64
.63f50800093c4 1 0 76 64
.63f5080010c93 4 0 88 85
2 0 68 95
.63f508001ca3b 1 0 69 64
.63f508003546e 4 0 88 1
2 0 69 86
.63f508003673d 1 0 68 64
.63f5080047080 4 0 64 0
4 1 64 0
4 2 64 0
.63f508004e00d 4 0 88 85
2 0 57 84
.63f508004eb32 4 0 88 1
2 0 59 86
.63f5080055634 4 0 88 59
2 0 74 106
.63f5080057ce4 1 0 69 64
.63f5080079334 4 0 88 94
2 0 69 97
.63f508007c181 1 0 57 64
.63f508007d751 1 0 59 64
4 0 88 116
2 0 72 86
.63f5080088e7c 1 0 74 64
.63f508009c0aa 4 0 88 84
2 0 71 93
.63f508009e810 4 0 88 33
2 0 68 76
.63f508009f20e 1 0 69 64
.63f50800a7735 1 0 72 64
.63f50800b1eec 4 0 88 127
2 0 66 77
.63f50800ba7d4 4 0 88 84
2 0 69 93
.63f50800bbae0 1 0 68 64
.63f50800c0935 1 0 71 64
.63f50800d6a04 4 0 88 48
2 0 68 84
.63f50800d992f 4 0 88 7
2 0 71 90
.63f50800e00e2 1 0 66 64
.63f50800e4696 1 0 69 64
.63f50800f64fa 4 0 88 109
2 0 69 78
.63f50800f8799 4 0 88 8
2 0 77 105
.63f50800fbe46 1 0 68 64
.63f50800ff599 1 0 71 64
.63f50801181f4 4 0 88 21
2 0 66 70
.63f508011baa4 4 0 88 13
2 0 76 99
.63f508011ce2c 4 0 64 127
4 1 64 127
4 2 64 127
.63f508011d631 1 0 69 64
.63f5080132585 4 0 88 98
2 0 74 83
.63f5080139626 1 0 77 64
.63f508013a673 4 0 88 61
2 0 68 97
.63f50801422d5 1 0 66 64
.63f508014463f 1 0 76 64
.63f5080153755 1 0 68 64
.63f508015844e 4 0 88 37
2 0 69 97
.63f5080158893 4 0 88 116
2 0 72 86
.63f5080158b9c 1 0 74 64
.63f508015a668 4 0 64 0
4 1 64 0
4 2 64 0
.63f5080165906 4 0 88 27
2 0 57 103
.63f50801792ce 1 0 69 64
.63f508017f8db 4 0 88 18
2 0 74 104
.63f5080180960 4 0 88 107
2 0 65 96
.63f50801880d8 1 0 72 64
.63f508018e148 1 0 57 64
.63f50801a33cd 4 0 88 10
2 0 73 98
.63f50801a69af 4 0 88 84
2 0 64 93
.63f50801a9d92 1 0 65 64
.63f50801ad295 1 0 74 64
.63f50801c4a7e 4 0 88 27
2 0 71 103
.63f50801c7094 4 0 88 37
2 0 62 97
.63f50801cc316 1 0 73 64
.63f50801d1c7d 1 0 64 64
.63f50801e277e 4 0 88 40
2 0 73 80
.63f50801e5053 4 0 88 39
2 0 64 75
.63f50801ee2cf 1 0 62 64
.63f50801f2e9e 1 0 71 64
.63f5080205128 4 0 88 60
2 0 74 95
.63f508020d6cd 4 0 88 112
2 0 70 96
.63f5080210fab 1 0 64 64
.63f5080214701 1 0 73 64
.63f508021bce1 4 0 64 127
4 1 64 127
4 2 64 127
.63f508022862c 4 0 88 43
2 0 68 87
.63f5080228f35 4 0 88 68
2 0 71 105
.63f508022ef8e 1 0 70 64
.63f5080233647 1 0 74 64
.63f508024a55d 4 0 88 10
2 0 73 98
.63f508024edea 4 0 88 59
2 0 67 100
.63f5080252685 1 0 68 64
.63f5080254228 1 0 71 64
.63f508026af07 4 0 64 0
4 1 64 0
4 2 64 0
.63f508026ed2a 1 0 73 64
.63f5080274063 1 0 67 64
.63f5080275d27 4 0 88 110
2 0 74 91
.63f5080277641 4 0 88 82
2 0 57 110
.63f5080278bf9 4 0 88 70
2 0 65 85
.63f50802a56f2 4 0 88 24
2 0 62 98
.63f50802a599e 1 0 65 64
.63f50802a86cf 4 0 88 0
2 0 77 106
.63f50802b3ef0 1 0 74 64
.63f50802b6c72 1 0 57 64
.63f50802c86ca 4 0 88 10
2 0 61 92
.63f50802cc7ad 4 0 88 65
2 0 76 90
.63f50802d2e46 1 0 62 64
.63f50802e8378 4 0 88 48
2 0 74 96
.63f50802eb135 4 0 88 72
2 0 59 94
1 0 77 64
.63f50802f1606 1 0 61 64
.63f50802f7ce2 1 0 76 64
.63f5080308304 1 0 74 64
.63f508030870d 4 0 88 58
2 0 76 86
.63f50803089b9 4 0 88 14
2 0 61 69
.63f508031716e 1 0 59 64
.63f5080327b27 4 0 88 87
2 0 62 103
.63f508032b1d2 1 0 76 64
.63f508032b2ac 4 0 88 45
2 0 82 105
.63f50803306fb 1 0 61 64
.63f5080349a70 4 0 88 59
2 0 81 100
.63f508034edbd 4 0 88 83
2 0 59 98
.63f5080350bb1 1 0 62 64
.63f508035da4a 1 0 82 64
.63f5080363fb3 4 0 64 127
4 1 64 127
4 2 64 127
.63f5080369102 4 0 88 108
2 0 61 93
.63f508036e7bd 4 0 88 117
2 0 79 100
.63f50803799d8 1 0 81 64
.63f508037af15 1 0 59 64
.63f508038b261 4 0 88 68
2 0 57 105
.63f5080391048 4 0 88 100
2 0 77 108
.63f5080392f86 4 0 64 0
4 1 64 0
4 2 64 0
4 0 88 97
2 0 62 92
.63f5080395894 1 0 79 64
.63f508039ba83 1 0 61 64
.63f50803af910 1 0 57 64
.63f50803b7ca1 4 0 88 13
2 0 67 99
.63f50803b9b73 4 0 88 118
2 0 76 95
.63f50803bbca7 1 0 62 64
.63f50803c1160 1 0 77 64
.63f50803ccb72 4 0 88 39
2 0 74 68
.63f50803db79f 4 0 88 28
2 0 65 84
.63f50803ddfaf 1 0 76 64
.63f50803e73ea 1 0 67 64
.63f50803ecc3b 4 0 88 91
2 0 73 89
.63f50803f279c 4 0 88 97
2 0 64 92
.63f50803f4f12 1 0 74 64
.63f50803fd76c 1 0 65 64
.63f508040e261 4 0 88 8
2 0 74 77
.63f5080411b67 4 0 88 116
2 0 65 86
.63f50804173b9 1 0 73 64
.63f508041e4d2 1 0 64 64
.63f508042932b 4 0 88 117
2 0 76 100
.63f50804340a0 4 0 88 96
2 0 67 102
.63f5080434ab5 1 0 74 64
.63f50804394eb 1 0 65 64
.63f508045070a 4 0 88 122
2 0 72 90
.63f50804531d2 4 0 88 78
2 0 64 89
.63f508045bb73 1 0 67 64
.63f5080463eed 1 0 76 64
.63f5080474bd0 4 0 88 105
2 0 74 101
.63f5080476753 4 0 88 23
2 0 65 110
.63f508047762d 4 0 64 127
4 1 64 127
4 2 64 127
.63f508047f13e 1 0 64 64
.63f508047f702 1 0 72 64
.63f50804b4709 1 0 65 64
.63f50804b5ad8 4 0 88 72
2 0 63 85
.63f50804bbd68 4 0 88 50
2 0 71 107
.63f50804bee01 4 0 88 37
2 0 57 97
.63f50804bf8ba 1 0 74 64
.63f50804c6875 4 0 64 0
4 1 64 0
4 2 64 0
.63f50804ebafa 4 0 88 7
2 0 64 90
.63f50804f10f5 4 0 88 47
2 0 79 101
.63f50804f2c7c 1 0 63 64
.63f50804f67a0 1 0 71 64
.63f508050f199 4 0 88 67
2 0 63 60
.63f508050f6f3 1 0 57 64
.63f5080511400 4 0 88 125
2 0 78 84
.63f5080516630 1 0 64 64
.63f5080522c93 1 0 79 64
.63f5080533f3e 4 0 88 114
2 0 61 90
.63f50805348cb 4 0 88 0
2 0 76 100
.63f50805397ee 1 0 78 64
.63f508053a687 1 0 63 64
.63f508054e4ed 4 0 88 119
2 0 63 64
.63f5080551cc2 4 0 88 96
2 0 78 86
.63f508055c1e4 1 0 61 64
.63f50805604b7 1 0 76 64
.63f508056d96c 4 0 88 65
2 0 64 90
.63f5080571d40 1 0 63 64
4 0 88 59
2 0 84 106
.63f508057af88 1 0 78 64
.63f5080591421 4 0 88 85
2 0 61 92
.63f5080598fda 4 0 88 118
2 0 83 95
.63f5080599d99 1 0 64 64
.63f50805ae791 4 0 88 48
2 0 81 96
.63f50805b5bc7 4 0 88 85
2 0 63 92
.63f50805b7fe2 1 0 84 64
.63f50805c0199 1 0 61 64
.63f50805c0a71 1 0 83 64
.63f50805d7964 4 0 88 117
2 0 79 100
.63f50805dacdd 4 0 88 110
2 0 64 91
.63f50805dbb17 1 0 81 64
.63f50805de1b2 1 0 63 64
.63f50805f5bc0 4 0 88 7
2 0 63 53
.63f50805f6cf4 4 0 88 33
2 0 78 93
.63f508060251e 1 0 79 64
.63f5080603e82 1 0 64 64
.63f50806137b9 4 0 88 78
2 0 64 76
.63f5080613afe 4 0 88 82
2 0 79 80
.63f508061e893 1 0 78 64
.63f50806213b3 1 0 63 64
.63f508063394c 4 0 88 96
2 0 81 102
.63f5080634371 4 0 88 62
2 0 66 91
.63f50806412ff 1 0 79 64
.63f5080641fa1 1 0 64 64
.63f50806590e8 4 0 88 70
2 0 69 85
.63f50806594cb 4 0 88 41
2 0 67 83
.63f5080659a05 4 0 88 0
2 0 83 106
.63f508065a2e9 1 0 66 64
.63f5080664dc4 1 0 81 64
.63f5080672bd4 1 0 69 64
.63f5080678d3b 4 0 88 23
2 0 64 76
.63f508067c300 1 0 67 64
.63f5080690b4a 4 0 88 66
2 0 63 74
.63f508069ad29 4 0 88 85
2 0 79 84
.63f508069d0b6 1 0 64 64
.63f50806b4b39 4 0 88 42
2 0 64 60
.63f50806bebad 1 0 63 64
.63f50806c18ae 1 0 83 64
.63f50806db188 4 0 88 117
2 0 60 100
.63f50806e0434 1 0 64 64
.63f50806e8bdb 4 0 88 39
2 0 81 92
.63f50807024df 4 0 88 11
2 0 64 81
.63f5080705a25 1 0 60 64
.63f5080722243 4 0 88 14
2 0 63 69
.63f5080728f78 4 0 88 39
2 0 78 90
.63f508072a87b 1 0 64 64
.63f5080730ac8 1 0 79 64
.63f5080745397 4 0 88 8
2 0 64 70
.63f5080747d66 1 0 81 64
.63f508074f74f 1 0 63 64
.63f5080765e3c 4 0 88 53
2 0 79 91
.63f5080767246 4 0 88 90
2 0 59 88
.63f508076a870 1 0 64 64
.63f508078ba8d 4 0 88 58
2 0 64 86
.63f5080796bf7 1 0 59 64
.63f508079d386 4 0 88 1
2 0 76 86
.63f50807a5c9f 1 0 78 64
.63f50807aba60 4 0 88 87
2 0 63 75
.63f50807b1c72 1 0 64 64
.63f50807c6ef4 1 0 76 64
.63f50807c9136 4 0 64 127
4 1 64 127
4 2 64 127
.63f50807cc7ba 4 0 88 79
2 0 64 69
.63f50807d7ca2 4 0 64 0
4 1 64 0
4 2 64 0
.63f50807dc578 1 0 63 64
.63f50807e3d1a 4 0 88 96
2 0 72 102
.63f50807ec5bc 4 0 88 48
2 0 57 96
.63f50807ec948 1 0 64 64
.63f5080812b59 4 0 88 90
2 0 64 88
.63f508082dbc1 4 0 88 96
2 0 63 86
.63f508083112b 4 0 88 14
2 0 78 89
.63f5080836aa9 1 0 64 64
.63f508083c084 1 0 79 64
.63f508083e49c 4 0 64 127
4 1 64 127
4 2 64 127
.63f508084dd22 1 0 72 64
.63f5080850041 4 0 88 55
2 0 64 82
.63f50808543d4 1 0 57 64
.63f508085d62b 1 0 63 64
.63f5080871ee7 1 0 64 64
.63f50808739ba 4 0 88 94
2 0 55 97
.63f50808790da 4 0 64 0
4 1 64 0
4 2 64 0
4 0 88 14
2 0 71 94
.63f50808964d9 4 0 88 85
2 0 64 84
.63f50808afd03 1 0 55 64
.63f50808b5158 4 0 88 84
2 0 76 93
.63f50808b5ee3 4 0 88 80
2 0 63 82
.63f50808bbd55 1 0 71 64
.63f50808bfbf4 1 0 64 64
.63f50808c2214 4 0 64 127
4 1 64 127
4 2 64 127
.63f50808d2f58 1 0 78 64
.63f50808d7386 4 0 88 116
2 0 64 86
.63f50808deb3e 1 0 63 64
.63f50808f34df 4 0 88 114
2 0 54 80
.63f50808f3f74 4 0 64 0
4 1 64 0
4 2 64 0
.63f50808f51cb 1 0 76 64
.63f50808f7f26 1 0 64 64
.63f50808f8607 4 0 88 24
2 0 72 98
.63f50808f960c 4 0 88 14
2 0 81 94
.63f5080915501 4 0 88 90
2 0 64 88
.63f50809179a6 1 0 54 64
.63f5080923923 1 0 72 64
.63f5080938700 4 0 88 19
2 0 63 79
.63f508093c24e 1 0 64 64
.63f508093d76f 4 0 88 68
2 0 69 105
.63f508095a9bd 4 0 88 72
2 0 61 85
.63f508095d2c8 1 0 63 64
.63f508097c3a0 4 0 88 25
2 0 63 83
.63f508098395f 4 0 88 116
2 0 78 99
.63f50809876a5 1 0 61 64
.63f508098f3fd 1 0 81 64
.63f508099ff1d 4 0 88 39
2 0 64 92
.63f50809ae588 1 0 63 64
.63f50809bec01 1 0 69 64
.63f50809bfc6f 4 0 88 103
2 0 61 57
.63f50809c3abe 1 0 64 64
.63f50809c7237 4 0 88 47
2 0 81 101
.63f50809e03cf 4 0 88 14
2 0 63 101
.63f50809e5fe5 1 0 61 64
.63f5080a00ce2 1 0 81 64
.63f5080a047eb 1 0 63 64
.63f5080a10946 4 0 88 35
2 0 52 102
.63f5080a12c62 4 0 88 37
2 0 79 97
.63f5080a1a2af 1 0 78 64
.63f5080a461e5 4 0 88 119
2 0 78 87
.63f5080a6a4d3 4 0 88 53
2 0 54 77
.63f5080a6ac90 4 0 88 13
2 0 76 99
.63f5080a77f95 1 0 78 64
.63f5080a7b8d2 1 0 52 64
.63f5080a92d8e 4 0 88 65
2 0 75 100
.63f5080a9c381 1 0 76 64
.63f5080aafe2e 4 0 88 68
2 0 76 81
.63f5080ab8b02 4 0 88 7
2 0 55 90
.63f5080abad0b 1 0 75 64
.63f5080ac274a 1 0 54 64
.63f5080acbca6 1 0 79 64
.63f5080ad36de 4 0 88 7
2 0 78 95
.63f5080ae0396 1 0 76 64
.63f5080aef8b8 1 0 55 64
.63f5080af305b 4 0 88 37
2 0 52 97
.63f5080af6b71 4 0 88 50
2 0 74 107
.63f5080afd8f1 4 0 88 124
2 0 79 29
.63f5080b09a29 1 0 78 64
.63f5080b16e62 4 0 88 84
2 0 76 93
.63f5080b1a4fe 1 0 74 64
.63f5080b39ce5 4 0 88 14
2 0 57 94
.63f5080b3ef98 4 0 88 92
2 0 73 101
.63f5080b3f247 1 0 76 64
.63f5080b41e42 1 0 52 64
.63f5080b5c998 1 0 57 64
.63f5080b5efa9 4 0 88 60
2 0 62 95
.63f5080b66709 1 0 73 64
.63f5080b7c63d 4 0 88 87
2 0 69 103
.63f5080b7f7e3 4 0 88 100
2 0 61 83
.63f5080b89a4f 1 0 62 64
.63f5080b9e07e 4 0 88 7
2 0 59 90
.63f5080ba4c0c 1 0 61 64
.63f5080bbc628 4 0 88 73
2 0 61 78
.63f5080bc19ba 4 0 88 94
2 0 76 97
.63f5080bc3b83 1 0 79 64
.63f5080bcbe0b 1 0 59 64
.63f5080bdf54f 4 0 88 18
2 0 62 104
.63f5080be4b93 1 0 61 64
.63f5080c03207 4 0 88 94
2 0 79 97
.63f5080c06716 4 0 88 84
2 0 59 63
.63f5080c06e22 1 0 62 64
.63f5080c07564 4 0 88 104
2 0 60 71
.63f5080c08508 1 0 69 64
.63f5080c277c7 1 0 59 64
.63f5080c280bf 4 0 88 85
2 0 61 92
.63f5080c29418 1 0 60 64
.63f5080c2e890 1 0 79 64
.63f5080c7b8e4 4 0 88 68
2 0 78 103
.63f5080c7e36f 4 0 88 47
2 0 50 101
.63f5080c7fb1a 1 0 61 64
.63f5080c895ae 1 0 76 64
.63f5080cb035f 4 0 88 27
2 0 76 93
.63f5080cd4915 4 0 88 39
2 0 74 92
.63f5080cdcb24 4 0 88 97
2 0 52 92
.63f5080ce1e04 1 0 76 64
.63f5080cf2fa0 1 0 50 64
.63f5080cff101 4 0 88 62
2 0 73 91
.63f5080cff6fd 1 0 74 64
.63f5080d1d923 4 0 88 68
2 0 74 81
.63f5080d25232 1 0 73 64
.63f5080d26c96 4 0 88 107
2 0 54 76
.63f5080d2efdc 1 0 52 64
.63f5080d43f14 4 0 88 1
2 0 76 86
.63f5080d501fd 1 0 74 64
.63f5080d632ea 4 0 88 2
2 0 72 95
.63f5080d63c7f 4 0 88 122
2 0 50 90
.63f5080d659da 1 0 54 64
.63f5080d7dae5 1 0 78 64
.63f5080d85622 4 0 88 97
2 0 74 92
.63f5080d85bce 1 0 76 64
.63f5080d92385 1 0 72 64
.63f5080dac63f 4 0 88 35
2 0 71 102
.63f5080dae151 4 0 88 53
2 0 55 91
.63f5080db4a92 1 0 50 64
.63f5080dc7c7a 1 0 74 64
.63f5080dd3075 4 0 88 92
2 0 78 101
.63f5080df1275 4 0 88 120
2 0 54 73
.63f5080df396e 1 0 55 64
.63f5080df86b2 4 0 88 20
2 0 76 89
.63f5080e0e3f2 1 0 78 64
.63f5080e17a30 4 0 88 125
2 0 75 84
.63f5080e26fe7 1 0 76 64
.63f5080e3c021 4 0 88 119
2 0 76 70
.63f5080e3c2ea 4 0 88 13
2 0 55 85
.63f5080e44583 1 0 54 64
.63f5080e50003 1 0 75 64
.63f5080e5f4e0 4 0 88 85
2 0 78 95
.63f5080e78871 1 0 76 64
.63f5080e8110e 4 0 88 110
2 0 52 91
.63f5080e8623c 1 0 55 64
.63f5080e8e42d 4 0 88 39
2 0 74 92
.63f5080e9991f 1 0 78 64
.63f5080ea9f04 4 0 88 112
2 0 76 82
.63f5080ebd175 1 0 74 64
.63f5080f22346 4 0 64 127
4 1 64 127
4 2 64 127
.63f5080f9bc28 4 0 88 67
2 0 57 50
.63f5080f9d4c3 4 0 88 88
2 0 73 98
.63f5080fa4277 1 0 71 64
.63f5080faede5 4 0 64 0
4 1 64 0
4 2 64 0
.63f5080fb81c1 1 0 52 64
.63f5080ff94ef 1 0 57 64
.63f5080ffdf2b 1 0 73 64
.63f508100ba1f 4 0 88 37
2 0 57 97
.63f508100de11 4 0 88 62
2 0 73 91
.63f5081041d1f 4 0 88 13
2 0 55 99
.63f508104a9ce 4 0 88 79
2 0 71 69
.63f508104ce3c 4 0 88 8
2 0 72 77
.63f508104e1e5 1 0 57 64
.63f5081058cbf 4 0 64 127
4 1 64 127
4 2 64 127
.63f508105d2af 1 0 73 64
.63f50810615de 1 0 72 64
.63f50810652e4 1 0 55 64
.63f5081066a2a 1 0 76 64
.63f5081069088 1 0 71 64
.63f50810790f6 4 0 64 0
4 1 64 0
4 2 64 0
.63f508107b39b 4 0 88 117
2 0 71 100
.63f50810b228d 4 0 88 124
2 0 57 112
.63f50810b2584 4 0 88 85
2 0 73 92
.63f50810d9bb8 4 0 64 127
4 1 64 127
4 2 64 127
.63f50810da9a1 1 0 71 64
.63f50810e2426 1 0 57 64
.63f50810e9db1 1 0 73 64
.63f50810eb6f5 4 0 88 65
2 0 71 90
.63f5081114590 4 0 64 0
4 1 64 0
4 2 64 0
.63f508111b416 4 0 88 13
2 0 57 111
.63f508111c6ff 4 0 88 61
2 0 73 97
.63f50811345ef 1 0 71 64
.63f5081144bef 4 0 88 87
2 0 71 72
.63f5081149d00 4 0 88 48
2 0 55 96
.63f5081153533 1 0 57 64
.63f508116f364 4 0 88 0
2 0 69 100
.63f5081172141 4 0 88 38
2 0 54 99
.63f508118173e 1 0 71 64
.63f508118318a 1 0 55 64
.63f5081193ba3 4 0 88 107
2 0 67 96
.63f5081196635 1 0 69 64
.63f50811976e2 4 0 88 117
2 0 52 100
.63f5081199a55 1 0 73 64
.63f508119acb9 1 0 54 64
.63f50811bae77 4 0 88 48
2 0 69 96
.63f50811bb13a 4 0 88 107
2 0 72 96
.63f50811bb7ec 4 0 88 114
2 0 54 90
.63f50811bd7a9 1 0 67 64
.63f50811cae2f 1 0 52 64
.63f50811da0bf 4 0 88 107
2 0 55 96
.63f50811df907 1 0 54 64
.63f50811e3d45 4 0 88 13
2 0 71 99
.63f50811ec565 1 0 69 64
.63f50812029f9 4 0 88 118
2 0 69 95
.63f5081205a58 4 0 88 117
2 0 52 100
.63f508120ad68 1 0 55 64
.63f5081214ae2 4 0 88 7
2 0 67 90
.63f508121596c 1 0 71 64
.63f50812266a9 4 0 88 88
2 0 54 98
.63f5081227205 1 0 69 64
.63f508123621e 1 0 52 64
.63f5081237839 4 0 88 28
2 0 69 84
.63f508123e9b9 1 0 67 64
.63f50812606a2 4 0 88 108
2 0 51 93
.63f5081264e8e 1 0 54 64
.63f5081266b3e 4 0 88 45
2 0 66 105
.63f5081273e8c 1 0 69 64
.63f5081276ee0 1 0 72 64
.63f508129849c 4 0 88 63
2 0 72 64
.63f50812c6a81 1 0 72 64
.63f50812c6e83 1 0 66 64
.63f50812c8edf 1 0 51 64
.63f50812d6201 4 0 88 43
2 0 66 87
.63f50812d73dd 4 0 88 21
2 0 51 70
.63f5081303b2a 1 0 51 64
.63f50813071bb 1 0 66 64
.63f508130e7cb 4 0 88 14
2 0 51 101
.63f508130f47f 4 0 88 23
2 0 66 107
.63f5081338083 4 0 88 71
2 0 72 99
.63f508135fc93 4 0 88 80
2 0 49 82
.63f50813646ee 4 0 88 122
2 0 71 90
.63f5081364d0e 1 0 51 64
.63f5081384d08 4 0 88 107
2 0 69 96
.63f5081387263 1 0 72 64
.63f5081391680 1 0 71 64
.63f50813a9167 4 0 88 53
2 0 51 77
.63f50813aac4a 4 0 88 111
2 0 71 74
.63f50813b1c95 1 0 49 64
.63f50813c9a19 1 0 69 64
.63f50813cb6c2 4 0 88 20
2 0 72 89
.63f50813de733 1 0 71 64
.63f50813eda1b 4 0 88 118
2 0 69 95
.63f50813f07ec 4 0 88 60
2 0 47 95
.63f50813f6ebe 1 0 72 64
.63f50813f95aa 1 0 51 64
.63f508140c059 4 0 88 2
2 0 71 95
.63f5081416535 1 0 69 64
.63f508142da31 1 0 66 64
.63f5081430a41 4 0 88 53
2 0 67 91
.63f508143a508 4 0 88 0
2 0 52 100
.63f508143a755 1 0 71 64
.63f508143bf3f 1 0 47 64
.63f508145d5ee 4 0 88 6
2 0 66 82
.63f508147d8c2 1 0 52 64
.63f508147f9f6 4 0 88 27
2 0 47 93
.63f5081484ba2 4 0 88 71
2 0 64 99
.63f50814a0bb4 1 0 66 64
.63f50814a3a0b 4 0 88 10
2 0 63 98
.63f50814b050c 1 0 64 64
.63f50814b554e 1 0 67 64
.63f50814c7680 4 0 88 24
2 0 64 80
.63f50814cc99e 4 0 88 84
2 0 48 93
.63f50814cdd8b 1 0 63 64
.63f50814cdfa9 1 0 47 64
.63f50814e7e78 4 0 88 10
2 0 66 92
.63f508150b9d3 4 0 88 66
2 0 42 88
.63f508150eebc 4 0 88 85
2 0 67 84
.63f508151359f 1 0 48 64
.63f5081519e06 1 0 66 64
.63f50815344aa 4 0 88 78
2 0 69 89
.63f50815474ba 1 0 67 64
.63f5081555f79 4 0 88 97
2 0 71 92
.63f508155b8a4 4 0 88 117
2 0 43 100
.63f5081563789 1 0 69 64
.63f5081567e65 4 0 64 127
4 1 64 127
4 2 64 127
.63f508156862a 1 0 42 64
.63f5081576a72 4 0 88 103
2 0 69 87
.63f5081587125 1 0 71 64
.63f5081594a33 1 0 69 64
.63f508159b2ec 4 0 88 59
2 0 72 100
.63f508159c990 4 0 64 0
4 1 64 0
4 2 64 0
.63f50815ab200 4 0 88 68
2 0 45 105
.63f50815bfc9f 4 0 88 78
2 0 71 89
.63f50815c0ad8 1 0 43 64
.63f50815d9a39 1 0 64 64
.63f50815e3beb 4 0 88 51
2 0 69 78
.63f50815e4b10 1 0 72 64
.63f50815ebf07 4 0 88 59
2 0 47 106
.63f50815eca5e 1 0 71 64
.63f50815f48d6 4 0 64 127
4 1 64 127
4 2 64 127
.63f50815f56b8 1 0 45 64
.63f5081600410 4 0 64 0
4 1 64 0
4 2 64 0
.63f5081616470 4 0 88 110
2 0 67 91
.63f50816176e5 1 0 47 64
.63f50816294a4 4 0 64 127
4 1 64 127
4 2 64 127
.63f508162b6d9 1 0 69 64
.63f508163dc9d 4 0 64 0
4 1 64 0
4 2 64 0
.63f5081646a25 4 0 88 77
2 0 59 104
.63f50816470a5 4 0 88 39
2 0 69 68
.63f5081649b53 4 0 88 125
2 0 63 84
.63f508164a477 1 0 67 64
.63f508167874e 4 0 88 93
2 0 66 79
.63f5081683542 1 0 69 64
.63f508169d2cb 1 0 59 64
.63f50816a9bc2 4 0 88 122
2 0 52 90
.63f50816aa282 4 0 64 127
4 1 64 127
4 2 64 127
.63f50816abf87 4 0 88 110
2 0 67 91
.63f50816b2f92 4 0 64 0
4 1 64 0
4 2 64 0
.63f50816b6e70 1 0 66 64
.63f50816be1e5 1 0 63 64
.63f50816dfcea 4 0 88 103
2 0 64 87
.63f5081709010 4 0 88 66
2 0 63 88
.63f5081709ca5 4 0 88 0
2 0 40 106
.63f508171390a 1 0 64 64
.63f5081713f5f 1 0 52 64
.63f508172c82b 4 0 88 95
2 0 64 79
.63f508173e7f2 1 0 67 64
.63f50817462f2 1 0 63 64
.63f508174db0e 4 0 88 105
2 0 69 101
.63f508174e36f 4 0 88 33
2 0 42 93
.63f50817531dc 1 0 64 64
.63f5081760424 1 0 40 64
.63f5081773b33 4 0 88 14
2 0 64 94
.63f5081791b22 4 0 88 60
2 0 71 95
.63f5081798058 4 0 88 87
2 0 43 103
.63f5081799b40 1 0 64 64
.63f50817a20d3 1 0 42 64
.63f50817a5ea9 1 0 69 64
.63f50817b7c6e 4 0 64 127
4 1 64 127
4 2 64 127
.63f50817bd478 4 0 88 71
2 0 64 99
.63f50817c54dc 1 0 71 64
.63f50817eb090 4 0 88 0
2 0 45 100
.63f50817f25a2 4 0 64 0
4 1 64 0
4 2 64 0
.63f50817fa21a 1 0 43 64
.63f50817ff830 4 0 88 83
2 0 72 98
.63f508180d2f3 1 0 64 64
.63f508181d7e8 1 0 45 64
.63f50818262df 4 0 88 103
2 0 55 87
.63f5081848234 4 0 88 14
2 0 64 94
.63f508184ea9b 4 0 88 27
2 0 57 93
.63f50818589db 1 0 55 64
.63f5081870500 4 0 88 53
2 0 55 91
.63f50818779e5 1 0 57 64
.63f508189544a 1 0 55 64
.63f5081896ccc 4 0 88 25
2 0 54 83
.63f508189a12d 4 0 88 60
2 0 69 95
.63f50818b800d 1 0 64 64
.63f50818b9fa6 4 0 88 0
2 0 57 106
.63f50818bb683 1 0 54 64
.63f50818de4ec 4 0 88 72
2 0 52 94
.63f50818dfb58 4 0 88 122
2 0 67 90
.63f50818dfd78 1 0 57 64
.63f50818ecaab 1 0 69 64
.63f5081901d36 4 0 88 122
2 0 57 90
.63f5081907712 1 0 52 64
.63f508191d424 4 0 88 55
2 0 50 82
.63f508191e610 1 0 57 64
.63f50819251b0 4 0 88 25
2 0 66 83
.63f5081937bd7 1 0 72 64
.63f508193895a 1 0 67 64
.63f508194aad9 4 0 88 59
2 0 62 100
.63f508194ed74 1 0 66 64
.63f508196d511 4 0 88 114
2 0 61 90
.63f5081972fb7 4 0 88 110
2 0 38 91
.63f508197401e 1 0 50 64
.63f508197a660 4 0 88 97
2 0 36 65
.63f508197a90e 1 0 62 64
.63f5081987baa 1 0 36 64
.63f508198d4f1 4 0 88 107
2 0 62 96
.63f50819959fd 1 0 61 64
.63f50819af899 4 0 88 87
2 0 67 103
.63f50819b1760 1 0 62 64
.63f50819b297b 4 0 88 1
2 0 40 86
.63f50819c6e2a 1 0 38 64
.63f50819d6baf 4 0 88 18
2 0 62 104
.63f50819e6dd6 4 0 88 68
2 0 66 35
.63f50819f5898 1 0 67 64
.63f50819fa577 4 0 88 27
2 0 69 103
.63f50819fdc98 4 0 88 38
2 0 42 99
.63f50819ff115 1 0 66 64
.63f5081a01ce1 4 0 64 127
4 1 64 127
4 2 64 127
1 0 62 64
.63f5081a0c828 1 0 40 64
.63f5081a2380d 4 0 88 68
2 0 62 105
.63f5081a29d1b 1 0 69 64
.63f5081a3f53d 4 0 64 0
4 1 64 0
4 2 64 0
.63f5081a3fba9 4 0 88 105
2 0 43 101
.63f5081a48d08 1 0 42 64
.63f5081a4d2ca 4 0 88 59
2 0 71 106
.63f5081a54c72 1 0 62 64
.63f5081a6c31f 1 0 43 64
.63f5081a6eb5c 4 0 88 20
2 0 54 86
.63f5081a95215 4 0 88 32
2 0 55 72
.63f5081a9b123 4 0 88 47
2 0 62 101
.63f5081abe864 1 0 55 64
.63f5081ad41fc 4 0 88 98
2 0 52 83
.63f5081ad886d 1 0 54 64
.63f5081adcc15 4 0 88 60
2 0 67 95
.63f5081ae0865 1 0 62 64
.63f5081af8774 4 0 88 47
2 0 55 101
.63f5081afd524 1 0 52 64
.63f5081b1d444 4 0 88 65
2 0 50 90
.63f5081b1d98b 1 0 55 64
.63f5081b2650a 4 0 88 57
2 0 66 94
.63f5081b35643 1 0 67 64
.63f5081b41926 4 0 88 96
2 0 55 102
.63f5081b44dab 1 0 50 64
.63f5081b6bc62 4 0 88 71
2 0 48 99
.63f5081b6fbe1 4 0 88 60
2 0 64 95
1 0 55 64
.63f5081b705ec 1 0 71 64
.63f5081b7893a 1 0 66 64
.63f5081b9387c 4 0 88 118
2 0 72 95
.63f5081b9432a 1 0 64 64
.63f5081bb42ab 4 0 88 87
2 0 71 72
.63f5081bb9c99 4 0 88 20
2 0 52 89
.63f5081bbecd9 1 0 48 64
.63f5081bc5b3c 1 0 72 64
.63f5081bd5b4a 1 0 71 64
.63f5081bd618c 4 0 88 38
2 0 72 79
.63f5081bfb443 1 0 52 64
.63f5081bfb8d7 4 0 88 18
2 0 45 104
.63f5081bfd284 4 0 88 38
2 0 77 79
.63f5081bfddc0 1 0 72 64
.63f5081c035fa 4 0 88 6
2 0 78 26
.63f5081c236bc 1 0 78 64
.63f5081c25514 4 0 88 98
2 0 72 83
.63f5081c27841 1 0 77 64
.63f5081c2a75f 4 0 88 47
2 0 74 49
.63f5081c39b13 1 0 74 64
.63f5081c45f78 1 0 72 64
.63f5081c5ac72 1 0 45 64
.63f5081c5b667 4 0 88 114
2 0 78 80
.63f5081c63467 4 0 88 7
2 0 45 119
.63f5081c8d23b 4 0 88 37
2 0 72 97
.63f5081ca3b07 1 0 78 64
.63f5081cb4dc5 4 0 88 18
2 0 48 104
.63f5081cb5789 4 0 88 0
2 0 79 106
.63f5081cb5e95 1 0 72 64
.63f5081cbaef4 1 0 45 64
.63f5081cd9e08 4 0 88 119
2 0 72 106
.63f5081cdb51e 4 0 64 127
4 1 64 127
4 2 64 127
.63f5081cee5bb 1 0 79 64
.63f5081cf3f4d 4 0 88 92
2 0 42 101
.63f5081cf48ff 1 0 48 64
.63f5081d098d0 4 0 88 48
2 0 81 96
.63f5081d0d836 4 0 88 0
2 0 83 53
.63f5081d10100 4 0 64 0
4 1 64 0
4 2 64 0
.63f5081d104ac 1 0 42 64
.63f5081d19e4f 1 0 83 64
.63f5081d30556 4 0 64 127
4 1 64 127
4 2 64 127
.63f5081d31aee 4 0 88 18
2 0 60 104
.63f5081d3baf3 1 0 72 64
.63f5081d4dad2 4 0 64 0
4 1 64 0
4 2 64 0
.63f5081d58b84 4 0 88 0
2 0 62 100
.63f5081d5a12f 4 0 88 27
2 0 69 93
.63f5081d5bf8d 1 0 60 64
.63f5081d78db4 4 0 88 110
2 0 60 91
.63f5081d82ea3 1 0 62 64
.63f5081d9d440 4 0 88 60
2 0 74 95
.63f5081d9eeac 4 0 88 35
2 0 59 102
.63f5081da9291 1 0 69 64
.63f5081da989b 1 0 60 64
.63f5081dc4633 4 0 88 109
2 0 62 107
.63f5081dc72bd 1 0 59 64
.63f5081de5ecd 4 0 88 83
2 0 57 98
.63f5081de9213 4 0 88 24
2 0 72 98
.63f5081dec2d6 1 0 62 64
.63f5081df0377 1 0 74 64
.63f5081e0a50d 4 0 88 0
2 0 62 100
.63f5081e0de37 1 0 57 64
.63f5081e2f7d6 4 0 88 20
2 0 55 89
.63f5081e30a4e 1 0 62 64
.63f5081e32ec3 4 0 88 96
2 0 71 102
.63f5081e35164 1 0 72 64
.63f5081e5f979 4 0 88 92
2 0 66 101
.63f5081e61188 1 0 55 64
.63f5081e84e71 4 0 88 112
2 0 67 82
.63f5081e8517f 1 0 66 64
.63f5081e8d4ac 4 0 88 71
2 0 74 99
.63f5081e93e40 1 0 71 64
.63f5081ea30d2 4 0 88 96
2 0 66 86
.63f5081eae42b 1 0 67 64
.63f5081eb5802 1 0 81 64
.63f5081ec36d8 4 0 88 51
2 0 64 78
.63f5081ec7022 4 0 88 60
2 0 79 95
.63f5081ec7952 1 0 66 64
1 0 74 64
.63f5081ee5198 1 0 64 64
.63f5081ee89a4 4 0 88 47
2 0 67 101
.63f5081eeac56 4 0 64 127
4 1 64 127
4 2 64 127
.63f5081eec3b1 4 0 88 59
2 0 81 106
.63f5081ef9716 4 0 64 0
4 1 64 0
4 2 64 0
.63f5081efa1f4 1 0 79 64
.63f5081f0afab 1 0 67 64
.63f5081f0cba8 4 0 88 0
2 0 62 100
.63f5081f0d7d4 4 0 88 65
2 0 78 100
.63f5081f1a72b 1 0 81 64
.63f5081f2fd6d 4 0 88 47
2 0 79 101
.63f5081f30555 1 0 62 64
.63f5081f321b8 4 0 88 107
2 0 67 96
.63f5081f388de 1 0 78 64
.63f5081f582a0 4 0 88 105
2 0 60 101
.63f5081f58e45 1 0 67 64
.63f5081f5c043 4 0 88 94
2 0 76 97
.63f5081f5f6e7 1 0 79 64
.63f5081f7e819 4 0 88 104
2 0 59 71
.63f5081f8333d 1 0 60 64
.63f5081f83a76 4 0 88 0
2 0 79 100
.63f5081f8a0c5 1 0 76 64
.63f5081f9e4cb 4 0 88 14
2 0 57 94
.63f5081fa446a 1 0 59 64
.63f5081fa74fa 4 0 88 48
2 0 78 84
.63f5081fa97f5 1 0 79 64
.63f5081fc3a3f 4 0 88 65
2 0 79 90
.63f5081fc6122 4 0 88 116
2 0 59 86
.63f5081fcecf8 1 0 78 64
.63f5081fcff4a 1 0 57 64
.63f5081fe3fcb 1 0 59 64
.63f5081fe4125 1 0 79 64
.63f5081fe7dbf 4 0 88 13
2 0 74 99
.63f5081fe86d9 4 0 88 72
2 0 62 94
.63f508200ab51 4 0 88 27
2 0 79 93
.63f508200c190 4 0 88 84
2 0 59 93
.63f50820120e7 1 0 62 64
.63f5082015462 1 0 74 64
.63f508202d8fb 4 0 88 20
2 0 78 86
4 0 88 83
2 0 57 98
.63f5082030cc3 1 0 59 64
.63f5082034057 1 0 79 64
.63f5082035d3c 4 0 64 127
4 1 64 127
4 2 64 127
.63f508204a661 4 0 88 68
2 0 59 81
.63f508204c58a 4 0 88 11
2 0 79 81
.63f5082051a66 1 0 57 64
.63f508205993f 1 0 78 64
.63f508206c35c 1 0 79 64
.63f508206e074 4 0 88 45
2 0 72 87
.63f5082070974 4 0 88 110
2 0 64 91
.63f5082070e0e 1 0 59 64
.63f508207f24e 4 0 64 0
4 1 64 0
4 2 64 0
.63f508209233d 4 0 88 14
2 0 79 94
.63f5082094aed 4 0 88 1
2 0 59 86
.63f5082098d4f 1 0 64 64
.63f5082099788 4 0 64 127
4 1 64 127
4 2 64 127
.63f50820a9cbc 1 0 72 64
.63f50820b11c6 4 0 88 6
2 0 78 82
.63f50820b1c99 4 0 88 59
2 0 57 100
.63f50820b386b 1 0 59 64
.63f50820bc0b6 1 0 79 64
.63f50820d0b53 4 0 88 28
2 0 59 84
.63f50820d17e5 4 0 88 98
2 0 79 83
.63f50820d69ca 1 0 57 64
.63f50820e3efd 1 0 78 64
.63f50820e5a71 4 0 64 0
4 1 64 0
4 2 64 0
.63f50820ef872 1 0 79 64
.63f50820f6002 4 0 88 39
2 0 71 92
.63f50820f6f39 4 0 88 118
2 0 62 95
1 0 59 64
.63f5082105f0d 4 0 64 127
4 1 64 127
4 2 64 127
.63f508211aafa 4 0 88 97
2 0 79 92
.63f508211c6d2 4 0 88 90
2 0 59 88
.63f508211ed99 1 0 62 64
.63f508212619f 1 0 71 64
.63f5082139f28 4 0 88 93
2 0 78 79
.63f508213a87f 4 0 88 118
2 0 57 95
.63f508214081f 1 0 59 64
.63f5082143cbf 1 0 79 64
.63f508215865f 4 0 88 11
2 0 79 81
.63f508215c67c 4 0 88 65
2 0 59 77
.63f50821654d3 1 0 57 64
.63f5082168e21 1 0 78 64
.63f508216f643 4 0 64 0
4 1 64 0
4 2 64 0
.63f508217d592 4 0 88 13
2 0 69 99
.63f508217f0c5 1 0 79 64
.63f50821812ad 1 0 59 64
.63f5082181506 4 0 88 59
2 0 60 100
.63f508219f7e8 4 0 88 39
2 0 59 75
.63f50821a458f 4 0 88 71
2 0 79 99
.63f50821a5a3c 1 0 69 64
.63f50821a9839 1 0 60 64
.63f50821c085e 4 0 88 94
2 0 57 97
.63f50821c1e41 4 0 88 46
2 0 78 73
.63f50821c8b2d 1 0 59 64
.63f50821cf37f 1 0 79 64
.63f50821e628a 4 0 88 39
2 0 55 92
.63f50821ea731 4 0 88 53
2 0 76 91
.63f50821ec531 1 0 57 64
.63f50821f0af3 1 0 78 64
.63f508220abb5 4 0 88 28
2 0 57 84
.63f508220c373 4 0 88 33
2 0 78 72
.63f508221528f 1 0 76 64
.63f50822170fa 1 0 55 64
.63f508222ba84 4 0 88 70
2 0 79 85
.63f508222c0df 4 0 88 72
2 0 59 94
.63f5082234600 1 0 57 64
.63f5082235361 1 0 78 64
.63f508225238d 4 0 88 110
2 0 76 91
.63f5082254c1f 4 0 88 24
2 0 60 98
.63f508225bf9b 1 0 59 64
.63f508225c9c7 1 0 79 64
.63f508227314e 4 0 88 114
2 0 78 90
.63f5082275d28 4 0 88 18
2 0 57 104
.63f508227b3ab 1 0 76 64
.63f508227cbab 1 0 60 64
.63f5082293c0c 4 0 88 72
2 0 71 94
.63f5082299447 1 0 78 64
.63f508229a979 1 0 57 64
.63f508229c27a 4 0 88 48
2 0 62 96
.63f50822b8ad4 4 0 88 27
2 0 81 103
.63f50822b93c5 4 0 88 96
2 0 60 102
.63f50822b985d 1 0 71 64
.63f50822c40a9 1 0 62 64
.63f50822dea6e 4 0 88 37
2 0 59 97
.63f50822df5f0 4 0 88 27
2 0 79 93
.63f50822e89b1 1 0 60 64
.63f50822efe40 1 0 81 64
.63f50822fe040 4 0 88 59
2 0 57 100
.63f5082302729 4 0 88 119
2 0 78 87
.63f5082302a8b 1 0 59 64
.63f508230d5d8 1 0 79 64
.63f50823210e4 4 0 88 20
2 0 59 89
.63f50823261e5 4 0 88 70
2 0 79 85
.63f508232efaf 1 0 57 64
.63f508232f635 1 0 78 64
.63f508233e77b 4 0 88 71
2 0 60 99
.63f50823476fe 4 0 88 85
2 0 81 84
.63f5082348b57 1 0 59 64
.63f50823538c8 1 0 79 64
.63f50823665a9 4 0 88 90
2 0 62 88
.63f508236cbab 4 0 88 85
2 0 78 92
.63f508236da70 1 0 60 64
.63f50823779f9 1 0 81 64
.63f5082382e3e 4 0 88 97
2 0 59 92
.63f508238b468 4 0 88 0
2 0 79 100
.63f508238c45b 1 0 62 64
.63f508239bb20 1 0 78 64
.63f50823abcea 4 0 88 24
2 0 64 98
.63f50823acd0e 1 0 59 64
.63f50823adfd5 4 0 88 71
2 0 72 99
.63f50823ae60b 1 0 79 64
.63f50823cd1e9 4 0 88 94
2 0 62 97
.63f50823ce305 4 0 88 8
2 0 83 105
.63f50823d0340 1 0 72 64
.63f50823d2332 1 0 64 64
.63f50823efa97 4 0 88 18
2 0 60 104
.63f50823f1119 4 0 88 48
2 0 81 96
.63f50823f897f 1 0 62 64
.63f50824019c4 1 0 83 64
.63f508240c5ce 4 0 88 33
2 0 59 88
.63f508240d99a 1 0 60 64
.63f50824160ce 4 0 88 94
2 0 79 97
.63f508241b2ad 1 0 81 64
.63f508243181a 4 0 88 107
2 0 60 96
.63f5082435e6e 4 0 88 2
2 0 81 95
.63f5082437522 1 0 79 64
.63f508243d0cc 1 0 59 64
.63f5082451d1b 4 0 88 118
2 0 62 95
.63f5082457449 4 0 88 50
2 0 83 107
.63f508245a7ba 1 0 60 64
.63f50824659b1 1 0 81 64
.63f508247741f 1 0 62 64
.63f508247761b 4 0 88 72
2 0 64 94
.63f5082478b96 4 0 88 0
2 0 79 106
.63f5082487118 1 0 83 64
.63f508249610f 4 0 88 62
2 0 66 91
.63f508249b4fe 4 0 88 92
2 0 81 109
.63f508249fce8 1 0 64 64
.63f50824a9755 1 0 79 64
.63f50824bc083 4 0 88 117
2 0 67 100
.63f50824bf35f 4 0 88 73
2 0 83 111
.63f50824cb776 1 0 66 64
.63f50824d0291 1 0 81 64
.63f50824dde0a 4 0 88 87
2 0 69 103
.63f50824e9cbf 1 0 67 64
.63f5082503e32 4 0 88 117
2 0 71 100
.63f50825047a8 4 0 88 68
2 0 79 105
.63f508250838a 1 0 69 64
.63f5082514523 1 0 83 64
.63f5082521259 4 0 88 0
2 0 72 100
.63f5082527d1b 1 0 71 64
.63f50825477e2 1 0 72 64
.63f5082547c9c 4 0 88 24
2 0 71 98
.63f5082565347 4 0 88 94
2 0 69 97
.63f508256ef79 1 0 71 64
.63f508258a32a 4 0 88 94
2 0 67 97
.63f508258fd70 4 0 88 0
2 0 71 100
.63f5082593db7 1 0 69 64
.63f5082599f18 4 0 64 127
4 1 64 127
4 2 64 127
.63f50825af37c 4 0 88 127
2 0 66 77
.63f50825b3036 4 0 88 0
2 0 74 106
.63f50825ba63c 1 0 67 64
.63f50825baac7 1 0 79 64
.63f50825c8d2a 4 0 64 0
4 1 64 0
4 2 64 0
.63f50825dc615 4 0 88 64
2 0 79 112
.63f50825dd0ca 4 0 88 1
2 0 64 86
.63f50825e5124 1 0 66 64
.63f50825e8113 1 0 74 64
.63f50825f8306 1 0 71 64
.63f50825fd6dd 1 0 64 64
.63f50826022cd 4 0 88 125
2 0 69 81
.63f50826026da 4 0 88 32
2 0 67 72
.63f50826206be 4 0 88 25
2 0 66 83
.63f5082622dde 1 0 69 64
.63f5082625183 4 0 88 97
2 0 72 92
.63f5082625682 1 0 67 64
.63f508262c73b 4 0 64 127
4 1 64 127
4 2 64 127
.63f508264132b 4 0 88 75
2 0 67 36
.63f5082648368 1 0 66 64
.63f50826682b8 4 0 88 28
2 0 62 84
.63f5082669ee1 4 0 64 0
4 1 64 0
4 2 64 0
.63f508266c11f 1 0 67 64
.63f508266f330 4 0 88 87
2 0 71 103
.63f5082672dcc 1 0 72 64
.63f50826907bc 4 0 88 83
2 0 67 98
.63f508269b2ed 1 0 62 64
.63f50826a8a4a 4 0 88 96
2 0 66 86
.63f50826b1e10 1 0 67 64
.63f50826b336b 4 0 88 83
2 0 74 98
4 0 64 127
4 1 64 127
4 2 64 127
.63f50826bbf2d 1 0 79 64
.63f50826d0773 4 0 88 110
2 0 67 91
.63f50826de0a9 1 0 66 64
.63f50826f0c45 4 0 64 0
4 1 64 0
4 2 64 0
.63f50826f4743 4 0 88 27
2 0 60 93
1 0 67 64
.63f50826f6c9a 4 0 88 68
2 0 79 105
.63f508271b8cc 4 0 88 97
2 0 67 92
.63f508273ad81 1 0 71 64
.63f508273dad5 4 0 88 2
2 0 69 95
.63f508273f338 4 0 88 114
2 0 66 80
.63f508274005d 1 0 67 64
.63f508275b456 1 0 60 64
.63f508275d1c6 4 0 64 127
4 1 64 127
4 2 64 127
.63f5082761946 4 0 88 13
2 0 67 99
.63f508276c9aa 1 0 66 64
.63f50827702a2 1 0 69 64
.63f5082779af8 1 0 67 64
.63f5082782d32 4 0 88 2
2 0 59 95
.63f508278629c 1 0 74 64
.63f5082788d3b 4 0 88 18
2 0 67 104
.63f5082789160 4 0 64 0
4 1 64 0
4 2 64 0
.63f508279e8a7 1 0 67 64
.63f50827a366c 1 0 79 64
.63f50827aa109 4 0 88 33
2 0 67 88
.63f50827bde2a 4 0 64 127
4 1 64 127
4 2 64 127
.63f50827caccd 4 0 88 40
2 0 66 80
.63f50827cbb9c 4 0 88 117
2 0 83 100
.63f50827d2758 1 0 67 64
.63f50827ef7ac 4 0 88 37
2 0 67 97
.63f50827efc41 1 0 59 64
.63f50827fa370 1 0 66 64
.63f50828128f8 1 0 67 64
.63f5082812c50 4 0 64 0
4 1 64 0
4 2 64 0
.63f50828137fb 4 0 88 50
2 0 57 107
.63f50828143cc 4 0 88 27
2 0 84 103
.63f5082819393 1 0 83 64
.63f5082836249 1 0 57 64
.63f5082839c9f 4 0 88 116
2 0 67 86
.63f5082854203 4 0 88 113
2 0 66 63
.63f508285a8ee 4 0 88 35
2 0 81 102
.63f5082865993 1 0 67 64
.63f50828726c2 4 0 88 122
2 0 64 90
.63f50828774a4 1 0 66 64
.63f5082895604 4 0 88 60
2 0 66 81
.63f50828a0f5a 4 0 88 84
2 0 74 93
.63f50828a48ca 1 0 64 64
.63f50828b413f 1 0 84 64
.63f50828b8e0e 4 0 88 0
2 0 67 100
.63f50828bba78 1 0 66 64
.63f50828d7262 4 0 64 127
4 1 64 127
4 2 64 127
.63f50828dd87e 4 0 88 125
2 0 64 81
.63f50828e03f6 4 0 88 8
2 0 84 105
.63f50828e1ba4 1 0 67 64
.63f5082902e3f 4 0 88 14
2 0 66 101
.63f508290726a 1 0 64 64
.63f5082911bf0 4 0 64 0
4 1 64 0
4 2 64 0
.63f50829172d5 1 0 84 64
.63f508292033c 1 0 66 64
.63f5082927cd8 4 0 88 59
2 0 55 100
.63f50829297a5 4 0 88 0
2 0 83 100
.63f508292a602 1 0 74 64
.63f508292ef76 1 0 81 64
.63f5082949210 1 0 55 64
.63f508294fbf0 4 0 88 109
2 0 65 78
.63f508296d4f7 4 0 88 8
2 0 64 77
.63f50829739c3 4 0 88 0
2 0 79 100
.63f5082974d20 1 0 65 64
.63f5082992a65 4 0 88 117
2 0 62 100
.63f5082997c50 1 0 64 64
.63f50829b229b 4 0 88 82
2 0 64 80
.63f50829b2d6b 1 0 79 64
.63f50829b5c7c 4 0 88 11
2 0 72 81
.63f50829ba9ea 1 0 83 64
.63f50829bbd76 1 0 62 64
.63f50829d26cd 4 0 88 110
2 0 65 91
.63f50829db625 1 0 64 64
.63f50829f4844 4 0 88 100
2 0 82 83
.63f50829f8174 4 0 88 0
2 0 62 100
.63f50829f9dc7 1 0 65 64
.63f5082a16809 4 0 64 127
4 1 64 127
4 2 64 127
.63f5082a1c221 4 0 88 105
2 0 64 101
.63f5082a1d7bc 1 0 62 64
.63f5082a2e382 1 0 82 64
.63f5082a3fe6a 4 0 88 105
2 0 53 101
.63f5082a4085c 1 0 64 64
.63f5082a42e1f 4 0 88 84
2 0 81 93
.63f5082a484ef 4 0 64 0
4 1 64 0
4 2 64 0
.63f5082a6463d 1 0 53 64
.63f5082a67f14 4 0 88 65
2 0 64 77
.63f5082a805b9 1 0 72 64
.63f5082a840f4 4 0 88 45
2 0 62 87
.63f5082a895a3 1 0 64 64
.63f5082a8a3cd 4 0 88 71
2 0 77 99
.63f5082aaf07f 4 0 88 94
2 0 60 97
.63f5082ab3948 1 0 62 64
.63f5082ac4e62 1 0 77 64
.63f5082ac9b21 4 0 88 127
2 0 71 73
.63f5082acebf6 4 0 88 39
2 0 62 75
.63f5082ad94c7 1 0 81 64
.63f5082adb238 1 0 60 64
.63f5082af1e27 4 0 88 90
2 0 64 88
.63f5082afab3c 1 0 62 64
.63f5082b1280a 4 0 88 48
2 0 60 96
.63f5082b17f23 1 0 64 64
.63f5082b18654 4 0 88 96
2 0 81 102
.63f5082b1b3cd 4 0 64 127
4 1 64 127
4 2 64 127
.63f5082b389d4 4 0 88 50
2 0 62 107
.63f5082b3a7db 1 0 60 64
.63f5082b55f98 4 0 64 0
4 1 64 0
4 2 64 0
.63f5082b57162 1 0 81 64
.63f5082b5d7b5 1 0 62 64
.63f5082b6098b 4 0 88 38
2 0 52 79
.63f5082b61130 4 0 88 110
2 0 50 91
.63f5082b6470f 4 0 88 60
2 0 79 95
.63f5082b702fc 1 0 50 64
.63f5082b84ca2 4 0 88 13
2 0 62 85
.63f5082b86065 1 0 52 64
.63f5082ba44d0 4 0 88 24
2 0 60 98
.63f5082baaa20 1 0 62 64
.63f5082bac141 4 0 88 118
2 0 76 95
.63f5082bb1ba8 1 0 71 64
.63f5082bc9f2e 4 0 88 58
2 0 59 86
.63f5082bccf2d 1 0 60 64
.63f5082bde629 1 0 76 64
.63f5082bea94b 4 0 88 116
2 0 60 86
.63f5082bead4f 4 0 88 122
2 0 69 90
.63f5082bf6080 1 0 59 64
.63f5082bfdd1d 1 0 79 64
.63f5082c02be3 4 0 64 127
4 1 64 127
4 2 64 127
.63f5082c0f852 4 0 88 60
2 0 62 95
.63f5082c15c30 1 0 60 64
.63f5082c2c8a8 4 0 88 0
2 0 79 100
.63f5082c334b8 4 0 88 2
2 0 59 95
.63f5082c34895 4 0 64 0
4 1 64 0
4 2 64 0
.63f5082c35f8c 1 0 62 64
.63f5082c56f2c 4 0 88 100
2 0 60 108
.63f5082c5a504 1 0 59 64
.63f5082c73958 1 0 79 64
.63f5082c7a0bd 4 0 88 39
2 0 77 92
.63f5082c7ca33 4 0 88 35
2 0 50 102
.63f5082c7e079 1 0 60 64
.63f5082c9f771 1 0 50 64
.63f5082ca09b8 4 0 88 90
2 0 60 88
.63f5082cbd7c3 1 0 69 64
.63f5082cbf4fd 1 0 60 64
.63f5082cc1333 4 0 88 110
2 0 59 91
.63f5082cc5019 4 0 88 39
2 0 74 92
.63f5082ce64a4 4 0 88 37
2 0 57 97
.63f5082ce9c54 1 0 59 64
.63f5082cff023 1 0 74 64
.63f5082d02c8d 4 0 88 68
2 0 67 81
.63f5082d0840e 4 0 88 20
2 0 59 89
.63f5082d11190 1 0 57 64
.63f5082d1ad7c 1 0 77 64
.63f5082d1bfff 4 0 64 127
4 1 64 127
4 2 64 127
.63f5082d27ede 4 0 88 35
2 0 60 102
.63f5082d41ddf 1 0 59 64
.63f5082d4aa1e 4 0 88 83
2 0 57 98
.63f5082d4d155 1 0 60 64
.63f5082d4ddf7 4 0 88 47
2 0 77 101
.63f5082d5c817 4 0 64 0
4 1 64 0
4 2 64 0
.63f5082d68f7a 4 0 88 47
2 0 59 101
.63f5082d7586e 1 0 57 64
.63f5082d8085b 1 0 67 64
.63f5082d8a47b 4 0 88 15
2 0 76 73
.63f5082d916fb 4 0 88 109
2 0 60 107
.63f5082d9612e 1 0 59 64
.63f5082db7021 4 0 88 82
2 0 74 80
.63f5082dc5c8e 1 0 77 64
.63f5082dcc1a1 1 0 76 64
.63f5082dd9091 4 0 88 97
2 0 72 92
.63f5082de5e2d 1 0 74 64
.63f5082dfb7fa 4 0 88 7
2 0 71 90
.63f5082e04c6f 1 0 72 64
.63f5082e19813 1 0 60 64
.63f5082e24dec 1 0 71 64
.63f5082e269ec 4 0 64 127
4 1 64 127
4 2 64 127
.63f5082e26bd4 4 0 88 59
2 0 72 67
.63f5082e27c78 4 0 88 24
2 0 74 57
.63f5082e46f8c 1 0 74 64
.63f5082e4b1b5 4 0 88 113
2 0 50 67
.63f5082e4bfc7 4 0 88 110
2 0 48 91
.63f5082e51de0 4 0 88 79
2 0 64 69
.63f5082e52078 4 0 88 127
2 0 65 73
.63f5082e5e5a3 4 0 64 0
4 1 64 0
4 2 64 0
.63f5082e6c489 1 0 50 64
.63f5082e6dc04 4 0 88 0
2 0 47 106
.63f5082e6fb7b 1 0 48 64
.63f5082e75672 4 0 88 35
2 0 62 102
.63f5082e7a1dc 1 0 65 64
.63f5082e7b0be 1 0 64 64
.63f5082e93e8b 4 0 88 31
2 0 48 109
.63f5082e9580f 4 0 88 71
2 0 64 99
.63f5082e9ced1 1 0 47 64
.63f5082ea3456 1 0 62 64
.63f5082ebc5a5 1 0 48 64
.63f5082ebda30 4 0 88 105
2 0 45 101
.63f5082ebfc15 4 0 88 68
2 0 65 105
.63f5082ec96c5 1 0 64 64
.63f5082ee5fd7 4 0 88 68
2 0 48 105
.63f5082ee7dfb 4 0 88 13
2 0 64 85
.63f5082ee85e2 1 0 45 64
.63f5082ef6d55 1 0 65 64
.63f5082f090da 4 0 88 71
2 0 47 99
.63f5082f096e7 1 0 48 64
.63f5082f09b98 4 0 88 94
2 0 62 97
.63f5082f0f35e 1 0 64 64
.63f5082f27259 4 0 88 15
2 0 64 73
.63f5082f29641 4 0 88 0
2 0 48 106
.63f5082f30d18 1 0 47 64
.63f5082f32e99 1 0 62 64
.63f5082f4c1c1 1 0 48 64
.63f5082f4c897 4 0 88 94
2 0 43 97
.63f5082f4e9bb 4 0 88 37
2 0 67 97
.63f5082f54ad3 1 0 64 64
.63f5082f6d045 4 0 88 68
2 0 48 105
.63f5082f6ee06 4 0 88 32
2 0 64 63
.63f5082f71912 1 0 43 64
.63f5082f8042f 1 0 67 64
.63f5082f8e727 4 0 88 39
2 0 47 92
.63f5082f916f5 4 0 88 20
2 0 62 89
.63f5082f94a9d 1 0 48 64
.63f5082f9650f 1 0 64 64
.63f5082f9dc02 4 0 64 127
4 1 64 127
4 2 64 127
.63f5082fb1a26 4 0 88 85
2 0 64 84
.63f5082fb46c8 4 0 88 119
2 0 48 106
.63f5082fbee37 1 0 62 64
.63f5082fbfafd 1 0 47 64
.63f5082fc9b06 4 0 64 0
4 1 64 0
4 2 64 0
.63f5082fd5e5d 4 0 88 118
2 0 69 95
.63f5082fd7c7a 1 0 48 64
.63f5082fda43a 4 0 88 94
2 0 41 97
.63f5082fdca24 1 0 64 64
.63f5082ffe3b3 4 0 88 127
2 0 64 73
4 0 88 13
2 0 48 99
.63f508302069e 4 0 88 107
2 0 47 96
.63f5083020cb9 4 0 88 48
2 0 62 96
.63f5083024755 1 0 48 64
.63f50830276c2 4 0 64 127
4 1 64 127
4 2 64 127
.63f50830285b8 1 0 64 64
.63f508303133f 1 0 69 64
.63f508303cb11 1 0 41 64
.63f508303f9dc 4 0 88 107
2 0 48 96
.63f508304187d 4 0 88 125
2 0 64 81
.63f508304e84e 1 0 47 64
.63f508304ee3f 1 0 62 64
.63f508305f201 4 0 64 0
4 1 64 0
4 2 64 0
.63f50830671a1 4 0 88 118
2 0 40 95
.63f5083067411 1 0 48 64
4 0 88 72
2 0 67 94
.63f508306c83b 1 0 64 64
.63f508308b3d9 4 0 88 118
2 0 48 95
.63f508308db70 4 0 88 90
2 0 64 88
.63f508309e78c 1 0 67 64
.63f50830ab4ae 4 0 64 127
4 1 64 127
4 2 64 127
.63f50830af68b 4 0 88 60
2 0 47 95
.63f50830b190b 4 0 88 78
2 0 62 89
.63f50830b1c18 1 0 48 64
.63f50830b3f3b 1 0 64 64
.63f50830ca7ce 4 0 88 85
2 0 64 84
.63f50830d29ab 1 0 40 64
.63f50830d48ea 1 0 72 64
.63f50830d4fec 1 0 62 64
.63f50830d5c73 4 0 88 27
2 0 48 103
.63f50830ddcb2 1 0 47 64
.63f50830e5ddd 4 0 64 0
4 1 64 0
4 2 64 0
.63f50830e6a10 1 0 64 64
.63f50830f56f6 4 0 88 8
2 0 38 105
1 0 48 64
.63f50830f96d8 4 0 88 0
2 0 65 100
4 0 88 87
2 0 76 103
.63f50830f9c6d 4 0 88 14
2 0 67 94
.63f508310217d 4 0 88 103
2 0 74 48
.63f508311b68c 4 0 88 0
2 0 48 100
.63f508311d48f 1 0 38 64
.63f5083139c88 1 0 76 64
.63f508313d012 1 0 67 64
.63f50831489cc 1 0 65 64
.63f5083157c3a 1 0 74 64
.63f5083158d04 1 0 48 64
.63f508316059c 4 0 88 31
2 0 38 109
.63f5083165482 4 0 88 59
2 0 74 106
.63f5083166d33 4 0 88 50
2 0 65 107
.63f5083187123 4 0 64 127
4 1 64 127
4 2 64 127
.63f508318de14 4 0 88 50
2 0 48 107
.63f50831abc9d 1 0 38 64
.63f50831b3810 1 0 65 64
.63f50831bec27 1 0 74 64
.63f50831bf57b 1 0 48 64
.63f50831c1ee5 4 0 88 122
2 0 38 90
.63f50831c94ba 4 0 88 119
2 0 74 106
.63f50831c99f4 4 0 88 39
2 0 65 92
.63f50831ca676 4 0 64 0
4 1 64 0
4 2 64 0
.63f50831ed5b8 4 0 88 92
2 0 48 109
.63f50831f3725 4 0 64 127
4 1 64 127
4 2 64 127
.63f50831fc37f 1 0 38 64
.63f50831fdee7 1 0 65 64
.63f5083214971 4 0 88 41
2 0 62 108
.63f508321c24a 1 0 48 64
.63f508321c725 4 0 64 0
4 1 64 0
4 2 64 0
.63f508322085e 4 0 88 71
2 0 45 99
.63f50832640d7 1 0 45 64
.63f5083265cbf 1 0 62 64
.63f5083274bdc 1 0 74 64
.63f5083280cfb 4 0 88 87
2 0 38 103
.63f5083286773 4 0 88 82
2 0 36 80
.63f508328938d 4 0 88 60
2 0 74 95
.63f508328b261 4 0 88 109
2 0 65 107
.63f508329444a 1 0 36 64
.63f50832b165f 4 0 88 124
2 0 48 112
.63f50832b4d3d 4 0 64 127
4 1 64 127
4 2 64 127
.63f50832c493f 1 0 65 64
.63f50832c9440 1 0 38 64
.63f5083302198 1 0 48 64
.63f508330256b 1 0 74 64
.63f5083308672 4 0 88 50
2 0 38 107
.63f508330fac0 4 0 64 0
4 1 64 0
4 2 64 0
.63f50833138a9 4 0 88 97
2 0 74 92
.63f5083314177 4 0 88 87
2 0 65 103
.63f508333f4ba 4 0 88 119
2 0 48 106
.63f5083343931 1 0 38 64
.63f5083344608 4 0 64 127
4 1 64 127
4 2 64 127
.63f5083346970 1 0 65 64
.63f508336451f 4 0 88 41
2 0 62 108
.63f50833659ce 4 0 88 77
2 0 45 104
.63f508337065a 4 0 64 0
4 1 64 0
4 2 64 0
.63f5083374847 1 0 48 64
.63f50833952bf 4 0 88 111
2 0 47 58
.63f508339addd 1 0 45 64
.63f50833a2ddb 1 0 47 64
.63f50833aa4c8 1 0 62 64
.63f50833b721f 1 0 74 64
.63f50833c3cbf 4 0 88 0
2 0 38 100
.63f50833d2334 4 0 88 90
2 0 74 88
.63f50833d424c 4 0 88 96
2 0 65 102
.63f5083400ef4 4 0 88 92
2 0 48 109
.63f5083402de5 4 0 64 127
4 1 64 127
4 2 64 127
.63f508340f572 1 0 38 64
.63f5083413333 1 0 65 64
.63f50834403e2 4 0 88 0
2 0 62 106
.63f50834414a9 4 0 88 83
2 0 47 98
.63f50834434c8 4 0 64 0
4 1 64 0
4 2 64 0
.63f50834495e0 1 0 48 64
.63f508346fb5e 4 0 88 8
2 0 45 105
.63f5083474bd3 1 0 47 64
.63f5083492634 4 0 88 7
2 0 67 90
.63f508349729d 4 0 88 105
2 0 47 101
.63f508349e8ff 1 0 62 64
.63f50834a2ab7 1 0 45 64
.63f50834ba052 4 0 88 92
2 0 48 109
.63f50834bdde4 1 0 47 64
.63f50834deab9 4 0 88 84
2 0 65 93
.63f50834e0277 4 0 88 83
2 0 45 98
.63f50834e17bf 1 0 48 64
.63f50834e8d32 1 0 67 64
.63f5083505baa 4 0 88 105
2 0 47 101
.63f5083511fec 1 0 45 64
.63f5083524eac 1 0 74 64
.63f508356b42a 4 0 64 127
4 1 64 127
4 2 64 127
.63f5083574857 4 0 88 47
2 0 48 101
.63f508357acc8 1 0 47 64
.63f50835916d7 4 0 88 94
2 0 64 97
.63f508359621f 1 0 65 64
.63f508359d0bd 4 0 64 0
4 1 64 0
4 2 64 0
.63f50835d76c5 4 0 88 118
2 0 67 95
.63f50836060ed 4 0 88 20
2 0 65 89
.63f5083606dca 1 0 67 64
.63f508360d995 4 0 88 13
2 0 50 99
.63f508361e460 1 0 48 64
.63f5083632f90 4 0 88 90
2 0 67 88
.63f508363d7f8 1 0 65 64
.63f50836b0a56 4 0 88 20
2 0 72 89
.63f50836b68b5 4 0 88 59
2 0 52 100
.63f50836b7c0a 1 0 67 64
.63f50836c879b 1 0 50 64
.63f50836f0f49 4 0 88 20
2 0 67 89
.63f508371a4e2 4 0 88 88
2 0 54 70
.63f508371e0aa 4 0 88 114
2 0 66 90
.63f50837257f3 1 0 67 64
.63f5083725b49 1 0 52 64
.63f5083742a6a 4 0 88 95
2 0 67 75
.63f5083742ec7 1 0 72 64
.63f5083748dad 4 0 64 127
4 1 64 127
4 2 64 127
.63f5083756c19 1 0 66 64
.63f5083767ddc 1 0 64 64
.63f50837690de 4 0 64 0
4 1 64 0
4 2 64 0
.63f508378e4cf 1 0 54 64
.63f508378fd17 1 0 67 64
.63f508379ed6b 4 0 88 27
2 0 50 93
.63f50837a3729 4 0 88 71
2 0 64 99
.63f50837d0bff 1 0 64 64
.63f50837d27a3 1 0 50 64
.63f50837dfef1 4 0 88 8
2 0 48 105
.63f50837e2707 4 0 88 20
2 0 64 89
.63f508380dec2 4 0 88 97
2 0 67 92
.63f50838362f3 4 0 88 37
2 0 65 97
.63f508383659c 4 0 88 118
2 0 50 95
.63f508383c54e 1 0 67 64
.63f5083851416 1 0 48 64
.63f508385c993 4 0 88 28
2 0 67 84
.63f5083868456 1 0 65 64
.63f50838fdfa8 4 0 88 14
2 0 72 94
.63f5083907fb5 1 0 67 64
.63f508390bace 4 0 88 65
2 0 52 90
.63f508390db3e 4 0 88 98
2 0 53 83
.63f5083919f32 1 0 53 64
1 0 50 64
.63f5083963f5e 4 0 88 117
2 0 69 100
.63f508399c565 4 0 88 59
2 0 67 100
.63f50839a189a 4 0 88 107
2 0 54 76
.63f50839ad4d4 1 0 69 64
.63f50839aecce 1 0 52 64
.63f50839b9390 1 0 72 64
.63f50839cefaf 4 0 88 71
2 0 69 99
.63f50839df0f2 4 0 64 127
4 1 64 127
4 2 64 127
.63f50839e0adb 1 0 67 64
.63f5083a03af5 4 0 88 8
2 0 55 77
.63f5083a04102 4 0 88 13
2 0 71 99
.63f5083a05175 4 0 64 0
4 1 64 0
4 2 64 0
.63f5083a05f43 1 0 64 64
.63f5083a082ba 1 0 54 64
.63f5083a14033 1 0 69 64
.63f5083a2fa39 4 0 88 55
2 0 67 82
.63f5083a596bc 4 0 88 53
2 0 43 91
.63f5083a5a2da 4 0 88 14
2 0 66 101
.63f5083a5e6d1 1 0 55 64
.63f5083a675ae 1 0 67 64
.63f5083a6ca76 1 0 71 64
.63f5083a81424 4 0 88 27
2 0 67 93
.63f5083a850b7 1 0 66 64
.63f5083ab040c 4 0 88 103
2 0 45 87
.63f5083ab1b09 4 0 88 94
2 0 77 97
.63f5083ac1df8 1 0 43 64
.63f5083addfd6 4 0 88 122
2 0 74 90
.63f5083afebac 1 0 77 64
.63f5083b09557 4 0 88 112
2 0 72 82
.63f5083b0bd3b 4 0 88 55
2 0 47 74
.63f5083b0db1f 1 0 45 64
.63f5083b119e3 1 0 74 64
.63f5083b35fca 4 0 88 59
2 0 74 100
.63f5083b43a12 1 0 72 64
.63f5083b663c6 1 0 67 64
.63f5083b67197 4 0 88 94
2 0 76 97
.63f5083b6a3d7 4 0 88 27
2 0 48 93
.63f5083b6acd1 1 0 47 64
.63f5083b6f22d 1 0 74 64
.63f5083b9c29f 4 0 88 97
2 0 67 92
.63f5083bd6658 4 0 88 104
2 0 40 71
.63f5083bdaeb9 1 0 48 64
.63f5083bdb545 4 0 88 13
2 0 72 99
.63f5083beeec0 1 0 76 64
.63f5083befff9 1 0 67 64
.63f5083c11538 4 0 88 48
2 0 64 96
.63f5083c40808 4 0 64 127
4 1 64 127
4 2 64 127
.63f5083c42e3c 1 0 64 64
.63f5083c56277 4 0 88 106
2 0 41 62
.63f5083c5b601 4 0 88 13
2 0 62 99
.63f5083c62ec5 1 0 40 64
.63f5083c6f647 4 0 64 0
4 1 64 0
4 2 64 0
.63f5083c7c89d 1 0 72 64
.63f5083c968b6 4 0 88 39
2 0 72 68
.63f5083cdf218 4 0 88 65
2 0 65 90
.63f5083ce32d6 4 0 88 74
2 0 43 59
1 0 62 64
.63f5083cecb4e 1 0 41 64
.63f5083d30cde 4 0 88 118
2 0 71 95
.63f5083d44ba1 1 0 72 64
.63f5083d56ded 4 0 64 127
4 1 64 127
4 2 64 127
.63f5083d96c74 4 0 88 95
2 0 36 75
.63f5083d98871 1 0 43 64
.63f5083dabd54 4 0 64 0
4 1 64 0
4 2 64 0
.63f5083dbc431 4 0 88 70
2 0 64 85
.63f5083dc248b 1 0 65 64
.63f5083deae23 4 0 88 7
2 0 65 90
.63f5083df0313 1 0 71 64
.63f5083e092da 4 0 88 39
2 0 67 92
.63f5083e16da3 1 0 65 64
.63f5083e28a28 4 0 88 116
2 0 71 86
.63f5083e4430e 4 0 88 60
2 0 72 95
.63f5083e51da1 1 0 71 64
.63f5083f37655 4 0 64 127
4 1 64 127
4 2 64 127
.63f5083f66707 1 0 36 64
.63f5084030476 1 0 64 64
.63f50841408c9 1 0 67 64
.63f5084148f6a 1 0 72 64
.63f508414f945 4 0 64 0
4 1 64 0
4 2 64 0
.63f508501d9a7 4 0 88 96
2 0 48 68
.63f508505d9b2 4 0 88 104
2 0 52 71
.63f508507222d 1 0 48 64
.63f508507dfda 4 0 88 38
2 0 55 79
.63f508508a303 1 0 52 64
.63f508509964a 4 0 88 116
2 0 60 54
.63f50850a21e9 1 0 55 64
.63f50850b2051 4 0 88 56
2 0 64 55
.63f50850be08c 1 0 60 64
.63f50850c614d 4 0 88 106
2 0 67 62
.63f50850d7203 1 0 64 64
.63f50850dd3ba 4 0 88 122
2 0 72 77
.63f50850e713b 1 0 67 64
.63f50850f51d6 4 0 88 104
2 0 67 71
.63f50850fb1b7 1 0 72 64
.63f50851038f4 1 0 67 64
.63f5085104c62 4 0 88 94
2 0 64 51
.63f508511444c 4 0 88 8
2 0 60 70
.63f508511a3dc 1 0 64 64
.63f508512ae22 4 0 88 64
2 0 55 70
.63f5085136b61 1 0 60 64
.63f508514810f 4 0 88 64
2 0 52 70
.63f5085151fdb 1 0 55 64
.63f508516aa0e 4 0 88 48
2 0 48 96
.63f508516ccb7 1 0 52 64
.63f5085180e55 4 0 88 121
2 0 52 59
.63f508518a723 1 0 48 64
.63f508519726f 4 0 88 95
2 0 55 79
.63f50851a477e 1 0 52 64
.63f50851a8028 4 0 88 53
2 0 60 62
.63f50851b29ef 1 0 55 64
.63f50851b9b33 4 0 88 36
2 0 64 56
.63f50851c2569 1 0 60 64
.63f50851cb148 4 0 88 8
2 0 67 70
.63f50851dd334 4 0 88 110
2 0 72 91
.63f50851de49b 1 0 64 64
.63f50851e252e 1 0 67 64
.63f50851ea963 1 0 72 64
.63f508570642e 4 0 88 24
2 0 36 57
.63f5085716c5f 1 0 36 64
.63f5085727339 4 0 88 96
2 0 36 68
.63f508573daa4 1 0 36 64
.63f5085c815a5 4 0 88 72
2 0 36 42
.63f5085c93513 1 0 36 64
.63f5085ca1924 4 0 88 96
2 0 36 60
.63f5085caf997 1 0 36 64
.63f5085edd929 4 0 88 10
2 0 36 64
.63f5085eeb417 1 0 36 64
.63f5085f46f9a 4 0 88 24
2 0 36 69
.63f5085f5a89b 1 0 36 64
.63f5085fa047b 4 0 88 127
2 0 36 61
.63f5085fafff3 1 0 36 64
.63f5085fef87a 4 0 88 23
2 0 36 45
.63f50860001a5 1 0 36 64
.63f508600e685 4 0 88 72
2 0 36 73
.63f5086021f52 1 0 36 64
.63f50860a06bb 4 0 88 85
2 0 48 84
.63f50860b2853 1 0 48 64
.63f50860f523b 4 0 88 33
2 0 48 88
.63f5086103e27 1 0 48 64
.63f508615e287 4 0 88 42
2 0 60 40
.63f50861647a8 4 0 88 4
2 0 59 20
.63f50861710c0 1 0 60 64
.63f5086176738 1 0 59 64
.63f508617d71c 4 0 88 53
2 0 60 91
.63f508618c5a4 1 0 60 64
.63f50861ea896 4 0 88 60
2 0 73 81
.63f50861f652a 1 0 73 64
.63f508624110f 4 0 88 122
2 0 72 90
.63f508625e08c 1 0 72 64
.63f5086294620 4 0 88 53
2 0 72 91
.63f50862a8d03 1 0 72 64
.63f50862f2cd7 4 0 88 122
2 0 84 77
.63f5086302e98 1 0 84 64
.63f5086312f5b 4 0 88 112
2 0 84 82
.63f5086322cb6 1 0 84 64
.63f5086387096 4 0 88 33
2 0 96 88
.63f50863957c7 1 0 96 64
.63f50863dc376 4 0 88 24
2 0 84 66
.63f50863f566f 1 0 84 64
.63f5086441dcf 4 0 88 7
2 0 72 90
.63f508646120b 1 0 72 64
.63f508649f18e 4 0 88 121
2 0 72 37
.63f50864d0e88 1 0 72 64
.63f508651dbaf 4 0 88 20
2 0 60 61
.63f508652e6d4 1 0 60 64
.63f508653a5d4 4 0 88 113
2 0 60 67
.63f508654f96b 1 0 60 64
.63f50865a2b79 4 0 88 70
2 0 48 85
.63f50865b4707 1 0 48 64
.63f50865f0afd 4 0 88 32
2 0 48 72
.63f50866079b2 1 0 48 64
.63f5086658fb8 4 0 88 78
2 0 36 76
.63f5086669e31 1 0 36 64
.63f508667d5bd 4 0 88 78
2 0 36 66
.63f508668f628 1 0 36 64
